	Sample	FileType	ARG	query-start	query-end	read_id	predicted_ARG-class	best-hit	probability	identity	alignment-length	alignment-bitscore	alignment-evalue	counts	In_CARD
Tub.16-k141_1016539_3-1..106	Tub.16	Potential	RBPA	1	106	k141_1016539_3	peptide	undefined	0.254122064	53.7	108	113	6.98e-34	1	NA
Tub.16-k141_1016539_3-1..106	Tub.16	Potential_loser	RBPA	1	106	k141_1016539_3	multidrug	undefined	0.224387602	53.7	108	113	6.98e-34	1	NA
Tub.1-k141_162512_2-2..143	Tub.1	Probable	ADP-RIBOSYLATING_TRANSFERASE_ARR	2	143	k141_162512_2	rifamycin	AF001493.1.orf0.gene.p01|FEATURES|ADP-ribosylating_transferase_arr|rifamycin|ADP-ribosylating_transferase_arr	0.999848281	74.6	142	235	1.04e-81	1	NA
Tub.11-k141_102522_1-13..143	Tub.11	Potential	DFRA3	13	143	k141_102522_1	peptide	undefined	0.300650896	58.8	131	149	2.08e-47	1	NA
Tub.11-k141_102522_1-13..143	Tub.11	Potential_loser	DFRA3	13	143	k141_102522_1	aminoglycoside	undefined	0.18938683	58.8	131	149	2.08e-47	1	NA
Tub.15-k141_75874_2-5..222	Tub.15	Probable	KDPE	5	222	k141_75874_2	aminoglycoside	NP_415222.1|FEATURES|kdpE|aminoglycoside|kdpE	0.988194436	52.8	218	219	1.02e-72	1	NA
Tub.31-k141_528214_2-9..201	Tub.31	Probable	CAMP-REGULATORY_PROTEIN	9	201	k141_528214_2	unclassified	gi:490367208:ref:WP_004246872.1:|FEATURES|cAMP-regulatory_protein|unclassified|cAMP-regulatory_protein	0.989778118	50.3	199	209	4.43e-69	1	NA
Tub.58-k141_455923_1-29..225	Tub.58	Probable	KDPE	29	225	k141_455923_1	aminoglycoside	NP_415222.1|FEATURES|kdpE|aminoglycoside|kdpE	0.981976474	63.1	198	262	3.55e-90	1	NA
Tub.31-k141_25287_3-1..380	Tub.31	Probable	ROSA	1	380	k141_25287_3	fosmidomycin	ZP_04623896|FEATURES|rosA|fosmidomycin|rosA	0.999274644	72.7	381	536	1.37e-192	1	NA
Tub.31-k141_12680_2-3..118	Tub.31	Probable	BRP(MBL)	3	118	k141_12680_2	glycopeptide	YP_007652797.1|FEATURES|BRP(MBL)|glycopeptide|BRP(MBL)	0.984930225	53.4	116	135	1.07e-42	1	NA
Tub.31-k141_363091_1-1..170	Tub.31	Potential	VEB-1	1	170	k141_363091_1	aminoglycoside	undefined	0.246427372	56.4	172	190	2.41e-62	1	NA
Tub.31-k141_363091_1-1..170	Tub.31	Potential_loser	VEB-1	1	170	k141_363091_1	peptide	undefined	0.187435154	56.4	172	190	2.41e-62	1	NA
Tub.104-k141_601386_1-4..488	Tub.104	Potential	MULTIDRUG_ABC_TRANSPORTER	4	488	k141_601386_1	multidrug	gi:516795764:ref:WP_018105258.1:|FEATURES|multidrug_ABC_transporter|multidrug|multidrug_ABC_transporter	0.486237647	58.6	486	489	2.13e-169	1	NA
Tub.104-k141_601386_1-4..488	Tub.104	Potential_loser	MULTIDRUG_ABC_TRANSPORTER	4	488	k141_601386_1	aminoglycoside	undefined	0.13264465	58.6	486	489	2.13e-169	1	NA
Tub.104-k141_489838_1-6..183	Tub.104	Potential	TRUNCATED_PUTATIVE_RESPONSE_REGULATOR_ARLR	6	183	k141_489838_1	aminoglycoside	undefined	0.314019431	50	182	141	4.89e-43	1	NA
Tub.104-k141_489838_1-6..183	Tub.104	Potential_loser	TRUNCATED_PUTATIVE_RESPONSE_REGULATOR_ARLR	6	183	k141_489838_1	unclassified	HE999704.1.gene1528.p01|FEATURES|truncated_putative_response_regulator_ArlR|unclassified|truncated_putative_response_regulator_ArlR	0.236954551	50	182	141	4.89e-43	1	NA
Tub.82-k141_125161_28-7..227	Tub.82	Potential	MTRA	7	227	k141_125161_28	aminoglycoside	undefined	0.455338239	52.7	226	212	2.30e-69	1	NA
Tub.82-k141_125161_28-7..227	Tub.82	Potential_loser	MTRA	7	227	k141_125161_28	multidrug	CCP46065.1|FEATURES|mtrA|multidrug|mtrA	0.275563162	52.7	226	212	2.30e-69	1	NA
Tub.59-k141_536448_5-7..1023	Tub.59	Potential	MDTC	7	1023	k141_536448_5	aminocoumarin	CP001918.1.gene3441.p01|FEATURES|mdtC|multidrug|mdtC	0.683805373	58.5	1024	1116	0	1	NA
Tub.59-k141_536448_5-7..1023	Tub.59	Potential_loser	MDTC	7	1023	k141_536448_5	multidrug	CP001918.1.gene3441.p01|FEATURES|mdtC|multidrug|mdtC	0.285473244	58.5	1024	1116	0	1	NA
Tub.105-k141_56919_2-17..332	Tub.105	Probable	TETA(48)	17	332	k141_56919_2	tetracycline	APB03214.1|FEATURES|tetA(48)|tetracycline|tetA(48)	0.892739785	51.1	321	316	1.73e-107	1	NA
Tub.105-k141_56919_2-17..332	Tub.105	Potential_loser	TETA(48)	17	332	k141_56919_2	aminoglycoside	undefined	0.083737329	51.1	321	316	1.73e-107	1	NA
Tub.82-k141_510172_2-47..393	Tub.82	Potential	MDTA	47	393	k141_510172_2	multidrug	CP001918.1.gene3439.p01|FEATURES|mdtA|multidrug|mdtA	0.372555085	50	358	330	7.75e-111	1	NA
Tub.82-k141_510172_2-47..393	Tub.82	Potential_loser	MDTA	47	393	k141_510172_2	aminoglycoside	undefined	0.222378031	50	358	330	7.75e-111	1	NA
Tub.59-k141_443276_2-10..286	Tub.59	Potential	SUL4	10	286	k141_443276_2	multidrug	undefined	0.273209729	51.6	289	275	6.62e-93	1	NA
Tub.59-k141_443276_2-10..286	Tub.59	Potential_loser	SUL4	10	286	k141_443276_2	peptide	undefined	0.213302542	51.6	289	275	6.62e-93	1	NA
Tub.18-k141_420135_1-107..598	Tub.18	Potential	MULTIDRUG_ABC_TRANSPORTER	107	598	k141_420135_1	multidrug	gi:664556405:ref:WP_031071225.1:|FEATURES|multidrug_ABC_transporter|multidrug|multidrug_ABC_transporter	0.327660025	69	494	642	3.64e-229	1	NA
Tub.18-k141_420135_1-107..598	Tub.18	Potential_loser	MULTIDRUG_ABC_TRANSPORTER	107	598	k141_420135_1	peptide	undefined	0.214702588	69	494	642	3.64e-229	1	NA
Tub.34-k141_679155_2-9..156	Tub.34	Probable	AAC(6')-I	9	156	k141_679155_2	aminoglycoside	AB116646.1.gene1.p01|FEATURES|aac(6')-I|aminoglycoside|aac(6')-I	0.98496005	50.3	157	138	8.99e-43	1	NA
Tub.59-k141_404825_1-18..362	Tub.59	Probable	EFRB	18	362	k141_404825_1	multidrug	CDO61516.1|FEATURES|efrB|multidrug|efrB	0.858829418	50.1	345	339	2.09e-112	1	NA
Tub.59-k141_404825_1-18..362	Tub.59	Potential_loser	EFRB	18	362	k141_404825_1	aminoglycoside	undefined	0.073815627	50.1	345	339	2.09e-112	1	NA
Tub.64-k141_220123_1-35..299	Tub.64	Potential	RM3	35	299	k141_220123_1	aminoglycoside	undefined	0.36845387	52.8	265	286	1.68e-96	1	NA
Tub.64-k141_220123_1-35..299	Tub.64	Potential_loser	RM3	35	299	k141_220123_1	multidrug	undefined	0.276972931	52.8	265	286	1.68e-96	1	NA
Tub.58-k141_661928_1-95..521	Tub.58	Probable	ROSB	95	521	k141_661928_1	fosmidomycin	gi:544012122:gb:ERK10884.1:|FEATURES|rosB|fosmidomycin|rosB	0.966226661	53.1	441	400	4.28e-136	1	NA
Tub.31-k141_363440_2-1..543	Tub.31	Probable	ROSB	1	543	k141_363440_2	fosmidomycin	gi:896190680:ref:WP_049199932.1:|FEATURES|rosB|fosmidomycin|rosB	0.999895411	56.1	561	548	9.14e-192	1	NA
Tub.30-k141_465155_1-1..103	Tub.30	Probable	BRP(MBL)	1	103	k141_465155_1	glycopeptide	YP_007652797.1|FEATURES|BRP(MBL)|glycopeptide|BRP(MBL)	0.983487587	60.2	103	135	1.11e-41	1	NA
Tub.104-k141_214663_5-1..109	Tub.104	Potential	RBPA	1	109	k141_214663_5	peptide	undefined	0.258905173	61.8	110	134	1.55e-42	1	NA
Tub.104-k141_214663_5-1..109	Tub.104	Potential_loser	RBPA	1	109	k141_214663_5	multidrug	undefined	0.225528773	61.8	110	134	1.55e-42	1	NA
Tub.85-k141_119072_95-1..1028	Tub.85	Potential	ACRB	1	1028	k141_119072_95	multidrug	gi:446414955:ref:WP_000492810.1:|FEATURES|acrB|multidrug|acrB	0.676968634	57.8	1039	1068	0	1	NA
Tub.85-k141_119072_95-1..1028	Tub.85	Potential_loser	ACRB	1	1028	k141_119072_95	aminoglycoside	undefined	0.280660043	57.8	1039	1068	0	1	NA
Tub.11-k141_113906_9-1..223	Tub.11	Probable	KDPE	1	223	k141_113906_9	aminoglycoside	NP_415222.1|FEATURES|kdpE|aminoglycoside|kdpE	0.970637329	52.6	228	214	1.87e-70	1	NA
Tub.58-k141_51373_1-23..210	Tub.58	Potential	MTRA	23	210	k141_51373_1	aminoglycoside	undefined	0.543073598	73.9	188	278	1.37e-96	1	NA
Tub.58-k141_51373_1-23..210	Tub.58	Potential_loser	MTRA	23	210	k141_51373_1	multidrug	CCP46065.1|FEATURES|mtrA|multidrug|mtrA	0.268296869	73.9	188	278	1.37e-96	1	NA
Tub.105-k141_301449_2-48..315	Tub.105	Potential	OLEC	48	315	k141_301449_2	tetracycline	undefined	0.830807275	50.6	269	238	5.22e-78	1	NA
Tub.105-k141_301449_2-48..315	Tub.105	Potential_loser	OLEC	48	315	k141_301449_2	MLS	AAA26793|FEATURES|oleC|MLS|oleC	0.072392655	50.6	269	238	5.22e-78	1	NA
Tub.82-k141_104869_5-25..1153	Tub.82	Probable	RPOB2	25	1153	k141_104869_5	multidrug	BAD59497.1|FEATURES|rpoB2|multidrug|rpoB2	0.979871993	56.1	1210	1225	0	1	NA
Tub.94-k141_509208_2-2..136	Tub.94	Probable	GOLS	2	136	k141_509208_2	multidrug	NP_459349.1|FEATURES|golS|multidrug|golS	0.997419041	57	135	152	2.38e-48	1	NA
Tub.82-k141_174961_3-3..849	Tub.82	Potential	SMEE	3	849	k141_174961_3	peptide	undefined	0.417572138	51.2	856	791	9.77e-276	1	NA
Tub.82-k141_174961_3-3..849	Tub.82	Potential_loser	SMEE	3	849	k141_174961_3	aminoglycoside	undefined	0.189146045	51.2	856	791	9.77e-276	1	NA
Tub.104-k141_241027_2-3..131	Tub.104	Probable	BLEOMYCIN_RESISTANCE_PROTEIN	3	131	k141_241027_2	glycopeptide	gi:452754543:emb:CCP89775.1:|FEATURES|bleomycin_resistance_protein|glycopeptide|bleomycin_resistance_protein	0.99999288	53	132	144	7.13e-46	1	NA
Tub.83-k141_406037_2-15..290	Tub.83	Probable	LRA	15	290	k141_406037_2	beta-lactam	EU408351.1.gene26.p01|FEATURES|LRA-12|beta-lactam|LRA	0.99998471	65.9	276	392	1.71e-138	1	NA
Tub.10-k141_388538_1-1..109	Tub.10	Potential	RBPA	1	109	k141_388538_1	peptide	undefined	0.262488561	68.2	110	149	1.79e-48	1	NA
Tub.10-k141_388538_1-1..109	Tub.10	Potential_loser	RBPA	1	109	k141_388538_1	multidrug	undefined	0.228180259	68.2	110	149	1.79e-48	1	NA
Tub.10-k141_706394_1-1..97	Tub.10	Potential	RBPA	1	97	k141_706394_1	peptide	undefined	0.258263845	61.2	98	128	3.76e-40	1	NA
Tub.10-k141_706394_1-1..97	Tub.10	Potential_loser	RBPA	1	97	k141_706394_1	multidrug	undefined	0.225389485	61.2	98	128	3.76e-40	1	NA
Tub.4-k141_92066_1-8..81	Tub.4	Probable	TRUNCATED_PUTATIVE_RESPONSE_REGULATOR_ARLR	8	81	k141_92066_1	unclassified	NC_002745.3251084.p01|FEATURES|truncated_putative_response_regulator_ArlR|unclassified|truncated_putative_response_regulator_ArlR	0.851913448	50.7	75	75.9	2.64e-19	1	NA
Tub.4-k141_92066_1-8..81	Tub.4	Potential_loser	TRUNCATED_PUTATIVE_RESPONSE_REGULATOR_ARLR	8	81	k141_92066_1	peptide	undefined	0.075576138	50.7	75	75.9	2.64e-19	1	NA
Tub.94-k141_97286_1-7..118	Tub.94	Potential	TRUNCATED_PUTATIVE_RESPONSE_REGULATOR_ARLR	7	118	k141_97286_1	aminoglycoside	undefined	0.303367799	51.3	113	109	1.89e-31	1	NA
Tub.94-k141_97286_1-7..118	Tub.94	Potential_loser	TRUNCATED_PUTATIVE_RESPONSE_REGULATOR_ARLR	7	118	k141_97286_1	unclassified	NC_002745.1124086.p01|FEATURES|truncated_putative_response_regulator_ArlR|unclassified|truncated_putative_response_regulator_ArlR	0.29604627	51.3	113	109	1.89e-31	1	NA
Tub.30-k141_114280_2-1..126	Tub.30	Probable	GOLS	1	126	k141_114280_2	multidrug	NP_459349.1|FEATURES|golS|multidrug|golS	0.997574458	58.7	126	156	5.61e-50	1	NA
Tub.85-k141_624930_1-250..1122	Tub.85	Probable	RPOB2	250	1122	k141_624930_1	multidrug	BAD59497.1|FEATURES|rpoB2|multidrug|rpoB2	0.985287321	51.2	1031	966	0	1	NA
Tub.18-k141_278846_1-8..81	Tub.18	Probable	TRUNCATED_PUTATIVE_RESPONSE_REGULATOR_ARLR	8	81	k141_278846_1	unclassified	NC_002745.3251084.p01|FEATURES|truncated_putative_response_regulator_ArlR|unclassified|truncated_putative_response_regulator_ArlR	0.874564454	50	74	78.6	1.65e-19	1	NA
Tub.18-k141_278846_1-8..81	Tub.18	Potential_loser	TRUNCATED_PUTATIVE_RESPONSE_REGULATOR_ARLR	8	81	k141_278846_1	peptide	undefined	0.064720049	50	74	78.6	1.65e-19	1	NA
Tub.26-k141_592912_1-8..262	Tub.26	Probable	KASUGAMYCIN_RESISTANCE_PROTEIN_KSGA	8	262	k141_592912_1	aminoglycoside	A7FMC1|FEATURES|kasugamycin_resistance_protein_ksgA|aminoglycoside|kasugamycin_resistance_protein_ksgA	0.999999844	52.2	255	231	2.00e-76	1	NA
Tub.104-k141_35396_1-10..151	Tub.104	Probable	AAC(3)-I	10	151	k141_35396_1	aminoglycoside	AJ511268.1.gene3.p01|FEATURES|aac(3)-I|aminoglycoside|aac(3)-I	0.999999959	60.4	149	164	3.51e-53	1	NA
Tub.26-k141_474541_2-1..119	Tub.26	Potential	MVAT	1	119	k141_474541_2	peptide	undefined	0.308741192	55	120	127	1.66e-39	1	NA
Tub.26-k141_474541_2-1..119	Tub.26	Potential_loser	MVAT	1	119	k141_474541_2	multidrug	NP_253005.1|FEATURES|MvaT|multidrug|MvaT	0.141315347	55	120	127	1.66e-39	1	NA
Tub.104-k141_312880_5-7..226	Tub.104	Potential	MTRA	7	226	k141_312880_5	aminoglycoside	undefined	0.550076252	74.5	220	328	1.09e-115	1	NA
Tub.104-k141_312880_5-7..226	Tub.104	Potential_loser	MTRA	7	226	k141_312880_5	multidrug	CCP46065.1|FEATURES|mtrA|multidrug|mtrA	0.267379738	74.5	220	328	1.09e-115	1	NA
Tub.15-k141_276886_1-1..106	Tub.15	Potential	RBPA	1	106	k141_276886_1	peptide	undefined	0.258875599	58.9	107	126	1.31e-39	1	NA
Tub.15-k141_276886_1-1..106	Tub.15	Potential_loser	RBPA	1	106	k141_276886_1	multidrug	undefined	0.225519006	58.9	107	126	1.31e-39	1	NA
Tub.105-k141_27384_3-7..226	Tub.105	Potential	MTRA	7	226	k141_27384_3	aminoglycoside	undefined	0.569773522	73.2	220	326	1.32e-114	1	NA
Tub.105-k141_27384_3-7..226	Tub.105	Potential_loser	MTRA	7	226	k141_27384_3	multidrug	CCP46065.1|FEATURES|mtrA|multidrug|mtrA	0.264742841	73.2	220	326	1.32e-114	1	NA
Tub.12-k141_248647_2-6..118	Tub.12	Potential	ADP-RIBOSYLATING_TRANSFERASE_ARR	6	118	k141_248647_2	multidrug	undefined	0.335500282	71.7	113	168	6.35e-54	1	NA
Tub.12-k141_248647_2-6..118	Tub.12	Potential_loser	ADP-RIBOSYLATING_TRANSFERASE_ARR	6	118	k141_248647_2	peptide	undefined	0.214461022	71.7	113	168	6.35e-54	1	NA
Tub.12-k141_21017_1-41..235	Tub.12	Potential	PEDO-3	41	235	k141_21017_1	aminoglycoside	undefined	0.291197794	52.3	195	227	3.49e-76	1	NA
Tub.12-k141_21017_1-41..235	Tub.12	Potential_loser	PEDO-3	41	235	k141_21017_1	peptide	undefined	0.23592347	52.3	195	227	3.49e-76	1	NA
Tub.104-k141_82614_2-1..156	Tub.104	Probable	AAC(6')-I	1	156	k141_82614_2	aminoglycoside	AB116646.1.gene1.p01|FEATURES|aac(6')-I|aminoglycoside|aac(6')-I	0.999662262	59.1	164	174	8.74e-57	1	NA
Tub.18-k141_508681_2-5..220	Tub.18	Potential	MTRA	5	220	k141_508681_2	aminoglycoside	undefined	0.591164137	74.5	216	323	1.42e-113	1	NA
Tub.18-k141_508681_2-5..220	Tub.18	Potential_loser	MTRA	5	220	k141_508681_2	multidrug	CCP46065.1|FEATURES|mtrA|multidrug|mtrA	0.261294015	74.5	216	323	1.42e-113	1	NA
Tub.15-k141_334948_2-4..120	Tub.15	Potential	TRUNCATED_PUTATIVE_RESPONSE_REGULATOR_ARLR	4	120	k141_334948_2	unclassified	NC_002745.1124086.p01|FEATURES|truncated_putative_response_regulator_ArlR|unclassified|truncated_putative_response_regulator_ArlR	0.319376255	51.7	118	123	3.23e-36	1	NA
Tub.15-k141_334948_2-4..120	Tub.15	Potential_loser	TRUNCATED_PUTATIVE_RESPONSE_REGULATOR_ARLR	4	120	k141_334948_2	aminoglycoside	undefined	0.296999271	51.7	118	123	3.23e-36	1	NA
Tub.85-k141_128060_14-1..126	Tub.85	Probable	GOLS	1	126	k141_128060_14	multidrug	NP_459349.1|FEATURES|golS|multidrug|golS	0.996764735	54	126	143	9.47e-45	1	NA
Tub.4-k141_976272_1-4..118	Tub.4	Potential	TRUNCATED_PUTATIVE_RESPONSE_REGULATOR_ARLR	4	118	k141_976272_1	unclassified	NC_002745.1124086.p01|FEATURES|truncated_putative_response_regulator_ArlR|unclassified|truncated_putative_response_regulator_ArlR	0.342964907	54.3	116	130	2.79e-39	1	NA
Tub.4-k141_976272_1-4..118	Tub.4	Potential_loser	TRUNCATED_PUTATIVE_RESPONSE_REGULATOR_ARLR	4	118	k141_976272_1	aminoglycoside	undefined	0.289478615	54.3	116	130	2.79e-39	1	NA
Tub.18-k141_102989_2-1..116	Tub.18	Probable	EMRE	1	116	k141_102989_2	multidrug	NC_008702.1.4608023.p01|FEATURES|emrE|multidrug|emrE	0.994710134	71.6	116	160	6.68e-53	1	NA
Tub.51-k141_118050_2-9..208	Tub.51	Probable	MEXL	9	208	k141_118050_2	multidrug	NP_252368.1|FEATURES|MexL|multidrug|MexL	0.994769086	50.2	201	183	5.30e-59	1	NA
Tub.85-k141_335872_1-1..181	Tub.85	Probable	KDPE	1	181	k141_335872_1	aminoglycoside	NP_415222.1|FEATURES|kdpE|aminoglycoside|kdpE	0.920461747	52.5	181	167	6.57e-53	1	NA
Tub.82-k141_224751_1-7..214	Tub.82	Probable	OMPR	7	214	k141_224751_1	multidrug	NC_008702.1.4607594.p01|FEATURES|ompR|multidrug|ompR	0.983643066	50.5	210	190	2.52e-61	1	NA
Tub.59-k141_71826_1-1..132	Tub.59	Probable	GOLS	1	132	k141_71826_1	multidrug	NP_459349.1|FEATURES|golS|multidrug|golS	0.997641562	59.1	132	154	2.82e-49	1	NA
Tub.82-k141_385675_16-9..262	Tub.82	Potential	BACA	9	262	k141_385675_16	multidrug	undefined	0.577569618	50.2	259	223	4.95e-73	1	NA
Tub.82-k141_385675_16-9..262	Tub.82	Potential_loser	BACA	9	262	k141_385675_16	fluoroquinolone	undefined	0.120552936	50.2	259	223	4.95e-73	1	NA
Tub.82-k141_402973_7-9..261	Tub.82	Probable	KASUGAMYCIN_RESISTANCE_PROTEIN_KSGA	9	261	k141_402973_7	aminoglycoside	YP_002240485|FEATURES|kasugamycin_resistance_protein_ksgA|aminoglycoside|kasugamycin_resistance_protein_ksgA	0.999999871	53.5	254	245	1.41e-81	1	NA
Tub.58-k141_168380_1-4..184	Tub.58	Potential	MTRA	4	184	k141_168380_1	aminoglycoside	undefined	0.411936036	50.3	187	169	2.98e-53	1	NA
Tub.58-k141_168380_1-4..184	Tub.58	Potential_loser	MTRA	4	184	k141_168380_1	multidrug	CCP46065.1|FEATURES|mtrA|multidrug|mtrA	0.275730371	50.3	187	169	2.98e-53	1	NA
Tub.10-k141_244518_2-8..81	Tub.10	Probable	TRUNCATED_PUTATIVE_RESPONSE_REGULATOR_ARLR	8	81	k141_244518_2	unclassified	NC_002745.3251084.p01|FEATURES|truncated_putative_response_regulator_ArlR|unclassified|truncated_putative_response_regulator_ArlR	0.884292842	51.4	74	74.3	1.19e-17	1	NA
Tub.10-k141_244518_2-8..81	Tub.10	Potential_loser	TRUNCATED_PUTATIVE_RESPONSE_REGULATOR_ARLR	8	81	k141_244518_2	peptide	undefined	0.059960411	51.4	74	74.3	1.19e-17	1	NA
Tub.58-k141_377591_3-9..264	Tub.58	Probable	KASUGAMYCIN_RESISTANCE_PROTEIN_KSGA	9	264	k141_377591_3	aminoglycoside	YP_001439344|FEATURES|kasugamycin_resistance_protein_ksgA|aminoglycoside|kasugamycin_resistance_protein_ksgA	0.999957303	51.7	271	246	8.02e-82	1	NA
Tub.34-k141_589353_1-1..118	Tub.34	Potential	TRUNCATED_PUTATIVE_RESPONSE_REGULATOR_ARLR	1	118	k141_589353_1	unclassified	NC_002745.1124086.p01|FEATURES|truncated_putative_response_regulator_ArlR|unclassified|truncated_putative_response_regulator_ArlR	0.321168113	50.4	119	117	2.79e-34	1	NA
Tub.34-k141_589353_1-1..118	Tub.34	Potential_loser	TRUNCATED_PUTATIVE_RESPONSE_REGULATOR_ARLR	1	118	k141_589353_1	aminoglycoside	undefined	0.296449023	50.4	119	117	2.79e-34	1	NA
Tub.31-k141_584134_320-5..106	Tub.31	Potential	ABES	5	106	k141_584134_320	fluoroquinolone	NC_010410.6003348.p01|FEATURES|abeS|multidrug|abeS	0.780740705	59.8	102	114	6.81e-35	1	NA
Tub.31-k141_584134_320-5..106	Tub.31	Potential_loser	ABES	5	106	k141_584134_320	multidrug	NC_010410.6003348.p01|FEATURES|abeS|multidrug|abeS	0.153830915	59.8	102	114	6.81e-35	1	NA
Tub.31-k141_646978_2-4..81	Tub.31	Probable	TRUNCATED_PUTATIVE_RESPONSE_REGULATOR_ARLR	4	81	k141_646978_2	unclassified	NC_002745.3251084.p01|FEATURES|truncated_putative_response_regulator_ArlR|unclassified|truncated_putative_response_regulator_ArlR	0.907569824	55.1	78	90.1	7.00e-24	1	NA
Tub.59-k141_143224_1-22..287	Tub.59	Probable	LLMA_23S_RIBOSOMAL_RNA_METHYLTRANSFERASE	22	287	k141_143224_1	MLS	APB03216.1|FEATURES|LlmA_23S_ribosomal_RNA_methyltransferase|MLS|LlmA_23S_ribosomal_RNA_methyltransferase	0.999722109	61.3	269	347	1.11e-121	1	NA
Tub.30-k141_233881_1-15..143	Tub.30	Probable	GOLS	15	143	k141_233881_1	multidrug	NP_459349.1|FEATURES|golS|multidrug|golS	0.991244807	50	132	119	2.52e-35	1	NA
Tub.85-k141_40675_2-4..305	Tub.85	Potential	ROSA	4	305	k141_40675_2	peptide	undefined	0.33462993	64.8	304	364	5.23e-126	1	NA
Tub.85-k141_40675_2-4..305	Tub.85	Potential_loser	ROSA	4	305	k141_40675_2	multidrug	undefined	0.183817483	64.8	304	364	5.23e-126	1	NA
Tub.26-k141_195118_3-1..110	Tub.26	Potential	PSEUDOMONAS_AERUGINOSA_EMRE	1	110	k141_195118_3	peptide	undefined	0.552462239	64.5	110	138	6.09e-44	1	NA
Tub.26-k141_195118_3-1..110	Tub.26	Potential_loser	PSEUDOMONAS_AERUGINOSA_EMRE	1	110	k141_195118_3	fosfomycin	undefined	0.189537545	64.5	110	138	6.09e-44	1	NA
Tub.16-k141_645228_2-1..109	Tub.16	Potential	RBPA	1	109	k141_645228_2	peptide	undefined	0.262488561	68.2	110	152	1.54e-49	1	NA
Tub.16-k141_645228_2-1..109	Tub.16	Potential_loser	RBPA	1	109	k141_645228_2	multidrug	undefined	0.228180259	68.2	110	152	1.54e-49	1	NA
Tub.16-k141_328213_3-5..137	Tub.16	Potential	DFRA22	5	137	k141_328213_3	peptide	undefined	0.34096912	55.6	133	143	3.41e-45	1	NA
Tub.16-k141_328213_3-5..137	Tub.16	Potential_loser	DFRA22	5	137	k141_328213_3	multidrug	undefined	0.143002533	55.6	133	143	3.41e-45	1	NA
Tub.85-k141_511170_1-5..224	Tub.85	Probable	KDPE	5	224	k141_511170_1	aminoglycoside	NP_415222.1|FEATURES|kdpE|aminoglycoside|kdpE	0.985605858	61.5	221	286	4.20e-99	1	NA
Tub.83-k141_759861_2-12..210	Tub.83	Probable	CAMP-REGULATORY_PROTEIN	12	210	k141_759861_2	unclassified	gi:490367208:ref:WP_004246872.1:|FEATURES|cAMP-regulatory_protein|unclassified|cAMP-regulatory_protein	0.995283947	53.9	204	223	1.38e-74	1	NA
Tub.82-k141_192076_106-4..78	Tub.82	Probable	TRUNCATED_PUTATIVE_RESPONSE_REGULATOR_ARLR	4	78	k141_192076_106	unclassified	NC_002745.3251084.p01|FEATURES|truncated_putative_response_regulator_ArlR|unclassified|truncated_putative_response_regulator_ArlR	0.868343094	52	75	74.7	5.76e-18	1	NA
Tub.82-k141_192076_106-4..78	Tub.82	Potential_loser	TRUNCATED_PUTATIVE_RESPONSE_REGULATOR_ARLR	4	78	k141_192076_106	peptide	undefined	0.067728119	52	75	74.7	5.76e-18	1	NA
Tub.10-k141_554721_1-7..81	Tub.10	Probable	TRUNCATED_PUTATIVE_RESPONSE_REGULATOR_ARLR	7	81	k141_554721_1	unclassified	NC_002745.3251084.p01|FEATURES|truncated_putative_response_regulator_ArlR|unclassified|truncated_putative_response_regulator_ArlR	0.900309042	50.7	75	77.4	1.01e-20	1	NA
Tub.58-k141_632367_3-8..464	Tub.58	Potential	OPRM	8	464	k141_632367_3	multidrug	NC_008702.1.4607681.p01|FEATURES|oprM|multidrug|oprM	0.464041564	60.9	458	474	2.34e-165	1	NA
Tub.58-k141_632367_3-8..464	Tub.58	Potential_loser	OPRM	8	464	k141_632367_3	aminoglycoside	undefined	0.212049747	60.9	458	474	2.34e-165	1	NA
Tub.105-k141_55701_8-18..328	Tub.105	Probable	TETA(48)	18	328	k141_55701_8	tetracycline	APB03214.1|FEATURES|tetA(48)|tetracycline|tetA(48)	0.996182678	50	312	302	7.39e-102	1	NA
Tub.12-k141_411759_2-2..143	Tub.12	Probable	ADP-RIBOSYLATING_TRANSFERASE_ARR	2	143	k141_411759_2	rifamycin	AF001493.1.orf0.gene.p01|FEATURES|ADP-ribosylating_transferase_arr|rifamycin|ADP-ribosylating_transferase_arr	0.999294549	75.4	142	222	2.35e-76	1	NA
Tub.58-k141_216328_9-3..1025	Tub.58	Potential	MEXK	3	1025	k141_216328_9	triclosan	undefined	0.766783556	50.3	1050	961	0	1	NA
Tub.58-k141_216328_9-3..1025	Tub.58	Potential_loser	MEXK	3	1025	k141_216328_9	multidrug	AAG07064.1|FEATURES|MexK|multidrug|MexK	0.089806195	50.3	1050	961	0	1	NA
Tub.58-k141_372839_2-1..123	Tub.58	Potential	TRUNCATED_PUTATIVE_RESPONSE_REGULATOR_ARLR	1	123	k141_372839_2	unclassified	NC_002745.1124086.p01|FEATURES|truncated_putative_response_regulator_ArlR|unclassified|truncated_putative_response_regulator_ArlR	0.33360318	50.4	123	121	1.43e-36	1	NA
Tub.58-k141_372839_2-1..123	Tub.58	Potential_loser	TRUNCATED_PUTATIVE_RESPONSE_REGULATOR_ARLR	1	123	k141_372839_2	aminoglycoside	undefined	0.292638435	50.4	123	121	1.43e-36	1	NA
Tub.34-k141_96364_2-8..78	Tub.34	Probable	TRUNCATED_PUTATIVE_RESPONSE_REGULATOR_ARLR	8	78	k141_96364_2	unclassified	NC_002745.3251084.p01|FEATURES|truncated_putative_response_regulator_ArlR|unclassified|truncated_putative_response_regulator_ArlR	0.907569824	52.8	72	65.9	1.52e-14	1	NA
Tub.12-k141_248382_1-41..224	Tub.12	Potential	MTRA	41	224	k141_248382_1	aminoglycoside	undefined	0.433998235	51.6	186	184	2.48e-59	1	NA
Tub.12-k141_248382_1-41..224	Tub.12	Potential_loser	MTRA	41	224	k141_248382_1	multidrug	CCP46065.1|FEATURES|mtrA|multidrug|mtrA	0.27598859	51.6	186	184	2.48e-59	1	NA
Tub.10-k141_101662_1-116..609	Tub.10	Probable	MULTIDRUG_ABC_TRANSPORTER	116	609	k141_101662_1	multidrug	gi:917203192:ref:WP_051809904.1:|FEATURES|multidrug_ABC_transporter|multidrug|multidrug_ABC_transporter	0.99276817	64.4	497	597	3.75e-211	1	NA
Tub.58-k141_403841_1-16..512	Tub.58	Probable	EMRB	16	512	k141_403841_1	multidrug	gi:917770481:ref:WP_052284485.1:|FEATURES|emrB|multidrug|emrB	0.906024216	50.4	500	482	1.40e-167	1	NA
Tub.58-k141_208949_1-1..136	Tub.58	Probable	GOLS	1	136	k141_208949_1	multidrug	NP_459349.1|FEATURES|golS|multidrug|golS	0.996023832	54.4	136	144	2.91e-45	1	NA
Tub.104-k141_583674_1-5..208	Tub.104	Potential	MTRA	5	208	k141_583674_1	aminoglycoside	undefined	0.523246342	72.5	204	298	4.68e-104	1	NA
Tub.104-k141_583674_1-5..208	Tub.104	Potential_loser	MTRA	5	208	k141_583674_1	multidrug	CCP46065.1|FEATURES|mtrA|multidrug|mtrA	0.270591577	72.5	204	298	4.68e-104	1	NA
Tub.88-k141_416699_7-2..128	Tub.88	Probable	GOLS	2	128	k141_416699_7	multidrug	NP_459349.1|FEATURES|golS|multidrug|golS	0.996298075	55.1	127	139	1.86e-43	1	NA
Tub.51-k141_311664_1-12..402	Tub.51	Probable	ROSA	12	402	k141_311664_1	fosmidomycin	YP_001401993|FEATURES|rosA|fosmidomycin|rosA	0.99864006	62.8	393	473	2.57e-167	1	NA
Tub.4-k141_430811_3-38..210	Tub.4	Probable	CAMP-REGULATORY_PROTEIN	38	210	k141_430811_3	unclassified	gi:490367208:ref:WP_004246872.1:|FEATURES|cAMP-regulatory_protein|unclassified|cAMP-regulatory_protein	0.995420394	64.7	173	238	7.23e-81	1	NA
Tub.94-k141_115666_2-11..562	Tub.94	Probable	ROSB	11	562	k141_115666_2	fosmidomycin	gi:896190680:ref:WP_049199932.1:|FEATURES|rosB|fosmidomycin|rosB	0.9999419	53.2	564	535	1.67e-186	1	NA
Tub.83-k141_450803_16-7..78	Tub.83	Probable	TRUNCATED_PUTATIVE_RESPONSE_REGULATOR_ARLR	7	78	k141_450803_16	unclassified	NC_002745.3251084.p01|FEATURES|truncated_putative_response_regulator_ArlR|unclassified|truncated_putative_response_regulator_ArlR	0.868136625	52.1	73	78.2	2.47e-19	1	NA
Tub.83-k141_450803_16-7..78	Tub.83	Potential_loser	TRUNCATED_PUTATIVE_RESPONSE_REGULATOR_ARLR	7	78	k141_450803_16	peptide	undefined	0.067827506	52.1	73	78.2	2.47e-19	1	NA
Tub.12-k141_503404_1-4..227	Tub.12	Potential	MTRA	4	227	k141_503404_1	aminoglycoside	undefined	0.591164137	70.5	224	329	4.62e-116	1	NA
Tub.12-k141_503404_1-4..227	Tub.12	Potential_loser	MTRA	4	227	k141_503404_1	multidrug	CCP46065.1|FEATURES|mtrA|multidrug|mtrA	0.261294015	70.5	224	329	4.62e-116	1	NA
Tub.59-k141_572195_23-26..279	Tub.59	Potential	FEZ-1	26	279	k141_572195_23	aminoglycoside	undefined	0.338499206	54.9	255	298	6.11e-102	1	NA
Tub.59-k141_572195_23-26..279	Tub.59	Potential_loser	FEZ-1	26	279	k141_572195_23	multidrug	undefined	0.187159136	54.9	255	298	6.11e-102	1	NA
Tub.104-k141_41216_11-1..106	Tub.104	Potential	RBPA	1	106	k141_41216_11	peptide	undefined	0.25526295	53.3	107	119	1.47e-36	1	NA
Tub.104-k141_41216_11-1..106	Tub.104	Potential_loser	RBPA	1	106	k141_41216_11	multidrug	undefined	0.22480096	53.3	107	119	1.47e-36	1	NA
Tub.85-k141_207553_3-22..214	Tub.85	Probable	VATF	22	214	k141_207553_3	MLS	AAF63432|FEATURES|vatF|MLS|vatF	1	61.7	193	251	4.99e-86	1	NA
Tub.82-k141_65832_1-6..261	Tub.82	Probable	BACA	6	261	k141_65832_1	bacitracin	YP_002890644|FEATURES|bacA|bacitracin|bacA	0.97168298	64.5	256	332	4.94e-116	1	NA
Tub.16-k141_289579_22-17..133	Tub.16	Probable	ADP-RIBOSYLATING_TRANSFERASE_ARR	17	133	k141_289579_22	rifamycin	AF001493.1.orf0.gene.p01|FEATURES|ADP-ribosylating_transferase_arr|rifamycin|ADP-ribosylating_transferase_arr	0.995804728	59.8	117	157	5.15e-49	1	NA
Tub.18-k141_103579_2-14..105	Tub.18	Potential	RBPA	14	105	k141_103579_2	peptide	undefined	0.248371159	51.6	93	93.6	2.43e-26	1	NA
Tub.18-k141_103579_2-14..105	Tub.18	Potential_loser	RBPA	14	105	k141_103579_2	multidrug	undefined	0.222688992	51.6	93	93.6	2.43e-26	1	NA
Tub.26-k141_617830_7-1..367	Tub.26	Potential	MEXJ	1	367	k141_617830_7	triclosan	undefined	0.537988922	67.8	367	470	1.08e-166	1	NA
Tub.26-k141_617830_7-1..367	Tub.26	Potential_loser	MEXJ	1	367	k141_617830_7	multidrug	NP_252367.1|FEATURES|MexJ|multidrug|MexJ	0.155124356	67.8	367	470	1.08e-166	1	NA
Tub.26-k141_658723_1-4..118	Tub.26	Potential	TRUNCATED_PUTATIVE_RESPONSE_REGULATOR_ARLR	4	118	k141_658723_1	unclassified	NC_002745.1124086.p01|FEATURES|truncated_putative_response_regulator_ArlR|unclassified|truncated_putative_response_regulator_ArlR	0.324624176	50.9	116	120	1.31e-36	1	NA
Tub.26-k141_658723_1-4..118	Tub.26	Potential_loser	TRUNCATED_PUTATIVE_RESPONSE_REGULATOR_ARLR	4	118	k141_658723_1	aminoglycoside	undefined	0.295360853	50.9	116	120	1.31e-36	1	NA
Tub.104-k141_552186_2-1..224	Tub.104	Potential	MTRA	1	224	k141_552186_2	aminoglycoside	undefined	0.428780557	50.2	229	209	1.17e-68	1	NA
Tub.104-k141_552186_2-1..224	Tub.104	Potential_loser	MTRA	1	224	k141_552186_2	multidrug	CCP46065.1|FEATURES|mtrA|multidrug|mtrA	0.275958852	50.2	229	209	1.17e-68	1	NA
Tub.59-k141_532313_1-1..161	Tub.59	Potential	CAMP-REGULATORY_PROTEIN	1	161	k141_532313_1	unclassified	gi:899812464:emb:CQH53126.1:|FEATURES|cAMP-regulatory_protein|unclassified|cAMP-regulatory_protein	0.416793087	55.9	161	201	1.59e-67	1	NA
Tub.59-k141_532313_1-1..161	Tub.59	Potential_loser	CAMP-REGULATORY_PROTEIN	1	161	k141_532313_1	aminoglycoside	undefined	0.178311629	55.9	161	201	1.59e-67	1	NA
Tub.16-k141_496296_1-8..136	Tub.16	Probable	ADP-RIBOSYLATING_TRANSFERASE_ARR	8	136	k141_496296_1	rifamycin	AL939114.1.orf1.gene.p01|FEATURES|ADP-ribosylating_transferase_arr|rifamycin|ADP-ribosylating_transferase_arr	0.99555463	69	129	187	9.07e-63	1	NA
Tub.51-k141_250753_2-1..1049	Tub.51	Probable	OQXB	1	1049	k141_250753_2	multidrug	YP_001693238|FEATURES|oqxB|multidrug|oqxB	0.999520175	69.7	1054	1415	0	1	fluoroquinolone antibiotic; tetracycline antibiotic
Tub.82-k141_162420_2-5..80	Tub.82	Probable	TRUNCATED_PUTATIVE_RESPONSE_REGULATOR_ARLR	5	80	k141_162420_2	unclassified	NC_002745.3251084.p01|FEATURES|truncated_putative_response_regulator_ArlR|unclassified|truncated_putative_response_regulator_ArlR	0.831541909	50	76	69.3	4.66e-16	1	NA
Tub.82-k141_162420_2-5..80	Tub.82	Potential_loser	TRUNCATED_PUTATIVE_RESPONSE_REGULATOR_ARLR	5	80	k141_162420_2	peptide	undefined	0.085102209	50	76	69.3	4.66e-16	1	NA
Tub.51-k141_99819_1-3..128	Tub.51	Probable	GOLS	3	128	k141_99819_1	multidrug	NP_459349.1|FEATURES|golS|multidrug|golS	0.996410598	55.6	126	139	1.31e-43	1	NA
Tub.4-k141_748961_3-31..294	Tub.4	Potential	AIM-1	31	294	k141_748961_3	peptide	undefined	0.262953378	50.6	265	251	3.59e-83	1	NA
Tub.4-k141_748961_3-31..294	Tub.4	Potential_loser	AIM-1	31	294	k141_748961_3	aminoglycoside	undefined	0.226078247	50.6	265	251	3.59e-83	1	NA
Tub.105-k141_520638_3-1..222	Tub.105	Probable	VANR	1	222	k141_520638_3	glycopeptide	gi:938897327:ref:WP_054681472.1:|FEATURES|vanR|glycopeptide|vanR	0.999979925	53.2	222	228	3.15e-76	1	NA
Tub.31-k141_349312_1-3..319	Tub.31	Potential	EMRA	3	319	k141_349312_1	multidrug	gi:838616135:gb:KLW00339.1:|FEATURES|emrA|multidrug|emrA	0.329096603	50.2	331	296	5.75e-98	1	NA
Tub.31-k141_349312_1-3..319	Tub.31	Potential_loser	EMRA	3	319	k141_349312_1	peptide	undefined	0.171952757	50.2	331	296	5.75e-98	1	NA
Tub.13-k141_306115_1-28..150	Tub.13	Probable	AAC(6')-I	28	150	k141_306115_1	aminoglycoside	AB116646.1.gene1.p01|FEATURES|aac(6')-I|aminoglycoside|aac(6')-I	0.993578869	50.7	134	127	4.42e-39	1	NA
Tub.34-k141_488266_1-1..105	Tub.34	Potential	RBPA	1	105	k141_488266_1	peptide	undefined	0.25847199	60.4	106	121	5.12e-36	1	NA
Tub.34-k141_488266_1-1..105	Tub.34	Potential_loser	RBPA	1	105	k141_488266_1	multidrug	undefined	0.225418664	60.4	106	121	5.12e-36	1	NA
Tub.31-k141_639267_5-13..233	Tub.31	Probable	BAER	13	233	k141_639267_5	multidrug	YP_490321.1|FEATURES|baeR|multidrug|baeR	0.999990603	52.3	222	222	1.11e-73	1	NA
Tub.31-k141_194043_119-1..1035	Tub.31	Probable	ACRB	1	1035	k141_194043_119	multidrug	gi:808681235:emb:CQR78405.1:|FEATURES|acrB|multidrug|acrB	0.900857488	53	1043	1016	0	1	NA
Tub.4-k141_757580_1-1..147	Tub.4	Probable	GOLS	1	147	k141_757580_1	multidrug	NP_459349.1|FEATURES|golS|multidrug|golS	0.997018987	51.7	147	138	1.79e-42	1	NA
Tub.12-k141_174987_2-23..308	Tub.12	Potential	OLEC	23	308	k141_174987_2	tetracycline	undefined	0.882386364	53.7	287	288	4.35e-97	1	NA
Tub.12-k141_174987_2-23..308	Tub.12	Potential_loser	OLEC	23	308	k141_174987_2	MLS	AAA26793|FEATURES|oleC|MLS|oleC	0.071579928	53.7	287	288	4.35e-97	1	NA
Tub.16-k141_399937_1-26..131	Tub.16	Potential	TRUNCATED_PUTATIVE_RESPONSE_REGULATOR_ARLR	26	131	k141_399937_1	unclassified	NC_002745.1124086.p01|FEATURES|truncated_putative_response_regulator_ArlR|unclassified|truncated_putative_response_regulator_ArlR	0.302939698	50.5	107	113	3.90e-33	1	NA
Tub.16-k141_399937_1-26..131	Tub.16	Potential_loser	TRUNCATED_PUTATIVE_RESPONSE_REGULATOR_ARLR	26	131	k141_399937_1	aminoglycoside	undefined	0.301659308	50.5	107	113	3.90e-33	1	NA
Tub.31-k141_387734_1-1..80	Tub.31	Probable	TRUNCATED_PUTATIVE_RESPONSE_REGULATOR_ARLR	1	80	k141_387734_1	unclassified	NC_002745.3251084.p01|FEATURES|truncated_putative_response_regulator_ArlR|unclassified|truncated_putative_response_regulator_ArlR	0.82094036	50	80	74.3	2.13e-18	1	NA
Tub.31-k141_387734_1-1..80	Tub.31	Potential_loser	TRUNCATED_PUTATIVE_RESPONSE_REGULATOR_ARLR	1	80	k141_387734_1	peptide	undefined	0.089967142	50	80	74.3	2.13e-18	1	NA
Tub.104-k141_25783_2-3..78	Tub.104	Probable	TRUNCATED_PUTATIVE_RESPONSE_REGULATOR_ARLR	3	78	k141_25783_2	unclassified	NC_002745.3251084.p01|FEATURES|truncated_putative_response_regulator_ArlR|unclassified|truncated_putative_response_regulator_ArlR	0.868633167	50	76	67.4	3.22e-15	1	NA
Tub.104-k141_25783_2-3..78	Tub.104	Potential_loser	TRUNCATED_PUTATIVE_RESPONSE_REGULATOR_ARLR	3	78	k141_25783_2	peptide	undefined	0.067588455	50	76	67.4	3.22e-15	1	NA
Tub.59-k141_26876_2-4..118	Tub.59	Potential	TRUNCATED_PUTATIVE_RESPONSE_REGULATOR_ARLR	4	118	k141_26876_2	aminoglycoside	undefined	0.306417206	50.4	115	117	8.30e-34	1	NA
Tub.59-k141_26876_2-4..118	Tub.59	Potential_loser	TRUNCATED_PUTATIVE_RESPONSE_REGULATOR_ARLR	4	118	k141_26876_2	unclassified	NC_002745.1124086.p01|FEATURES|truncated_putative_response_regulator_ArlR|unclassified|truncated_putative_response_regulator_ArlR	0.281812556	50.4	115	117	8.30e-34	1	NA
Tub.4-k141_690220_1-31..224	Tub.4	Potential	BACA	31	224	k141_690220_1	peptide	undefined	0.225384923	50	194	166	4.85e-52	1	NA
Tub.4-k141_690220_1-31..224	Tub.4	Potential_loser	BACA	31	224	k141_690220_1	multidrug	undefined	0.223727681	50	194	166	4.85e-52	1	NA
Tub.11-k141_46180_1-7..78	Tub.11	Probable	TRUNCATED_PUTATIVE_RESPONSE_REGULATOR_ARLR	7	78	k141_46180_1	unclassified	NC_002745.3251084.p01|FEATURES|truncated_putative_response_regulator_ArlR|unclassified|truncated_putative_response_regulator_ArlR	0.879856991	52.1	73	77.8	1.13e-19	1	NA
Tub.11-k141_46180_1-7..78	Tub.11	Potential_loser	TRUNCATED_PUTATIVE_RESPONSE_REGULATOR_ARLR	7	78	k141_46180_1	peptide	undefined	0.062135951	52.1	73	77.8	1.13e-19	1	NA
Tub.31-k141_331392_2-15..271	Tub.31	Probable	AAC(3)-IIIA	15	271	k141_331392_2	aminoglycoside	L06161.1.gene1.p01|FEATURES|aac(3)-IIIa|aminoglycoside|aac(3)-IIIa	0.874866716	65.4	257	337	7.56e-118	1	NA
Tub.31-k141_331392_2-15..271	Tub.31	Potential_loser	AAC(3)-IIIA	15	271	k141_331392_2	peptide	undefined	0.0407747	65.4	257	337	7.56e-118	1	NA
Tub.31-k141_43774_3-1..119	Tub.31	Probable	BRP(MBL)	1	119	k141_43774_3	glycopeptide	YP_007652797.1|FEATURES|BRP(MBL)|glycopeptide|BRP(MBL)	0.993726499	61.3	119	160	1.48e-52	1	NA
Tub.105-k141_438253_2-1..220	Tub.105	Probable	VANR	1	220	k141_438253_2	glycopeptide	gi:943675889:ref:WP_055502070.1:|FEATURES|vanR|glycopeptide|vanR	0.99982608	50.9	220	216	1.51e-71	1	NA
Tub.59-k141_192665_5-4..119	Tub.59	Potential	TRUNCATED_PUTATIVE_RESPONSE_REGULATOR_ARLR	4	119	k141_192665_5	unclassified	NC_002745.1124086.p01|FEATURES|truncated_putative_response_regulator_ArlR|unclassified|truncated_putative_response_regulator_ArlR	0.309517929	53.8	117	127	6.71e-38	1	NA
Tub.59-k141_192665_5-4..119	Tub.59	Potential_loser	TRUNCATED_PUTATIVE_RESPONSE_REGULATOR_ARLR	4	119	k141_192665_5	aminoglycoside	undefined	0.299864296	53.8	117	127	6.71e-38	1	NA
Tub.51-k141_297311_2-19..356	Tub.51	Probable	EMRA	19	356	k141_297311_2	multidrug	gi:797196726:ref:WP_045857723.1:|FEATURES|emrA|multidrug|emrA	0.944834251	50.6	338	305	1.07e-101	1	NA
Tub.31-k141_225682_5-11..548	Tub.31	Probable	ROSB	11	548	k141_225682_5	fosmidomycin	gi:1001786599:ref:WP_061324791.1:|FEATURES|rosB|fosmidomycin|rosB	0.999896321	53.7	549	535	1.67e-186	1	NA
Tub.59-k141_166657_2-5..80	Tub.59	Probable	TRUNCATED_PUTATIVE_RESPONSE_REGULATOR_ARLR	5	80	k141_166657_2	unclassified	NC_002745.3251084.p01|FEATURES|truncated_putative_response_regulator_ArlR|unclassified|truncated_putative_response_regulator_ArlR	0.844237976	50	76	79.3	1.52e-20	1	NA
Tub.59-k141_166657_2-5..80	Tub.59	Potential_loser	TRUNCATED_PUTATIVE_RESPONSE_REGULATOR_ARLR	5	80	k141_166657_2	peptide	undefined	0.079195923	50	76	79.3	1.52e-20	1	NA
Tub.70-k141_222747_1-8..81	Tub.70	Probable	TRUNCATED_PUTATIVE_RESPONSE_REGULATOR_ARLR	8	81	k141_222747_1	unclassified	NC_002745.3251084.p01|FEATURES|truncated_putative_response_regulator_ArlR|unclassified|truncated_putative_response_regulator_ArlR	0.890519008	50	74	74.3	2.18e-18	1	NA
Tub.70-k141_222747_1-8..81	Tub.70	Potential_loser	TRUNCATED_PUTATIVE_RESPONSE_REGULATOR_ARLR	8	81	k141_222747_1	peptide	undefined	0.056892706	50	74	74.3	2.18e-18	1	NA
Tub.85-k141_113694_9-3..130	Tub.85	Potential	DFRA3	3	130	k141_113694_9	peptide	undefined	0.300650896	58	131	152	5.09e-48	1	NA
Tub.85-k141_113694_9-3..130	Tub.85	Potential_loser	DFRA3	3	130	k141_113694_9	aminoglycoside	undefined	0.18938683	58	131	152	5.09e-48	1	NA
Tub.31-k141_164839_5-7..520	Tub.31	Probable	EMRB-QACA_FAMILY_MAJOR_FACILITATOR_TRANSPORTER	7	520	k141_164839_5	multidrug	EU408347.1.gene6.p01|FEATURES|EmrB-QacA_family_major_facilitator_transporter|multidrug|EmrB-QacA_family_major_facilitator_transporter	0.990965784	57.4	516	607	2.70e-216	1	NA
Tub.59-k141_421493_1-28..157	Tub.59	Potential	DFRA3	28	157	k141_421493_1	peptide	undefined	0.285201083	51.5	130	125	4.29e-38	1	NA
Tub.59-k141_421493_1-28..157	Tub.59	Potential_loser	DFRA3	28	157	k141_421493_1	aminoglycoside	undefined	0.199926638	51.5	130	125	4.29e-38	1	NA
Tub.85-k141_428398_2-9..261	Tub.85	Probable	KASUGAMYCIN_RESISTANCE_PROTEIN_KSGA	9	261	k141_428398_2	aminoglycoside	Q7N8V7|FEATURES|kasugamycin_resistance_protein_ksgA|aminoglycoside|kasugamycin_resistance_protein_ksgA	0.898293202	50.6	253	249	1.12e-82	1	NA
Tub.85-k141_428398_2-9..261	Tub.85	Potential_loser	KASUGAMYCIN_RESISTANCE_PROTEIN_KSGA	9	261	k141_428398_2	multidrug	undefined	0.035696297	50.6	253	249	1.12e-82	1	NA
Tub.58-k141_15270_1-32..268	Tub.58	Probable	KASUGAMYCIN_RESISTANCE_PROTEIN_KSGA	32	268	k141_15270_1	aminoglycoside	A7FMC1|FEATURES|kasugamycin_resistance_protein_ksgA|aminoglycoside|kasugamycin_resistance_protein_ksgA	0.999999183	51.5	241	217	4.68e-71	1	NA
Tub.58-k141_564755_1-1..379	Tub.58	Potential	MEXP	1	379	k141_564755_1	multidrug	BAE06007.1|FEATURES|mexP|multidrug|mexP	0.291178406	68.8	382	489	2.06e-174	1	NA
Tub.58-k141_564755_1-1..379	Tub.58	Potential_loser	MEXP	1	379	k141_564755_1	aminoglycoside	undefined	0.211709227	68.8	382	489	2.06e-174	1	NA
Tub.104-k141_542108_2-11..317	Tub.104	Probable	TETA(48)	11	317	k141_542108_2	tetracycline	APB03214.1|FEATURES|tetA(48)|tetracycline|tetA(48)	0.99655237	53.9	308	313	9.39e-107	1	NA
Tub.88-k141_61129_1-9..261	Tub.88	Probable	KASUGAMYCIN_RESISTANCE_PROTEIN_KSGA	9	261	k141_61129_1	aminoglycoside	A7FMC1|FEATURES|kasugamycin_resistance_protein_ksgA|aminoglycoside|kasugamycin_resistance_protein_ksgA	0.900434589	52.2	253	250	1.07e-83	1	NA
Tub.105-k141_187285_1-6..143	Tub.105	Probable	ADP-RIBOSYLATING_TRANSFERASE_ARR	6	143	k141_187285_1	rifamycin	AF001493.1.orf0.gene.p01|FEATURES|ADP-ribosylating_transferase_arr|rifamycin|ADP-ribosylating_transferase_arr	0.999815659	75.4	138	221	3.31e-76	1	NA
Tub.30-k141_403798_1-13..177	Tub.30	Probable	AAC(6')-31	13	177	k141_403798_1	aminoglycoside	gi:950228232:ref:WP_057272322.1:|FEATURES|aac(6')-31|aminoglycoside|aac(6')-31	0.999997748	52.4	166	183	6.45e-60	1	NA
Tub.30-k141_335554_1-1..114	Tub.30	Potential	ADP-RIBOSYLATING_TRANSFERASE_ARR	1	114	k141_335554_1	multidrug	undefined	0.335500282	77.2	114	192	2.99e-65	1	NA
Tub.30-k141_335554_1-1..114	Tub.30	Potential_loser	ADP-RIBOSYLATING_TRANSFERASE_ARR	1	114	k141_335554_1	peptide	undefined	0.214461022	77.2	114	192	2.99e-65	1	NA
Tub.82-k141_315491_4-3..1025	Tub.82	Potential	MEXK	3	1025	k141_315491_4	triclosan	undefined	0.781214286	50.6	1043	966	0	1	NA
Tub.82-k141_315491_4-3..1025	Tub.82	Potential_loser	MEXK	3	1025	k141_315491_4	multidrug	AAG07064.1|FEATURES|MexK|multidrug|MexK	0.084463705	50.6	1043	966	0	1	NA
Tub.83-k141_100981_1-4..118	Tub.83	Potential	TRUNCATED_PUTATIVE_RESPONSE_REGULATOR_ARLR	4	118	k141_100981_1	unclassified	NC_002745.1124086.p01|FEATURES|truncated_putative_response_regulator_ArlR|unclassified|truncated_putative_response_regulator_ArlR	0.327919142	51.7	116	123	3.02e-36	1	NA
Tub.83-k141_100981_1-4..118	Tub.83	Potential_loser	TRUNCATED_PUTATIVE_RESPONSE_REGULATOR_ARLR	4	118	k141_100981_1	aminoglycoside	undefined	0.29434843	51.7	116	123	3.02e-36	1	NA
Tub.34-k141_677228_2-2..226	Tub.34	Potential	MTRA	2	226	k141_677228_2	aminoglycoside	undefined	0.579935942	72.9	225	334	1.15e-117	1	NA
Tub.34-k141_677228_2-2..226	Tub.34	Potential_loser	MTRA	2	226	k141_677228_2	multidrug	CCP46065.1|FEATURES|mtrA|multidrug|mtrA	0.26326885	72.9	225	334	1.15e-117	1	NA
Tub.12-k141_253956_4-15..271	Tub.12	Probable	APH(3')-I	15	271	k141_253956_4	aminoglycoside	YP_112402|FEATURES|aph(3')-I|aminoglycoside|aph(3')-I	0.999999871	60.3	257	330	4.41e-115	1	NA
Tub.34-k141_573035_1-36..227	Tub.34	Potential	MTRA	36	227	k141_573035_1	aminoglycoside	undefined	0.449248735	55.4	193	207	3.94e-68	1	NA
Tub.34-k141_573035_1-36..227	Tub.34	Potential_loser	MTRA	36	227	k141_573035_1	multidrug	CCP46065.1|FEATURES|mtrA|multidrug|mtrA	0.275780744	55.4	193	207	3.94e-68	1	NA
Tub.58-k141_533320_1-1..238	Tub.58	Potential	BACA	1	238	k141_533320_1	peptide	undefined	0.268586323	53.7	242	218	1.20e-71	1	NA
Tub.58-k141_533320_1-1..238	Tub.58	Potential_loser	BACA	1	238	k141_533320_1	multidrug	undefined	0.223491569	53.7	242	218	1.20e-71	1	NA
Tub.94-k141_260286_1-3..121	Tub.94	Potential	TRUNCATED_PUTATIVE_RESPONSE_REGULATOR_ARLR	3	121	k141_260286_1	unclassified	NC_002745.1124086.p01|FEATURES|truncated_putative_response_regulator_ArlR|unclassified|truncated_putative_response_regulator_ArlR	0.321168113	50.4	119	117	1.55e-33	1	NA
Tub.94-k141_260286_1-3..121	Tub.94	Potential_loser	TRUNCATED_PUTATIVE_RESPONSE_REGULATOR_ARLR	3	121	k141_260286_1	aminoglycoside	undefined	0.296449023	50.4	119	117	1.55e-33	1	NA
Tub.4-k141_9518_1-19..152	Tub.4	Probable	AAC(3)-I	19	152	k141_9518_1	aminoglycoside	AJ511268.1.gene3.p01|FEATURES|aac(3)-I|aminoglycoside|aac(3)-I	0.999957886	56.7	134	148	2.87e-47	1	NA
Tub.4-k141_627454_1-21..160	Tub.4	Potential	DFRA3	21	160	k141_627454_1	peptide	undefined	0.287806539	51	143	130	3.38e-40	1	NA
Tub.4-k141_627454_1-21..160	Tub.4	Potential_loser	DFRA3	21	160	k141_627454_1	aminoglycoside	undefined	0.198738692	51	143	130	3.38e-40	1	NA
Tub.30-k141_572324_8-7..1011	Tub.30	Potential	MDTC	7	1011	k141_572324_8	multidrug	CP001918.1.gene3441.p01|FEATURES|mdtC|multidrug|mdtC	0.56753556	55.5	1008	1039	0	1	NA
Tub.30-k141_572324_8-7..1011	Tub.30	Potential_loser	MDTC	7	1011	k141_572324_8	aminocoumarin	CP001918.1.gene3441.p01|FEATURES|mdtC|multidrug|mdtC	0.423478806	55.5	1008	1039	0	1	NA
Tub.59-k141_407085_4-26..1153	Tub.59	Probable	RPOB2	26	1153	k141_407085_4	multidrug	BAD59497.1|FEATURES|rpoB2|multidrug|rpoB2	0.994730075	55.1	1215	1216	0	1	NA
Tub.10-k141_374049_1-1..193	Tub.10	Potential	PEDO-3	1	193	k141_374049_1	aminoglycoside	undefined	0.291197794	52.6	196	212	3.62e-70	1	NA
Tub.10-k141_374049_1-1..193	Tub.10	Potential_loser	PEDO-3	1	193	k141_374049_1	peptide	undefined	0.23592347	52.6	196	212	3.62e-70	1	NA
Tub.88-k141_92027_2-1..136	Tub.88	Probable	ADP-RIBOSYLATING_TRANSFERASE_ARR	1	136	k141_92027_2	rifamycin	AL939114.1.orf1.gene.p01|FEATURES|ADP-ribosylating_transferase_arr|rifamycin|ADP-ribosylating_transferase_arr	0.951531914	80.9	136	230	6.18e-80	1	NA
Tub.31-k141_276750_7-6..363	Tub.31	Potential	EMRA	6	363	k141_276750_7	multidrug	gi:491019306:ref:WP_004881012.1:|FEATURES|emrA|multidrug|emrA	0.448720361	50.3	358	307	1.48e-102	1	NA
Tub.31-k141_276750_7-6..363	Tub.31	Potential_loser	EMRA	6	363	k141_276750_7	peptide	undefined	0.119553487	50.3	358	307	1.48e-102	1	NA
Tub.105-k141_563913_2-3..120	Tub.105	Potential	TRUNCATED_PUTATIVE_RESPONSE_REGULATOR_ARLR	3	120	k141_563913_2	unclassified	NC_002745.1124086.p01|FEATURES|truncated_putative_response_regulator_ArlR|unclassified|truncated_putative_response_regulator_ArlR	0.31945321	50.4	119	108	1.09e-30	1	NA
Tub.105-k141_563913_2-3..120	Tub.105	Potential_loser	TRUNCATED_PUTATIVE_RESPONSE_REGULATOR_ARLR	3	120	k141_563913_2	aminoglycoside	undefined	0.296975876	50.4	119	108	1.09e-30	1	NA
Tub.58-k141_259866_5-1..277	Tub.58	Probable	BACA	1	277	k141_259866_5	bacitracin	YP_981592|FEATURES|bacA|bacitracin|bacA	0.993982757	91.3	277	496	2.53e-180	1	NA
Tub.26-k141_438767_3-1..304	Tub.26	Probable	MEXT	1	304	k141_438767_3	multidrug	gi:751314291:ref:WP_041021175.1:|FEATURES|mexT|multidrug|mexT	0.99998943	94.4	304	561	8.57e-205	1	NA
Tub.85-k141_519801_1-4..81	Tub.85	Probable	TRUNCATED_PUTATIVE_RESPONSE_REGULATOR_ARLR	4	81	k141_519801_1	unclassified	NC_002745.3251084.p01|FEATURES|truncated_putative_response_regulator_ArlR|unclassified|truncated_putative_response_regulator_ArlR	0.884977416	52.6	78	81.3	2.35e-22	1	NA
Tub.85-k141_519801_1-4..81	Tub.85	Potential_loser	TRUNCATED_PUTATIVE_RESPONSE_REGULATOR_ARLR	4	81	k141_519801_1	peptide	undefined	0.059623977	52.6	78	81.3	2.35e-22	1	NA
Tub.64-k141_322133_3-3..118	Tub.64	Potential	TRUNCATED_PUTATIVE_RESPONSE_REGULATOR_ARLR	3	118	k141_322133_3	unclassified	NC_002745.1124086.p01|FEATURES|truncated_putative_response_regulator_ArlR|unclassified|truncated_putative_response_regulator_ArlR	0.342964907	50	116	118	3.77e-35	1	NA
Tub.64-k141_322133_3-3..118	Tub.64	Potential_loser	TRUNCATED_PUTATIVE_RESPONSE_REGULATOR_ARLR	3	118	k141_322133_3	aminoglycoside	undefined	0.289478615	50	116	118	3.77e-35	1	NA
Tub.15-k141_34701_2-13..78	Tub.15	Probable	TRUNCATED_PUTATIVE_RESPONSE_REGULATOR_ARLR	13	78	k141_34701_2	unclassified	NC_002745.3251084.p01|FEATURES|truncated_putative_response_regulator_ArlR|unclassified|truncated_putative_response_regulator_ArlR	0.823505299	50	66	68.6	1.27e-17	1	NA
Tub.15-k141_34701_2-13..78	Tub.15	Potential_loser	TRUNCATED_PUTATIVE_RESPONSE_REGULATOR_ARLR	13	78	k141_34701_2	peptide	undefined	0.088797664	50	66	68.6	1.27e-17	1	NA
Tub.58-k141_78577_2-5..365	Tub.58	Potential	OPRM	5	365	k141_78577_2	multidrug	gi:573999612:gb:ETU76469.1:|FEATURES|oprM|multidrug|oprM	0.71050936	50.8	364	296	2.65e-97	1	NA
Tub.58-k141_78577_2-5..365	Tub.58	Potential_loser	OPRM	5	365	k141_78577_2	aminoglycoside	undefined	0.132371405	50.8	364	296	2.65e-97	1	NA
Tub.104-k141_560940_1-23..482	Tub.104	Potential	PUROMYCIN_RESISTANCE_PROTEIN	23	482	k141_560940_1	nucleoside	P42670|FEATURES|puromycin_resistance_protein|nucleoside|puromycin_resistance_protein	0.6686821	50.5	461	400	7.30e-136	1	NA
Tub.104-k141_560940_1-23..482	Tub.104	Potential_loser	PUROMYCIN_RESISTANCE_PROTEIN	23	482	k141_560940_1	multidrug	undefined	0.216556419	50.5	461	400	7.30e-136	1	NA
Tub.85-k141_620543_85-17..211	Tub.85	Probable	VATF	17	211	k141_620543_85	MLS	AAF63432|FEATURES|vatF|MLS|vatF	1	75.4	195	320	6.32e-113	1	NA
Tub.99-k141_48659_1-12..128	Tub.99	Probable	BLEOMYCIN_RESISTANCE_PROTEIN	12	128	k141_48659_1	glycopeptide	gi:1016525167:ref:WP_063102497.1:|FEATURES|bleomycin_resistance_protein|glycopeptide|bleomycin_resistance_protein	0.99996972	52.9	121	132	2.74e-41	1	NA
Tub.16-k141_305800_2-16..367	Tub.16	Potential	MEXJ	16	367	k141_305800_2	triclosan	undefined	0.537988922	51.4	354	309	7.06e-104	1	NA
Tub.16-k141_305800_2-16..367	Tub.16	Potential_loser	MEXJ	16	367	k141_305800_2	multidrug	NP_252367.1|FEATURES|MexJ|multidrug|MexJ	0.155124356	51.4	354	309	7.06e-104	1	NA
Tub.51-k141_226655_2-24..386	Tub.51	Probable	ACRA	24	386	k141_226655_2	multidrug	ZP_02902278|FEATURES|acrA|multidrug|acrA	0.999998565	50.5	374	322	2.03e-107	1	NA
Tub.94-k141_118136_3-3..119	Tub.94	Potential	TRUNCATED_PUTATIVE_RESPONSE_REGULATOR_ARLR	3	119	k141_118136_3	unclassified	NC_002745.1124086.p01|FEATURES|truncated_putative_response_regulator_ArlR|unclassified|truncated_putative_response_regulator_ArlR	0.342964907	51.7	118	124	8.29e-37	1	NA
Tub.94-k141_118136_3-3..119	Tub.94	Potential_loser	TRUNCATED_PUTATIVE_RESPONSE_REGULATOR_ARLR	3	119	k141_118136_3	aminoglycoside	undefined	0.289478615	51.7	118	124	8.29e-37	1	NA
Tub.99-k141_239625_2-6..106	Tub.99	Potential	RBPA	6	106	k141_239625_2	peptide	undefined	0.262488561	51	102	107	9.49e-32	1	NA
Tub.99-k141_239625_2-6..106	Tub.99	Potential_loser	RBPA	6	106	k141_239625_2	multidrug	undefined	0.228180259	51	102	107	9.49e-32	1	NA
Tub.4-k141_155154_1-320..1121	Tub.4	Probable	RPOB2	320	1121	k141_155154_1	multidrug	BAD59497.1|FEATURES|rpoB2|multidrug|rpoB2	0.990171635	50.9	958	899	1.40e-314	1	NA
Tub.58-k141_308223_1-1..257	Tub.58	Probable	BACA	1	257	k141_308223_1	bacitracin	YP_550152|FEATURES|bacA|bacitracin|bacA	0.990513965	89.9	257	456	3.39e-163	1	NA
Tub.31-k141_705190_1-1..128	Tub.31	Probable	GOLS	1	128	k141_705190_1	multidrug	NP_459349.1|FEATURES|golS|multidrug|golS	0.991165071	50	128	124	1.06e-37	1	NA
Tub.88-k141_130201_7-3..219	Tub.88	Probable	TRUNCATED_PUTATIVE_RESPONSE_REGULATOR_ARLR	3	219	k141_130201_7	unclassified	AE015929.1.gene1106.p01|FEATURES|truncated_putative_response_regulator_ArlR|unclassified|truncated_putative_response_regulator_ArlR	0.990795927	50	218	206	1.58e-67	1	NA
Tub.15-k141_214987_1-31..270	Tub.15	Probable	LEN	31	270	k141_214987_1	beta-lactam	AAN05031.1|FEATURES|LEN-4|beta-lactam|LEN	0.982347459	50.6	245	222	2.04e-71	1	NA
Tub.105-k141_98106_2-1..222	Tub.105	Probable	VANR	1	222	k141_98106_2	glycopeptide	gi:938897327:ref:WP_054681472.1:|FEATURES|vanR|glycopeptide|vanR	0.999975941	51.8	222	223	2.94e-74	1	NA
Tub.12-k141_512299_1-26..210	Tub.12	Potential	MTRA	26	210	k141_512299_1	aminoglycoside	undefined	0.534265068	69.7	185	267	3.14e-92	1	NA
Tub.12-k141_512299_1-26..210	Tub.12	Potential_loser	MTRA	26	210	k141_512299_1	multidrug	CCP46065.1|FEATURES|mtrA|multidrug|mtrA	0.269400989	69.7	185	267	3.14e-92	1	NA
Tub.82-k141_318959_8-14..331	Tub.82	Probable	TETA(48)	14	331	k141_318959_8	tetracycline	APB03214.1|FEATURES|tetA(48)|tetracycline|tetA(48)	0.997268828	53.6	319	313	2.06e-106	1	NA
Tub.34-k141_17142_1-24..171	Tub.34	Probable	ERM(37)	24	171	k141_17142_1	MLS	CCP44758.1|FEATURES|Erm(37)|MLS|Erm(37)	0.999821324	57.8	154	145	3.26e-45	1	NA
Tub.105-k141_109154_5-1..110	Tub.105	Potential	RBPA	1	110	k141_109154_5	peptide	undefined	0.257261334	56.8	111	125	5.50e-39	1	NA
Tub.105-k141_109154_5-1..110	Tub.105	Potential_loser	RBPA	1	110	k141_109154_5	multidrug	undefined	0.225221917	56.8	111	125	5.50e-39	1	NA
Tub.83-k141_449709_2-5..225	Tub.83	Potential	TRANSCRIPTIONAL_REGULATORY_PROTEIN_CPXR_CPXR	5	225	k141_449709_2	peptide	undefined	0.289421285	52.9	223	244	1.29e-82	1	NA
Tub.83-k141_449709_2-5..225	Tub.83	Potential_loser	TRANSCRIPTIONAL_REGULATORY_PROTEIN_CPXR_CPXR	5	225	k141_449709_2	unclassified	CP000675.2.gene1535.p01|FEATURES|transcriptional_regulatory_protein_CpxR_cpxR|unclassified|transcriptional_regulatory_protein_CpxR_cpxR	0.278768068	52.9	223	244	1.29e-82	1	NA
Tub.30-k141_88514_1-3..123	Tub.30	Potential	TRUNCATED_PUTATIVE_RESPONSE_REGULATOR_ARLR	3	123	k141_88514_1	unclassified	NC_002745.1124086.p01|FEATURES|truncated_putative_response_regulator_ArlR|unclassified|truncated_putative_response_regulator_ArlR	0.314315441	51.6	122	125	4.07e-37	1	NA
Tub.30-k141_88514_1-3..123	Tub.30	Potential_loser	TRUNCATED_PUTATIVE_RESPONSE_REGULATOR_ARLR	3	123	k141_88514_1	aminoglycoside	undefined	0.298500422	51.6	122	125	4.07e-37	1	NA
Tub.31-k141_280619_5-7..465	Tub.31	Probable	OPRM	7	465	k141_280619_5	multidrug	NC_008702.1.4606278.p01|FEATURES|oprM|multidrug|oprM	0.999989947	51.4	467	392	3.75e-133	1	NA
Tub.30-k141_505658_1-247..1134	Tub.30	Probable	RPOB2	247	1134	k141_505658_1	multidrug	BAD59497.1|FEATURES|rpoB2|multidrug|rpoB2	0.995364685	51	1031	957	0	1	NA
Tub.83-k141_34859_2-35..227	Tub.83	Potential	MTRA	35	227	k141_34859_2	aminoglycoside	undefined	0.591164137	73.1	193	295	6.59e-103	1	NA
Tub.83-k141_34859_2-35..227	Tub.83	Potential_loser	MTRA	35	227	k141_34859_2	multidrug	CCP46065.1|FEATURES|mtrA|multidrug|mtrA	0.261294015	73.1	193	295	6.59e-103	1	NA
Tub.26-k141_289774_1-1..254	Tub.26	Probable	BACA	1	254	k141_289774_1	bacitracin	ZP_03552050|FEATURES|bacA|bacitracin|bacA	0.995127767	61.3	256	300	1.95e-103	1	NA
Tub.82-k141_56639_2-41..362	Tub.82	Probable	EFRB	41	362	k141_56639_2	multidrug	CDO61516.1|FEATURES|efrB|multidrug|efrB	0.858829418	53.1	322	335	4.72e-114	1	NA
Tub.82-k141_56639_2-41..362	Tub.82	Potential_loser	EFRB	41	362	k141_56639_2	aminoglycoside	undefined	0.073815627	53.1	322	335	4.72e-114	1	NA
Tub.85-k141_576777_2-1..119	Tub.85	Probable	BRP(MBL)	1	119	k141_576777_2	glycopeptide	YP_007652797.1|FEATURES|BRP(MBL)|glycopeptide|BRP(MBL)	0.991921955	62.2	119	162	1.32e-53	1	NA
Tub.83-k141_257999_1-8..81	Tub.83	Probable	TRUNCATED_PUTATIVE_RESPONSE_REGULATOR_ARLR	8	81	k141_257999_1	unclassified	NC_002745.3251084.p01|FEATURES|truncated_putative_response_regulator_ArlR|unclassified|truncated_putative_response_regulator_ArlR	0.856676889	51.4	74	76.3	5.25e-20	1	NA
Tub.83-k141_257999_1-8..81	Tub.83	Potential_loser	TRUNCATED_PUTATIVE_RESPONSE_REGULATOR_ARLR	8	81	k141_257999_1	peptide	undefined	0.073315629	51.4	74	76.3	5.25e-20	1	NA
Tub.94-k141_65159_2-1..130	Tub.94	Potential	DFRA3	1	130	k141_65159_2	peptide	undefined	0.300650896	50	130	138	2.51e-43	1	NA
Tub.94-k141_65159_2-1..130	Tub.94	Potential_loser	DFRA3	1	130	k141_65159_2	aminoglycoside	undefined	0.18938683	50	130	138	2.51e-43	1	NA
Tub.94-k141_523481_1-16..81	Tub.94	Probable	TRUNCATED_PUTATIVE_RESPONSE_REGULATOR_ARLR	16	81	k141_523481_1	unclassified	NC_002745.3251084.p01|FEATURES|truncated_putative_response_regulator_ArlR|unclassified|truncated_putative_response_regulator_ArlR	0.907569824	53	66	70.9	1.28e-18	1	NA
Tub.83-k141_451088_3-3..162	Tub.83	Potential	DFRA3	3	162	k141_451088_3	peptide	undefined	0.300650896	50.6	160	177	6.01e-58	1	NA
Tub.83-k141_451088_3-3..162	Tub.83	Potential_loser	DFRA3	3	162	k141_451088_3	aminoglycoside	undefined	0.18938683	50.6	160	177	6.01e-58	1	NA
Tub.18-k141_126213_1-19..215	Tub.18	Probable	VATF	19	215	k141_126213_1	MLS	AAF63432|FEATURES|vatF|MLS|vatF	0.999999954	53.5	198	220	1.78e-73	1	NA
Tub.31-k141_592666_7-2..1052	Tub.31	Probable	MEXF	2	1052	k141_592666_7	multidrug	gi:751651551:ref:WP_041118420.1:|FEATURES|mexF|multidrug|mexF	0.999999607	72.8	1051	1479	0	1	fluoroquinolone antibiotic; tetracycline antibiotic
Tub.59-k141_342823_2-4..222	Tub.59	Probable	KDPE	4	222	k141_342823_2	aminoglycoside	NP_415222.1|FEATURES|kdpE|aminoglycoside|kdpE	0.964444821	51.4	220	211	3.38e-69	1	NA
Tub.1-k141_106481_1-24..222	Tub.1	Probable	KDPE	24	222	k141_106481_1	aminoglycoside	NP_415222.1|FEATURES|kdpE|aminoglycoside|kdpE	0.951317911	50.5	206	184	5.38e-59	1	NA
Tub.88-k141_351763_2-21..157	Tub.88	Potential	LEN	21	157	k141_351763_2	aminoglycoside	undefined	0.2924901	52.2	138	134	2.69e-39	1	NA
Tub.88-k141_351763_2-21..157	Tub.88	Potential_loser	LEN	21	157	k141_351763_2	multidrug	undefined	0.253247976	52.2	138	134	2.69e-39	1	NA
Tub.94-k141_187644_2-1..1037	Tub.94	Potential	SMEE	1	1037	k141_187644_2	multidrug	CAG34257|FEATURES|smeE|multidrug|smeE	0.511329129	69.5	1037	1407	0	1	NA
Tub.94-k141_187644_2-1..1037	Tub.94	Potential_loser	SMEE	1	1037	k141_187644_2	aminoglycoside	undefined	0.374497406	69.5	1037	1407	0	1	NA
Tub.82-k141_8847_2-34..227	Tub.82	Potential	MTRA	34	227	k141_8847_2	aminoglycoside	undefined	0.409185655	52.5	198	175	1.37e-55	1	NA
Tub.82-k141_8847_2-34..227	Tub.82	Potential_loser	MTRA	34	227	k141_8847_2	multidrug	CCP46065.1|FEATURES|mtrA|multidrug|mtrA	0.275663531	52.5	198	175	1.37e-55	1	NA
Tub.58-k141_461120_1-2..126	Tub.58	Probable	GOLS	2	126	k141_461120_1	multidrug	NP_459349.1|FEATURES|golS|multidrug|golS	0.996826731	57.6	125	151	4.79e-48	1	NA
Tub.58-k141_357382_2-1..1058	Tub.58	Probable	MTRD	1	1058	k141_357382_2	multidrug	NP_274718.1|FEATURES|mtrD|multidrug|mtrD	0.923906268	58.9	1060	1158	0	1	fluoroquinolone antibiotic; tetracycline antibiotic
Tub.26-k141_85220_1-1..119	Tub.26	Probable	BRP(MBL)	1	119	k141_85220_1	glycopeptide	YP_007652797.1|FEATURES|BRP(MBL)|glycopeptide|BRP(MBL)	0.993726499	60.5	119	162	1.88e-53	1	NA
Tub.15-k141_256859_1-1..127	Tub.15	Probable	GOLS	1	127	k141_256859_1	multidrug	NP_459349.1|FEATURES|golS|multidrug|golS	0.997775616	59.8	127	155	8.24e-50	1	NA
Tub.58-k141_484771_1-12..120	Tub.58	Probable	BRP(MBL)	12	120	k141_484771_1	glycopeptide	YP_007652797.1|FEATURES|BRP(MBL)|glycopeptide|BRP(MBL)	0.993726499	57.8	109	131	1.98e-41	1	NA
Tub.88-k141_279228_2-7..78	Tub.88	Probable	TRUNCATED_PUTATIVE_RESPONSE_REGULATOR_ARLR	7	78	k141_279228_2	unclassified	NC_002745.3251084.p01|FEATURES|truncated_putative_response_regulator_ArlR|unclassified|truncated_putative_response_regulator_ArlR	0.903806166	50.7	73	73.9	1.09e-17	1	NA
Tub.16-k141_790197_5-6..174	Tub.16	Probable	AAC(6')-31	6	174	k141_790197_5	aminoglycoside	gi:950228232:ref:WP_057272322.1:|FEATURES|aac(6')-31|aminoglycoside|aac(6')-31	0.999999875	51.5	169	196	8.32e-65	1	NA
Tub.82-k141_118823_2-8..78	Tub.82	Probable	TRUNCATED_PUTATIVE_RESPONSE_REGULATOR_ARLR	8	78	k141_118823_2	unclassified	NC_002745.3251084.p01|FEATURES|truncated_putative_response_regulator_ArlR|unclassified|truncated_putative_response_regulator_ArlR	0.868343094	52.1	71	74.7	5.22e-19	1	NA
Tub.82-k141_118823_2-8..78	Tub.82	Potential_loser	TRUNCATED_PUTATIVE_RESPONSE_REGULATOR_ARLR	8	78	k141_118823_2	peptide	undefined	0.067728119	52.1	71	74.7	5.22e-19	1	NA
Tub.1-k141_263895_4-34..289	Tub.1	Potential	LRA	34	289	k141_263895_4	aminoglycoside	undefined	0.356472216	50.2	257	236	6.34e-78	1	NA
Tub.1-k141_263895_4-34..289	Tub.1	Potential_loser	LRA	34	289	k141_263895_4	peptide	undefined	0.247490253	50.2	257	236	6.34e-78	1	NA
Tub.58-k141_260830_2-14..312	Tub.58	Probable	BCRA	14	312	k141_260830_2	bacitracin	gi:542061059:gb:ERI11611.1:|FEATURES|bcrA|bacitracin|bcrA	0.998389477	51.8	299	310	7.71e-105	1	NA
Tub.31-k141_204793_1-41..482	Tub.31	Potential	EMRB	41	482	k141_204793_1	fluoroquinolone	undefined	0.182120174	50.8	443	439	1.35e-151	1	NA
Tub.31-k141_204793_1-41..482	Tub.31	Potential_loser	EMRB	41	482	k141_204793_1	peptide	undefined	0.161402409	50.8	443	439	1.35e-151	1	NA
Tub.1-k141_23516_5-3..222	Tub.1	Probable	KDPE	3	222	k141_23516_5	aminoglycoside	NP_415222.1|FEATURES|kdpE|aminoglycoside|kdpE	0.977891132	54.5	222	235	8.05e-79	1	NA
Tub.99-k141_119359_1-36..227	Tub.99	Potential	MTRA	36	227	k141_119359_1	aminoglycoside	undefined	0.455640592	50.5	194	197	2.05e-64	1	NA
Tub.99-k141_119359_1-36..227	Tub.99	Potential_loser	MTRA	36	227	k141_119359_1	multidrug	CCP46065.1|FEATURES|mtrA|multidrug|mtrA	0.275549996	50.5	194	197	2.05e-64	1	NA
Tub.88-k141_347762_2-2..1018	Tub.88	Potential	MEXK	2	1018	k141_347762_2	triclosan	undefined	0.791963361	69.5	1017	1340	0	1	NA
Tub.88-k141_347762_2-2..1018	Tub.88	Potential_loser	MEXK	2	1018	k141_347762_2	multidrug	AAG07064.1|FEATURES|MexK|multidrug|MexK	0.080439289	69.5	1017	1340	0	1	NA
Tub.18-k141_584647_2-2..277	Tub.18	Probable	BACA	2	277	k141_584647_2	bacitracin	YP_550152|FEATURES|bacA|bacitracin|bacA	0.995254281	83.3	276	454	1.25e-163	1	NA
Tub.31-k141_837876_1-10..319	Tub.31	Potential	ROSA	10	319	k141_837876_1	peptide	undefined	0.340190533	74.5	310	444	8.92e-158	1	NA
Tub.31-k141_837876_1-10..319	Tub.31	Potential_loser	ROSA	10	319	k141_837876_1	multidrug	undefined	0.178042794	74.5	310	444	8.92e-158	1	NA
Tub.31-k141_298318_5-8..242	Tub.31	Probable	OMPR	8	242	k141_298318_5	multidrug	NC_008702.1.4607594.p01|FEATURES|ompR|multidrug|ompR	0.996272424	51.1	235	217	4.45e-71	1	NA
Tub.88-k141_326266_1-15..265	Tub.88	Probable	LRA	15	265	k141_326266_1	beta-lactam	EU408351.1.gene26.p01|FEATURES|LRA-12|beta-lactam|LRA	0.99998471	67.7	251	368	6.17e-130	1	NA
Tub.16-k141_264540_1-11..147	Tub.16	Potential	ERM(37)	11	147	k141_264540_1	peptide	undefined	0.241625747	51	145	136	4.64e-42	1	NA
Tub.16-k141_264540_1-11..147	Tub.16	Potential_loser	ERM(37)	11	147	k141_264540_1	multidrug	undefined	0.17151685	51	145	136	4.64e-42	1	NA
Tub.82-k141_90035_10-1..295	Tub.82	Potential	ADEL	1	295	k141_90035_10	peptide	undefined	0.300785478	50.5	295	289	1.83e-97	1	NA
Tub.82-k141_90035_10-1..295	Tub.82	Potential_loser	ADEL	1	295	k141_90035_10	multidrug	ALH22601.1|FEATURES|adeL|multidrug|adeL	0.187098652	50.5	295	289	1.83e-97	1	NA
Tub.4-k141_146762_1-3..184	Tub.4	Probable	TRANSCRIPTIONAL_REGULATORY_PROTEIN_CPXR_CPXR	3	184	k141_146762_1	unclassified	CP000675.2.gene1535.p01|FEATURES|transcriptional_regulatory_protein_CpxR_cpxR|unclassified|transcriptional_regulatory_protein_CpxR_cpxR	0.953481536	51.6	186	177	8.09e-57	1	NA
Tub.11-k141_338514_2-4..118	Tub.11	Potential	TRUNCATED_PUTATIVE_RESPONSE_REGULATOR_ARLR	4	118	k141_338514_2	aminoglycoside	undefined	0.309348352	50.8	118	107	2.68e-31	1	NA
Tub.11-k141_338514_2-4..118	Tub.11	Potential_loser	TRUNCATED_PUTATIVE_RESPONSE_REGULATOR_ARLR	4	118	k141_338514_2	unclassified	NC_002745.1124086.p01|FEATURES|truncated_putative_response_regulator_ArlR|unclassified|truncated_putative_response_regulator_ArlR	0.263516693	50.8	118	107	2.68e-31	1	NA
Tub.59-k141_735428_2-1..160	Tub.59	Potential	DFRA3	1	160	k141_735428_2	peptide	undefined	0.300650896	56.5	161	178	1.32e-58	1	NA
Tub.59-k141_735428_2-1..160	Tub.59	Potential_loser	DFRA3	1	160	k141_735428_2	aminoglycoside	undefined	0.18938683	56.5	161	178	1.32e-58	1	NA
Tub.31-k141_455617_5-49..358	Tub.31	Potential	FARA	49	358	k141_455617_5	peptide	undefined	0.329593237	51.2	324	275	1.22e-89	1	NA
Tub.31-k141_455617_5-49..358	Tub.31	Potential_loser	FARA	49	358	k141_455617_5	tetracycline	undefined	0.255115839	51.2	324	275	1.22e-89	1	NA
Tub.59-k141_653732_1-4..127	Tub.59	Potential	TRUNCATED_PUTATIVE_RESPONSE_REGULATOR_ARLR	4	127	k141_653732_1	aminoglycoside	undefined	0.308675697	50	126	112	2.06e-32	1	NA
Tub.59-k141_653732_1-4..127	Tub.59	Potential_loser	TRUNCATED_PUTATIVE_RESPONSE_REGULATOR_ARLR	4	127	k141_653732_1	unclassified	NC_002745.1124086.p01|FEATURES|truncated_putative_response_regulator_ArlR|unclassified|truncated_putative_response_regulator_ArlR	0.268374609	50	126	112	2.06e-32	1	NA
Tub.104-k141_232683_4-17..326	Tub.104	Probable	TETA(48)	17	326	k141_232683_4	tetracycline	APB03214.1|FEATURES|tetA(48)|tetracycline|tetA(48)	0.99656256	51.7	315	315	4.16e-107	1	NA
Tub.58-k141_663989_6-1..109	Tub.58	Potential	RBPA	1	109	k141_663989_6	peptide	undefined	0.262488561	56.9	109	123	4.00e-38	1	NA
Tub.58-k141_663989_6-1..109	Tub.58	Potential_loser	RBPA	1	109	k141_663989_6	multidrug	undefined	0.228180259	56.9	109	123	4.00e-38	1	NA
Tub.26-k141_604112_3-1..276	Tub.26	Probable	BACA	1	276	k141_604112_3	bacitracin	Q4KC13|FEATURES|bacA|bacitracin|bacA	0.985966699	90.2	276	498	4.26e-181	1	NA
Tub.10-k141_560982_2-21..175	Tub.10	Probable	AAC(6')-I	21	175	k141_560982_2	aminoglycoside	AB164230.1.gene1.p01|FEATURES|aac(6')-I|aminoglycoside|aac(6')-I	0.999698013	52.4	164	161	1.70e-51	1	NA
Tub.12-k141_304065_2-4..118	Tub.12	Potential	TRUNCATED_PUTATIVE_RESPONSE_REGULATOR_ARLR	4	118	k141_304065_2	aminoglycoside	undefined	0.305353606	50.8	118	107	6.83e-30	1	NA
Tub.12-k141_304065_2-4..118	Tub.12	Potential_loser	TRUNCATED_PUTATIVE_RESPONSE_REGULATOR_ARLR	4	118	k141_304065_2	unclassified	NC_002745.1124086.p01|FEATURES|truncated_putative_response_regulator_ArlR|unclassified|truncated_putative_response_regulator_ArlR	0.287207675	50.8	118	107	6.83e-30	1	NA
Tub.59-k141_469060_3-8..365	Tub.59	Probable	ACRA	8	365	k141_469060_3	multidrug	NC_002695.1.912781.p01|FEATURES|acrA|multidrug|acrA	0.999994966	54.9	366	352	3.48e-120	1	NA
Tub.12-k141_196308_1-1..1024	Tub.12	Potential	MUXB	1	1024	k141_196308_1	multidrug	NP_251217.1|FEATURES|MuxB|multidrug|MuxB	0.638620785	64.8	1027	1236	0	1	NA
Tub.12-k141_196308_1-1..1024	Tub.12	Potential_loser	MUXB	1	1024	k141_196308_1	aminocoumarin	NP_251217.1|FEATURES|MuxB|multidrug|MuxB	0.356277607	64.8	1027	1236	0	1	NA
Tub.12-k141_166452_1-12..267	Tub.12	Probable	KASUGAMYCIN_RESISTANCE_PROTEIN_KSGA	12	267	k141_166452_1	aminoglycoside	Q57TH0|FEATURES|kasugamycin_resistance_protein_ksgA|aminoglycoside|kasugamycin_resistance_protein_ksgA	0.999503549	50	256	251	5.68e-84	1	NA
Tub.104-k141_156443_2-14..469	Tub.104	Probable	QEPA	14	469	k141_156443_2	fluoroquinolone	gi:1039004533:ref:WP_064760451.1:|FEATURES|qepA|fluoroquinolone|qepA	0.991697324	57.3	459	451	5.20e-156	1	NA
Tub.10-k141_490016_2-4..118	Tub.10	Potential	TRUNCATED_PUTATIVE_RESPONSE_REGULATOR_ARLR	4	118	k141_490016_2	aminoglycoside	undefined	0.302845745	50.9	116	115	2.95e-33	1	NA
Tub.10-k141_490016_2-4..118	Tub.10	Potential_loser	TRUNCATED_PUTATIVE_RESPONSE_REGULATOR_ARLR	4	118	k141_490016_2	unclassified	NC_002745.1124086.p01|FEATURES|truncated_putative_response_regulator_ArlR|unclassified|truncated_putative_response_regulator_ArlR	0.298200288	50.9	116	115	2.95e-33	1	NA
Tub.31-k141_629360_1-1..150	Tub.31	Potential	DFRA3	1	150	k141_629360_1	peptide	undefined	0.2949207	52.3	151	147	3.12e-46	1	NA
Tub.31-k141_629360_1-1..150	Tub.31	Potential_loser	DFRA3	1	150	k141_629360_1	aminoglycoside	undefined	0.194233035	52.3	151	147	3.12e-46	1	NA
Tub.94-k141_132010_1-33..521	Tub.94	Potential	ROSB	33	521	k141_132010_1	peptide	undefined	0.371848353	50.9	497	420	5.99e-143	1	NA
Tub.94-k141_132010_1-33..521	Tub.94	Potential_loser	ROSB	33	521	k141_132010_1	unclassified	undefined	0.180945417	50.9	497	420	5.99e-143	1	NA
Tub.18-k141_501448_1-11..277	Tub.18	Potential	BACA	11	277	k141_501448_1	peptide	undefined	0.272877151	52.6	268	246	2.87e-82	1	NA
Tub.18-k141_501448_1-11..277	Tub.18	Potential_loser	BACA	11	277	k141_501448_1	multidrug	undefined	0.225136007	52.6	268	246	2.87e-82	1	NA
Tub.4-k141_134707_8-14..160	Tub.4	Potential	DFRA3	14	160	k141_134707_8	peptide	undefined	0.296100091	52.7	148	157	4.53e-50	1	NA
Tub.4-k141_134707_8-14..160	Tub.4	Potential_loser	DFRA3	14	160	k141_134707_8	aminoglycoside	undefined	0.193382805	52.7	148	157	4.53e-50	1	NA
Tub.105-k141_543229_4-5..228	Tub.105	Potential	MTRA	5	228	k141_543229_4	aminoglycoside	undefined	0.567342691	71.9	224	323	1.08e-113	1	NA
Tub.105-k141_543229_4-5..228	Tub.105	Potential_loser	MTRA	5	228	k141_543229_4	multidrug	CCP46065.1|FEATURES|mtrA|multidrug|mtrA	0.265053676	71.9	224	323	1.08e-113	1	NA
Tub.83-k141_634386_10-9..308	Tub.83	Probable	PMRF	9	308	k141_634386_10	peptide	AAC75314.1|FEATURES|PmrF|peptide|PmrF	0.914964154	50.5	301	286	4.61e-96	1	NA
Tub.88-k141_201121_1-4..224	Tub.88	Probable	KDPE	4	224	k141_201121_1	aminoglycoside	NP_415222.1|FEATURES|kdpE|aminoglycoside|kdpE	0.988194436	61.9	223	283	7.50e-98	1	NA
Tub.88-k141_190053_1-20..122	Tub.88	Potential	FOSX	20	122	k141_190053_1	peptide	undefined	0.277389489	50.5	103	115	3.50e-35	1	NA
Tub.88-k141_190053_1-20..122	Tub.88	Potential_loser	FOSX	20	122	k141_190053_1	aminoglycoside	undefined	0.202017208	50.5	103	115	3.50e-35	1	NA
Tub.59-k141_324025_7-18..452	Tub.59	Probable	PATA	18	452	k141_324025_7	fluoroquinolone	NP_417544.5|FEATURES|patA|fluoroquinolone|patA	0.961854886	58.4	435	513	9.88e-182	1	NA
Tub.88-k141_22851_2-3..222	Tub.88	Probable	KDPE	3	222	k141_22851_2	aminoglycoside	NP_415222.1|FEATURES|kdpE|aminoglycoside|kdpE	0.975408592	51.4	222	226	3.50e-75	1	NA
Tub.105-k141_59587_1-23..143	Tub.105	Probable	ADP-RIBOSYLATING_TRANSFERASE_ARR	23	143	k141_59587_1	rifamycin	AF001493.1.orf0.gene.p01|FEATURES|ADP-ribosylating_transferase_arr|rifamycin|ADP-ribosylating_transferase_arr	0.999112779	60.3	121	151	7.08e-49	1	NA
Tub.94-k141_54154_2-18..1153	Tub.94	Probable	RPOB2	18	1153	k141_54154_2	multidrug	BAD59497.1|FEATURES|rpoB2|multidrug|rpoB2	0.994989006	55.6	1216	1211	0	1	NA
Tub.51-k141_95553_11-3..225	Tub.51	Probable	KDPE	3	225	k141_95553_11	aminoglycoside	NP_415222.1|FEATURES|kdpE|aminoglycoside|kdpE	0.969731086	50.9	224	221	1.26e-73	1	NA
Tub.1-k141_118437_1-11..369	Tub.1	Probable	ROSA	11	369	k141_118437_1	fosmidomycin	ZP_04621517|FEATURES|rosA|fosmidomycin|rosA	0.999189253	68.1	360	464	5.39e-164	1	NA
Tub.104-k141_250741_1-1..106	Tub.104	Potential	RBPA	1	106	k141_250741_1	peptide	undefined	0.253258539	52.8	108	110	4.87e-33	1	NA
Tub.104-k141_250741_1-1..106	Tub.104	Potential_loser	RBPA	1	106	k141_250741_1	multidrug	undefined	0.224136064	52.8	108	110	4.87e-33	1	NA
Tub.104-k141_54652_1-7..128	Tub.104	Probable	AAC(6')-I	7	128	k141_54652_1	aminoglycoside	AB116646.1.gene1.p01|FEATURES|aac(6')-I|aminoglycoside|aac(6')-I	0.980771999	51.2	129	137	8.41e-43	1	NA
Tub.30-k141_242343_1-15..346	Tub.30	Potential	FARA	15	346	k141_242343_1	peptide	undefined	0.329593237	50	346	289	7.63e-95	1	NA
Tub.30-k141_242343_1-15..346	Tub.30	Potential_loser	FARA	15	346	k141_242343_1	tetracycline	undefined	0.255115839	50	346	289	7.63e-95	1	NA
Tub.82-k141_412375_3-27..174	Tub.82	Probable	AAC(6')-I	27	174	k141_412375_3	aminoglycoside	AB164230.1.gene1.p01|FEATURES|aac(6')-I|aminoglycoside|aac(6')-I	0.999655629	52.6	156	169	2.29e-53	1	NA
Tub.105-k141_248740_3-1..109	Tub.105	Potential	RBPA	1	109	k141_248740_3	peptide	undefined	0.259873931	59.1	110	136	1.62e-43	1	NA
Tub.105-k141_248740_3-1..109	Tub.105	Potential_loser	RBPA	1	109	k141_248740_3	multidrug	undefined	0.226043333	59.1	110	136	1.62e-43	1	NA
Tub.23-k141_159896_1-10..249	Tub.23	Probable	OMPR	10	249	k141_159896_1	multidrug	gi:909830386:gb:AKU13184.1:|FEATURES|ompR|multidrug|ompR	0.99653107	62.9	240	293	2.50e-101	1	NA
Tub.82-k141_349512_2-45..339	Tub.82	Probable	ACRA	45	339	k141_349512_2	multidrug	gi:500615129:gb:EOQ55695.1:|FEATURES|acrA|multidrug|acrA	0.831179974	50.3	300	254	4.69e-83	1	NA
Tub.82-k141_349512_2-45..339	Tub.82	Potential_loser	ACRA	45	339	k141_349512_2	aminoglycoside	undefined	0.102527713	50.3	300	254	4.69e-83	1	NA
Tub.11-k141_79138_3-4..125	Tub.11	Potential	TRUNCATED_PUTATIVE_RESPONSE_REGULATOR_ARLR	4	125	k141_79138_3	unclassified	NC_002745.1124086.p01|FEATURES|truncated_putative_response_regulator_ArlR|unclassified|truncated_putative_response_regulator_ArlR	0.325850746	56.9	123	129	1.71e-39	1	NA
Tub.11-k141_79138_3-4..125	Tub.11	Potential_loser	TRUNCATED_PUTATIVE_RESPONSE_REGULATOR_ARLR	4	125	k141_79138_3	aminoglycoside	undefined	0.294983843	56.9	123	129	1.71e-39	1	NA
Tub.82-k141_193327_1-35..242	Tub.82	Probable	OMPR	35	242	k141_193327_1	multidrug	NC_008702.1.4607594.p01|FEATURES|ompR|multidrug|ompR	0.981329274	51.2	209	182	4.07e-58	1	NA
Tub.31-k141_245149_2-1..238	Tub.31	Potential	JOHN-1	1	238	k141_245149_2	multidrug	undefined	0.35420955	52.1	238	279	8.82e-96	1	NA
Tub.31-k141_245149_2-1..238	Tub.31	Potential_loser	JOHN-1	1	238	k141_245149_2	aminoglycoside	undefined	0.182720759	52.1	238	279	8.82e-96	1	NA
Tub.12-k141_82933_3-8..152	Tub.12	Probable	AAC(3)-I	8	152	k141_82933_3	aminoglycoside	gi:746038505:ref:WP_039110078.1:|FEATURES|aac(3)-I|aminoglycoside|aac(3)-I	0.999983897	61.4	145	174	3.07e-57	1	NA
Tub.104-k141_487636_1-9..212	Tub.104	Potential	MTRA	9	212	k141_487636_1	aminoglycoside	undefined	0.526049901	73	204	301	2.83e-105	1	NA
Tub.104-k141_487636_1-9..212	Tub.104	Potential_loser	MTRA	9	212	k141_487636_1	multidrug	CCP46065.1|FEATURES|mtrA|multidrug|mtrA	0.270297652	73	204	301	2.83e-105	1	NA
Tub.30-k141_90908_36-1..1030	Tub.30	Probable	ACRB	1	1030	k141_90908_36	multidrug	gi:491078681:ref:WP_004940301.1:|FEATURES|acrB|multidrug|acrB	0.922683955	52.9	1037	995	0	1	fluoroquinolone antibiotic; tetracycline antibiotic
Tub.82-k141_177779_3-1..277	Tub.82	Probable	BACA	1	277	k141_177779_3	bacitracin	YP_550152|FEATURES|bacA|bacitracin|bacA	0.993452385	84.1	277	461	8.16e-167	1	NA
Tub.51-k141_15383_2-16..491	Tub.51	Potential	EMRB-QACA_FAMILY_MAJOR_FACILITATOR_TRANSPORTER	16	491	k141_15383_2	diaminopyrimidine	undefined	0.547957078	56.7	476	547	2.12e-193	1	NA
Tub.51-k141_15383_2-16..491	Tub.51	Potential_loser	EMRB-QACA_FAMILY_MAJOR_FACILITATOR_TRANSPORTER	16	491	k141_15383_2	peptide	undefined	0.146262172	56.7	476	547	2.12e-193	1	NA
Tub.30-k141_610111_1-1..277	Tub.30	Potential	BACA	1	277	k141_610111_1	peptide	undefined	0.273015893	52.8	282	248	7.77e-83	1	NA
Tub.30-k141_610111_1-1..277	Tub.30	Potential_loser	BACA	1	277	k141_610111_1	multidrug	undefined	0.225436924	52.8	282	248	7.77e-83	1	NA
Tub.85-k141_657639_6-10..402	Tub.85	Probable	ROSA	10	402	k141_657639_6	fosmidomycin	YP_001401993|FEATURES|rosA|fosmidomycin|rosA	0.998962756	62.7	394	477	6.96e-169	1	NA
Tub.51-k141_186110_1-3..1020	Tub.51	Potential	MEXK	3	1020	k141_186110_1	triclosan	undefined	0.378503976	50	1035	951	0	1	NA
Tub.51-k141_186110_1-3..1020	Tub.51	Potential_loser	MEXK	3	1020	k141_186110_1	multidrug	AAG07064.1|FEATURES|MexK|multidrug|MexK	0.223317046	50	1035	951	0	1	NA
Tub.58-k141_232533_2-34..291	Tub.58	Potential	LRA	34	291	k141_232533_2	peptide	undefined	0.342176894	51.7	259	248	5.54e-82	1	NA
Tub.58-k141_232533_2-34..291	Tub.58	Potential_loser	LRA	34	291	k141_232533_2	aminoglycoside	undefined	0.147684503	51.7	259	248	5.54e-82	1	NA
Tub.94-k141_266807_4-1..223	Tub.94	Probable	KDPE	1	223	k141_266807_4	aminoglycoside	NP_415222.1|FEATURES|kdpE|aminoglycoside|kdpE	0.984620991	50.2	225	226	1.94e-75	1	NA
Tub.18-k141_392914_2-6..227	Tub.18	Potential	MTRA	6	227	k141_392914_2	aminoglycoside	undefined	0.483883448	54.2	227	219	9.89e-73	1	NA
Tub.18-k141_392914_2-6..227	Tub.18	Potential_loser	MTRA	6	227	k141_392914_2	multidrug	CCP46065.1|FEATURES|mtrA|multidrug|mtrA	0.273937994	54.2	227	219	9.89e-73	1	NA
Tub.58-k141_114603_4-1..274	Tub.58	Probable	BACA	1	274	k141_114603_4	bacitracin	YP_002552549|FEATURES|bacA|bacitracin|bacA	0.98530138	67	303	372	6.58e-131	1	NA
Tub.1-k141_272685_1-19..370	Tub.1	Probable	ROSA	19	370	k141_272685_1	fosmidomycin	YP_001605796|FEATURES|rosA|fosmidomycin|rosA	0.999274644	71.6	352	474	3.56e-168	1	NA
Tub.59-k141_588395_6-12..402	Tub.59	Probable	ROSA	12	402	k141_588395_6	fosmidomycin	YP_001401993|FEATURES|rosA|fosmidomycin|rosA	0.99904752	62.8	393	475	4.47e-168	1	NA
Tub.16-k141_242920_1-36..181	Tub.16	Probable	AAC(2')-I	36	181	k141_242920_1	aminoglycoside	YP_001848841|FEATURES|aac(2')-I|aminoglycoside|aac(2')-I	0.998036878	56.8	146	166	1.39e-53	1	NA
Tub.16-k141_18851_3-3..221	Tub.16	Probable	VANR	3	221	k141_18851_3	glycopeptide	gi:747653988:emb:CEL19270.1:|FEATURES|vanR|glycopeptide|vanR	0.999987973	56.6	219	241	2.33e-81	1	NA
Tub.104-k141_130012_3-28..175	Tub.104	Probable	AAC(6')-I	28	175	k141_130012_3	aminoglycoside	AB164230.1.gene1.p01|FEATURES|aac(6')-I|aminoglycoside|aac(6')-I	0.999421132	50.6	160	151	1.21e-47	1	NA
Tub.83-k141_455422_1-3..120	Tub.83	Potential	TRUNCATED_PUTATIVE_RESPONSE_REGULATOR_ARLR	3	120	k141_455422_1	unclassified	NC_002745.1124086.p01|FEATURES|truncated_putative_response_regulator_ArlR|unclassified|truncated_putative_response_regulator_ArlR	0.309671918	50.4	119	117	1.83e-34	1	NA
Tub.83-k141_455422_1-3..120	Tub.83	Potential_loser	TRUNCATED_PUTATIVE_RESPONSE_REGULATOR_ARLR	3	120	k141_455422_1	aminoglycoside	undefined	0.299821223	50.4	119	117	1.83e-34	1	NA
Tub.88-k141_54029_1-2..126	Tub.88	Probable	GOLS	2	126	k141_54029_1	multidrug	NP_459349.1|FEATURES|golS|multidrug|golS	0.996033214	53.6	125	137	1.81e-42	1	NA
Tub.58-k141_429737_1-22..182	Tub.58	Potential	DFRA1	22	182	k141_429737_1	diaminopyrimidine	CAL48457|FEATURES|dfrA1|diaminopyrimidine|dfrA1	0.407816825	52.5	162	186	2.97e-61	1	NA
Tub.58-k141_429737_1-22..182	Tub.58	Potential_loser	DFRA1	22	182	k141_429737_1	peptide	undefined	0.295746085	52.5	162	186	2.97e-61	1	NA
Tub.51-k141_224023_1-1..78	Tub.51	Probable	DFRB2	1	78	k141_224023_1	diaminopyrimidine	P00384|FEATURES|dfrB2|diaminopyrimidine|dfrB2	0.997361307	73.1	78	112	4.35e-35	1	NA
Tub.31-k141_181592_2-9..210	Tub.31	Probable	CAMP-REGULATORY_PROTEIN	9	210	k141_181592_2	unclassified	gi:490367208:ref:WP_004246872.1:|FEATURES|cAMP-regulatory_protein|unclassified|cAMP-regulatory_protein	0.99532925	53.4	208	229	3.12e-76	1	NA
Tub.104-k141_609464_2-1..663	Tub.104	Potential	OTRA	1	663	k141_609464_2	multidrug	undefined	0.353057426	52.4	678	622	5.28e-218	1	tetracycline antibiotic
Tub.104-k141_609464_2-1..663	Tub.104	Potential_loser	OTRA	1	663	k141_609464_2	aminoglycoside	undefined	0.200021203	52.4	678	622	5.28e-218	1	tetracycline antibiotic
Tub.59-k141_648021_16-1..118	Tub.59	Potential	TRUNCATED_PUTATIVE_RESPONSE_REGULATOR_ARLR	1	118	k141_648021_16	aminoglycoside	undefined	0.305344696	50.4	119	119	4.90e-36	1	NA
Tub.59-k141_648021_16-1..118	Tub.59	Potential_loser	TRUNCATED_PUTATIVE_RESPONSE_REGULATOR_ARLR	1	118	k141_648021_16	unclassified	NC_002745.1124086.p01|FEATURES|truncated_putative_response_regulator_ArlR|unclassified|truncated_putative_response_regulator_ArlR	0.287251264	50.4	119	119	4.90e-36	1	NA
Tub.4-k141_177926_1-12..151	Tub.4	Potential	DFRA3	12	151	k141_177926_1	peptide	undefined	0.295191632	53.5	142	154	2.57e-49	1	NA
Tub.4-k141_177926_1-12..151	Tub.4	Potential_loser	DFRA3	12	151	k141_177926_1	aminoglycoside	undefined	0.19404109	53.5	142	154	2.57e-49	1	NA
Tub.31-k141_841813_2-4..223	Tub.31	Probable	KDPE	4	223	k141_841813_2	aminoglycoside	NP_415222.1|FEATURES|kdpE|aminoglycoside|kdpE	0.976202833	55.5	220	246	1.74e-83	1	NA
Tub.105-k141_127613_1-1..111	Tub.105	Potential	RBPA	1	111	k141_127613_1	peptide	undefined	0.251142286	50	112	98.6	4.01e-28	1	NA
Tub.105-k141_127613_1-1..111	Tub.105	Potential_loser	RBPA	1	111	k141_127613_1	multidrug	undefined	0.223546592	50	112	98.6	4.01e-28	1	NA
Tub.82-k141_132649_1-3..225	Tub.82	Probable	KDPE	3	225	k141_132649_1	aminoglycoside	NP_415222.1|FEATURES|kdpE|aminoglycoside|kdpE	0.9866836	63.8	224	274	3.88e-94	1	NA
Tub.83-k141_10159_2-3..119	Tub.83	Potential	TRUNCATED_PUTATIVE_RESPONSE_REGULATOR_ARLR	3	119	k141_10159_2	unclassified	NC_002745.1124086.p01|FEATURES|truncated_putative_response_regulator_ArlR|unclassified|truncated_putative_response_regulator_ArlR	0.318823253	50	118	120	3.72e-35	1	NA
Tub.83-k141_10159_2-3..119	Tub.83	Potential_loser	TRUNCATED_PUTATIVE_RESPONSE_REGULATOR_ARLR	3	119	k141_10159_2	aminoglycoside	undefined	0.297167067	50	118	120	3.72e-35	1	NA
Tub.10-k141_281634_1-34..155	Tub.10	Potential	LEN	34	155	k141_281634_1	aminoglycoside	undefined	0.290200556	52.3	128	110	9.95e-32	1	NA
Tub.10-k141_281634_1-34..155	Tub.10	Potential_loser	LEN	34	155	k141_281634_1	multidrug	undefined	0.230674224	52.3	128	110	9.95e-32	1	NA
Tub.23-k141_126219_1-5..255	Tub.23	Probable	BACA	5	255	k141_126219_1	bacitracin	ABM94007|FEATURES|bacA|bacitracin|bacA	0.99250401	63.7	251	300	1.70e-103	1	NA
Tub.83-k141_149294_8-1..109	Tub.83	Potential	RBPA	1	109	k141_149294_8	peptide	undefined	0.259642958	55	109	115	5.30e-35	1	NA
Tub.83-k141_149294_8-1..109	Tub.83	Potential_loser	RBPA	1	109	k141_149294_8	multidrug	undefined	0.225868443	55	109	115	5.30e-35	1	NA
Tub.16-k141_814013_2-4..196	Tub.16	Potential	MTRA	4	196	k141_814013_2	aminoglycoside	undefined	0.391375261	50.8	195	179	1.87e-57	1	NA
Tub.16-k141_814013_2-4..196	Tub.16	Potential_loser	MTRA	4	196	k141_814013_2	multidrug	CCP46065.1|FEATURES|mtrA|multidrug|mtrA	0.274956382	50.8	195	179	1.87e-57	1	NA
Tub.51-k141_88450_2-8..1025	Tub.51	Probable	MDTB	8	1025	k141_88450_2	multidrug	CP004022.1.gene1673.p01|FEATURES|mdtB|multidrug|mdtB	0.847418488	56.1	1074	1073	0	1	NA
Tub.51-k141_88450_2-8..1025	Tub.51	Potential_loser	MDTB	8	1025	k141_88450_2	aminocoumarin	CP004022.1.gene1673.p01|FEATURES|mdtB|multidrug|mdtB	0.15033482	56.1	1074	1073	0	1	NA
Tub.104-k141_434013_2-3..225	Tub.104	Potential	TRUNCATED_PUTATIVE_RESPONSE_REGULATOR_ARLR	3	225	k141_434013_2	unclassified	HE999704.1.gene1528.p01|FEATURES|truncated_putative_response_regulator_ArlR|unclassified|truncated_putative_response_regulator_ArlR	0.392716317	50.4	224	211	1.44e-69	1	NA
Tub.104-k141_434013_2-3..225	Tub.104	Potential_loser	TRUNCATED_PUTATIVE_RESPONSE_REGULATOR_ARLR	3	225	k141_434013_2	aminoglycoside	undefined	0.298008842	50.4	224	211	1.44e-69	1	NA
Tub.58-k141_265242_1-26..261	Tub.58	Potential	OXA	26	261	k141_265242_1	peptide	undefined	0.363360334	50.4	236	238	9.11e-79	1	NA
Tub.58-k141_265242_1-26..261	Tub.58	Potential_loser	OXA	26	261	k141_265242_1	aminoglycoside	undefined	0.177783901	50.4	236	238	9.11e-79	1	NA
Tub.105-k141_511359_6-36..329	Tub.105	Probable	TETA(48)	36	329	k141_511359_6	tetracycline	APB03214.1|FEATURES|tetA(48)|tetracycline|tetA(48)	0.99620776	55.8	294	317	2.49e-108	1	NA
Tub.26-k141_701095_2-4..662	Tub.26	Potential	OTRA	4	662	k141_701095_2	multidrug	undefined	0.353057426	50.5	669	551	5.16e-190	1	tetracycline antibiotic
Tub.26-k141_701095_2-4..662	Tub.26	Potential_loser	OTRA	4	662	k141_701095_2	aminoglycoside	undefined	0.200021203	50.5	669	551	5.16e-190	1	tetracycline antibiotic
Tub.59-k141_337344_2-7..81	Tub.59	Probable	TRUNCATED_PUTATIVE_RESPONSE_REGULATOR_ARLR	7	81	k141_337344_2	unclassified	NC_002745.3251084.p01|FEATURES|truncated_putative_response_regulator_ArlR|unclassified|truncated_putative_response_regulator_ArlR	0.867234505	53.3	75	83.2	2.36e-21	1	NA
Tub.59-k141_337344_2-7..81	Tub.59	Potential_loser	TRUNCATED_PUTATIVE_RESPONSE_REGULATOR_ARLR	7	81	k141_337344_2	peptide	undefined	0.068261523	53.3	75	83.2	2.36e-21	1	NA
Tub.104-k141_452961_1-2..1153	Tub.104	Probable	RPOB2	2	1153	k141_452961_1	multidrug	BAD59497.1|FEATURES|rpoB2|multidrug|rpoB2	0.995364685	76.2	1157	1731	0	1	NA
Tub.82-k141_325748_51-2..143	Tub.82	Probable	ADP-RIBOSYLATING_TRANSFERASE_ARR	2	143	k141_325748_51	rifamycin	AF001493.1.orf0.gene.p01|FEATURES|ADP-ribosylating_transferase_arr|rifamycin|ADP-ribosylating_transferase_arr	0.999846787	78.2	142	244	3.23e-85	1	NA
Tub.15-k141_459178_1-5..81	Tub.15	Probable	TRUNCATED_PUTATIVE_RESPONSE_REGULATOR_ARLR	5	81	k141_459178_1	unclassified	NC_002745.3251084.p01|FEATURES|truncated_putative_response_regulator_ArlR|unclassified|truncated_putative_response_regulator_ArlR	0.890140864	50.6	77	79	2.31e-21	1	NA
Tub.15-k141_459178_1-5..81	Tub.15	Potential_loser	TRUNCATED_PUTATIVE_RESPONSE_REGULATOR_ARLR	5	81	k141_459178_1	peptide	undefined	0.057079435	50.6	77	79	2.31e-21	1	NA
Tub.34-k141_31647_2-1..227	Tub.34	Probable	TRANSCRIPTIONAL_REGULATORY_PROTEIN_CPXR_CPXR	1	227	k141_31647_2	unclassified	CP000647.1.gene4257.p01|FEATURES|transcriptional_regulatory_protein_CpxR_cpxR|unclassified|transcriptional_regulatory_protein_CpxR_cpxR	0.925099234	50.9	228	213	1.06e-69	1	NA
Tub.31-k141_762844_3-50..512	Tub.31	Probable	EMRB	50	512	k141_762844_3	multidrug	gi:908735593:ref:WP_049858177.1:|FEATURES|emrB|multidrug|emrB	0.891104479	54.4	467	498	1.86e-174	1	NA
Tub.31-k141_762844_3-50..512	Tub.31	Potential_loser	EMRB	50	512	k141_762844_3	fluoroquinolone	undefined	0.040622832	54.4	467	498	1.86e-174	1	NA
Tub.105-k141_186918_3-1..217	Tub.105	Probable	VANR	1	217	k141_186918_3	glycopeptide	KF478993.1.gene8.p01|FEATURES|vanR|glycopeptide|vanR	0.999985872	57.6	217	237	1.94e-79	1	NA
Tub.16-k141_313069_2-3..129	Tub.16	Probable	BLEOMYCIN_RESISTANCE_PROTEIN	3	129	k141_313069_2	glycopeptide	gi:452754543:emb:CCP89775.1:|FEATURES|bleomycin_resistance_protein|glycopeptide|bleomycin_resistance_protein	0.999971262	50.4	131	143	1.67e-45	1	NA
Tub.10-k141_529987_3-4..226	Tub.10	Potential	MTRA	4	226	k141_529987_3	aminoglycoside	undefined	0.587968684	75.3	223	338	1.11e-119	1	NA
Tub.10-k141_529987_3-4..226	Tub.10	Potential_loser	MTRA	4	226	k141_529987_3	multidrug	CCP46065.1|FEATURES|mtrA|multidrug|mtrA	0.261847625	75.3	223	338	1.11e-119	1	NA
Tub.18-k141_706045_1-1..101	Tub.18	Potential	RBPA	1	101	k141_706045_1	peptide	undefined	0.24888701	50	102	97.4	3.68e-28	1	NA
Tub.18-k141_706045_1-1..101	Tub.18	Potential_loser	RBPA	1	101	k141_706045_1	multidrug	undefined	0.222922629	50	102	97.4	3.68e-28	1	NA
Tub.59-k141_597335_4-4..118	Tub.59	Potential	TRUNCATED_PUTATIVE_RESPONSE_REGULATOR_ARLR	4	118	k141_597335_4	aminoglycoside	undefined	0.302819554	50	118	123	3.42e-37	1	NA
Tub.59-k141_597335_4-4..118	Tub.59	Potential_loser	TRUNCATED_PUTATIVE_RESPONSE_REGULATOR_ARLR	4	118	k141_597335_4	unclassified	NC_002745.1124086.p01|FEATURES|truncated_putative_response_regulator_ArlR|unclassified|truncated_putative_response_regulator_ArlR	0.29830726	50	118	123	3.42e-37	1	NA
Tub.83-k141_757400_5-18..326	Tub.83	Probable	TETA(48)	18	326	k141_757400_5	tetracycline	APB03214.1|FEATURES|tetA(48)|tetracycline|tetA(48)	0.997219384	54.3	311	308	1.05e-104	1	NA
Tub.85-k141_577664_1-12..1025	Tub.85	Potential	MDTB	12	1025	k141_577664_1	multidrug	CP004022.1.gene1673.p01|FEATURES|mdtB|multidrug|mdtB	0.596345889	59.6	1026	1116	0	1	NA
Tub.85-k141_577664_1-12..1025	Tub.85	Potential_loser	MDTB	12	1025	k141_577664_1	aminocoumarin	CP004022.1.gene1673.p01|FEATURES|mdtB|multidrug|mdtB	0.400273963	59.6	1026	1116	0	1	NA
Tub.16-k141_79963_4-24..174	Tub.16	Probable	AAC(6')-I	24	174	k141_79963_4	aminoglycoside	AB164230.1.gene1.p01|FEATURES|aac(6')-I|aminoglycoside|aac(6')-I	0.99960009	52.2	159	146	1.47e-45	1	NA
Tub.30-k141_601227_1-4..81	Tub.30	Probable	TRUNCATED_PUTATIVE_RESPONSE_REGULATOR_ARLR	4	81	k141_601227_1	unclassified	NC_002745.3251084.p01|FEATURES|truncated_putative_response_regulator_ArlR|unclassified|truncated_putative_response_regulator_ArlR	0.907569824	51.3	78	86.7	1.28e-24	1	NA
Tub.58-k141_347779_1-25..330	Tub.58	Potential	CLASS_C	25	330	k141_347779_1	glycopeptide	undefined	0.379711188	51.1	307	329	8.57e-112	1	NA
Tub.58-k141_347779_1-25..330	Tub.58	Potential_loser	CLASS_C	25	330	k141_347779_1	peptide	undefined	0.260980563	51.1	307	329	8.57e-112	1	NA
Tub.105-k141_400097_3-3..319	Tub.105	Potential	OLEC	3	319	k141_400097_3	tetracycline	undefined	0.897617748	54.7	320	313	1.69e-106	1	NA
Tub.105-k141_400097_3-3..319	Tub.105	Potential_loser	OLEC	3	319	k141_400097_3	MLS	AAA26793|FEATURES|oleC|MLS|oleC	0.07015302	54.7	320	313	1.69e-106	1	NA
Tub.11-k141_22234_1-39..299	Tub.11	Potential	RM3	39	299	k141_22234_1	aminoglycoside	undefined	0.37313886	53.3	261	286	3.16e-97	1	NA
Tub.11-k141_22234_1-39..299	Tub.11	Potential_loser	RM3	39	299	k141_22234_1	multidrug	undefined	0.221425724	53.3	261	286	3.16e-97	1	NA
Tub.10-k141_531949_1-1..93	Tub.10	Potential	RBPA	1	93	k141_531949_1	peptide	undefined	0.249972658	50.5	93	92.4	2.45e-26	1	NA
Tub.10-k141_531949_1-1..93	Tub.10	Potential_loser	RBPA	1	93	k141_531949_1	multidrug	undefined	0.223259387	50.5	93	92.4	2.45e-26	1	NA
Tub.82-k141_109024_2-15..264	Tub.82	Potential	BACA	15	264	k141_109024_2	multidrug	undefined	0.357196771	54	250	229	5.23e-75	1	NA
Tub.82-k141_109024_2-15..264	Tub.82	Potential_loser	BACA	15	264	k141_109024_2	peptide	undefined	0.167004659	54	250	229	5.23e-75	1	NA
Tub.104-k141_46475_1-1..145	Tub.104	Probable	AAC(6')-I	1	145	k141_46475_1	aminoglycoside	AF031332.1.gene1.p1|FEATURES|aac(6')-I|aminoglycoside|aac(6')-I	0.818495439	50.3	149	140	8.25e-44	1	NA
Tub.104-k141_46475_1-1..145	Tub.104	Potential_loser	AAC(6')-I	1	145	k141_46475_1	peptide	undefined	0.066736026	50.3	149	140	8.25e-44	1	NA
Tub.104-k141_247935_9-10..286	Tub.104	Probable	AAC(3)-VIII	10	286	k141_247935_9	aminoglycoside	CAF33325|FEATURES|aac(3)-VIII|aminoglycoside|aac(3)-VIII	0.999053093	52.3	277	269	2.01e-90	1	NA
Tub.18-k141_660064_1-17..334	Tub.18	Probable	TETA(48)	17	334	k141_660064_1	tetracycline	APB03214.1|FEATURES|tetA(48)|tetracycline|tetA(48)	0.997073093	50.2	319	304	7.61e-103	1	NA
Tub.104-k141_213870_3-5..228	Tub.104	Potential	MTRA	5	228	k141_213870_3	aminoglycoside	undefined	0.545791958	71.9	224	323	1.08e-113	1	NA
Tub.104-k141_213870_3-5..228	Tub.104	Potential_loser	MTRA	5	228	k141_213870_3	multidrug	CCP46065.1|FEATURES|mtrA|multidrug|mtrA	0.267952194	71.9	224	323	1.08e-113	1	NA
Tub.82-k141_429759_46-6..465	Tub.82	Probable	OPRM	6	465	k141_429759_46	multidrug	NC_008702.1.4606278.p01|FEATURES|oprM|multidrug|oprM	0.860660365	52.6	460	396	3.02e-135	1	NA
Tub.82-k141_429759_46-6..465	Tub.82	Potential_loser	OPRM	6	465	k141_429759_46	aminoglycoside	undefined	0.071592322	52.6	460	396	3.02e-135	1	NA
Tub.83-k141_648871_1-2..153	Tub.83	Potential	TETC	2	153	k141_648871_1	aminoglycoside	undefined	0.374314617	51.6	153	149	5.35e-46	1	NA
Tub.83-k141_648871_1-2..153	Tub.83	Potential_loser	TETC	2	153	k141_648871_1	tetracycline	AY171578.gene.p01|FEATURES|tetC|tetracycline|tetC	0.231229011	51.6	153	149	5.35e-46	1	NA
Tub.85-k141_233511_20-1..547	Tub.85	Probable	ROSB	1	547	k141_233511_20	fosmidomycin	gi:1001786599:ref:WP_061324791.1:|FEATURES|rosB|fosmidomycin|rosB	0.999890428	53.2	547	526	2.67e-183	1	NA
Tub.85-k141_416113_4-1..1041	Tub.85	Probable	ACRB	1	1041	k141_416113_4	multidrug	gi:504419324:ref:WP_014606426.1:|FEATURES|acrB|multidrug|acrB	0.98235935	50.5	1058	969	0	1	NA
Tub.99-k141_226283_1-2..559	Tub.99	Probable	MULTIDRUG_ABC_TRANSPORTER	2	559	k141_226283_1	multidrug	gi:664556405:ref:WP_031071225.1:|FEATURES|multidrug_ABC_transporter|multidrug|multidrug_ABC_transporter	0.997585618	60.4	568	610	1.91e-215	1	NA
Tub.58-k141_458701_21-8..1026	Tub.58	Potential	MDTB	8	1026	k141_458701_21	multidrug	gi:447120532:ref:WP_001197788.1:|FEATURES|mdtB|multidrug|mdtB	0.663260554	58.7	1046	1093	0	1	NA
Tub.58-k141_458701_21-8..1026	Tub.58	Potential_loser	MDTB	8	1026	k141_458701_21	aminocoumarin	undefined	0.333830721	58.7	1046	1093	0	1	NA
Tub.10-k141_256448_2-3..78	Tub.10	Probable	TRUNCATED_PUTATIVE_RESPONSE_REGULATOR_ARLR	3	78	k141_256448_2	unclassified	NC_002745.3251084.p01|FEATURES|truncated_putative_response_regulator_ArlR|unclassified|truncated_putative_response_regulator_ArlR	0.907569824	51.3	78	79	5.43e-21	1	NA
Tub.58-k141_687007_1-4..118	Tub.58	Potential	TRUNCATED_PUTATIVE_RESPONSE_REGULATOR_ARLR	4	118	k141_687007_1	aminoglycoside	undefined	0.302609914	50.9	116	110	1.25e-32	1	NA
Tub.58-k141_687007_1-4..118	Tub.58	Potential_loser	TRUNCATED_PUTATIVE_RESPONSE_REGULATOR_ARLR	4	118	k141_687007_1	unclassified	NC_002745.1124086.p01|FEATURES|truncated_putative_response_regulator_ArlR|unclassified|truncated_putative_response_regulator_ArlR	0.299159938	50.9	116	110	1.25e-32	1	NA
Tub.88-k141_12978_1-19..400	Tub.88	Probable	ROSA	19	400	k141_12978_1	fosmidomycin	ZP_04621517|FEATURES|rosA|fosmidomycin|rosA	0.999274644	67	382	504	1.80e-179	1	NA
Tub.85-k141_516224_1-5..261	Tub.85	Potential	BACA	5	261	k141_516224_1	peptide	undefined	0.229396378	50	262	205	5.14e-66	1	NA
Tub.85-k141_516224_1-5..261	Tub.85	Potential_loser	BACA	5	261	k141_516224_1	multidrug	undefined	0.219273811	50	262	205	5.14e-66	1	NA
Tub.31-k141_345285_6-3..232	Tub.31	Probable	TRANSCRIPTIONAL_REGULATORY_PROTEIN_CPXR_CPXR	3	232	k141_345285_6	unclassified	CP000647.1.gene4257.p01|FEATURES|transcriptional_regulatory_protein_CpxR_cpxR|unclassified|transcriptional_regulatory_protein_CpxR_cpxR	0.804997479	51.1	233	208	2.96e-68	1	NA
Tub.31-k141_345285_6-3..232	Tub.31	Potential_loser	TRANSCRIPTIONAL_REGULATORY_PROTEIN_CPXR_CPXR	3	232	k141_345285_6	peptide	undefined	0.051253824	51.1	233	208	2.96e-68	1	NA
Tub.11-k141_227052_48-4..320	Tub.11	Probable	TETA(48)	4	320	k141_227052_48	tetracycline	APB03214.1|FEATURES|tetA(48)|tetracycline|tetA(48)	0.9974507	51.4	325	306	5.47e-104	1	NA
Tub.104-k141_71146_1-2..138	Tub.104	Probable	AAC(3)-IV	2	138	k141_71146_1	aminoglycoside	AY216678.1.gene1.p01|FEATURES|aac(3)-IV|aminoglycoside|aac(3)-IV	0.953063965	53.6	138	159	2.42e-51	1	NA
Tub.26-k141_527105_7-1..111	Tub.26	Potential	RBPA	1	111	k141_527105_7	peptide	undefined	0.262488561	52.7	112	106	3.61e-31	1	NA
Tub.26-k141_527105_7-1..111	Tub.26	Potential_loser	RBPA	1	111	k141_527105_7	multidrug	undefined	0.228180259	52.7	112	106	3.61e-31	1	NA
Tub.10-k141_464710_1-7..224	Tub.10	Potential	MTRA	7	224	k141_464710_1	aminoglycoside	undefined	0.456151929	50	222	209	6.65e-69	1	NA
Tub.10-k141_464710_1-7..224	Tub.10	Potential_loser	MTRA	7	224	k141_464710_1	multidrug	CCP46065.1|FEATURES|mtrA|multidrug|mtrA	0.275527363	50	222	209	6.65e-69	1	NA
Tub.58-k141_107123_1-14..277	Tub.58	Probable	BACA	14	277	k141_107123_1	bacitracin	YP_523088|FEATURES|bacA|bacitracin|bacA	0.991996955	90.2	264	466	1.15e-168	1	NA
Tub.110-k141_229342_1-4..227	Tub.110	Potential	MTRA	4	227	k141_229342_1	aminoglycoside	undefined	0.591164137	54.2	225	235	1.99e-78	1	NA
Tub.110-k141_229342_1-4..227	Tub.110	Potential_loser	MTRA	4	227	k141_229342_1	multidrug	CCP46065.1|FEATURES|mtrA|multidrug|mtrA	0.261294015	54.2	225	235	1.99e-78	1	NA
Tub.51-k141_356060_1-80..465	Tub.51	Potential	OPRM	80	465	k141_356060_1	multidrug	NC_008702.1.4606278.p01|FEATURES|oprM|multidrug|oprM	0.500921566	51	386	331	1.94e-110	1	NA
Tub.51-k141_356060_1-80..465	Tub.51	Potential_loser	OPRM	80	465	k141_356060_1	aminoglycoside	undefined	0.158593443	51	386	331	1.94e-110	1	NA
Tub.88-k141_146327_5-3..224	Tub.88	Potential	TRANSCRIPTIONAL_REGULATORY_PROTEIN_CPXR_CPXR	3	224	k141_146327_5	unclassified	CP000675.2.gene1535.p01|FEATURES|transcriptional_regulatory_protein_CpxR_cpxR|unclassified|transcriptional_regulatory_protein_CpxR_cpxR	0.688731754	52.4	227	214	8.84e-71	1	NA
Tub.88-k141_146327_5-3..224	Tub.88	Potential_loser	TRANSCRIPTIONAL_REGULATORY_PROTEIN_CPXR_CPXR	3	224	k141_146327_5	peptide	CP000675.2.gene1535.p01|FEATURES|transcriptional_regulatory_protein_CpxR_cpxR|unclassified|transcriptional_regulatory_protein_CpxR_cpxR	0.095048639	52.4	227	214	8.84e-71	1	NA
Tub.12-k141_150744_1-27..228	Tub.12	Potential	MTRA	27	228	k141_150744_1	aminoglycoside	undefined	0.513588985	59.9	202	248	1.30e-84	1	NA
Tub.12-k141_150744_1-27..228	Tub.12	Potential_loser	MTRA	27	228	k141_150744_1	multidrug	CCP46065.1|FEATURES|mtrA|multidrug|mtrA	0.271538411	59.9	202	248	1.30e-84	1	NA
Tub.4-k141_370088_11-1..320	Tub.4	Potential	OLEC	1	320	k141_370088_11	tetracycline	undefined	0.897617748	51.7	325	307	2.20e-104	1	NA
Tub.4-k141_370088_11-1..320	Tub.4	Potential_loser	OLEC	1	320	k141_370088_11	MLS	AAA26793|FEATURES|oleC|MLS|oleC	0.07015302	51.7	325	307	2.20e-104	1	NA
Tub.59-k141_695301_3-5..224	Tub.59	Potential	TRANSCRIPTIONAL_REGULATORY_PROTEIN_CPXR_CPXR	5	224	k141_695301_3	peptide	undefined	0.289421285	51.6	223	238	4.99e-80	1	NA
Tub.59-k141_695301_3-5..224	Tub.59	Potential_loser	TRANSCRIPTIONAL_REGULATORY_PROTEIN_CPXR_CPXR	5	224	k141_695301_3	unclassified	CP000675.2.gene1535.p01|FEATURES|transcriptional_regulatory_protein_CpxR_cpxR|unclassified|transcriptional_regulatory_protein_CpxR_cpxR	0.278768068	51.6	223	238	4.99e-80	1	NA
Tub.1-k141_286392_2-1..103	Tub.1	Potential	RBPA	1	103	k141_286392_2	peptide	undefined	0.262488561	55.8	104	117	8.89e-36	1	NA
Tub.1-k141_286392_2-1..103	Tub.1	Potential_loser	RBPA	1	103	k141_286392_2	multidrug	undefined	0.228180259	55.8	104	117	8.89e-36	1	NA
Tub.105-k141_393716_3-4..228	Tub.105	Potential	MTRA	4	228	k141_393716_3	aminoglycoside	undefined	0.591164137	77.8	225	353	9.00e-126	1	NA
Tub.105-k141_393716_3-4..228	Tub.105	Potential_loser	MTRA	4	228	k141_393716_3	multidrug	CCP46065.1|FEATURES|mtrA|multidrug|mtrA	0.261294015	77.8	225	353	9.00e-126	1	NA
Tub.13-k141_104108_2-2..36	Tub.13	Probable	BLEOMYCIN_RESISTANCE_PROTEIN	2	36	k141_104108_2	glycopeptide	gi:194709354:gb:ACF88577.1:|FEATURES|bleomycin_resistance_protein|glycopeptide|bleomycin_resistance_protein	0.927975855	57.1	35	52	5.19e-12	1	NA
Tub.30-k141_389190_6-34..290	Tub.30	Potential	LRA	34	290	k141_389190_6	beta-lactam	EU408346.1.gene6.p01|FEATURES|LRA-1|beta-lactam|LRA	0.43536323	51.2	258	251	1.32e-83	1	NA
Tub.30-k141_389190_6-34..290	Tub.30	Potential_loser	LRA	34	290	k141_389190_6	multidrug	undefined	0.253910226	51.2	258	251	1.32e-83	1	NA
Tub.58-k141_166134_1-10..109	Tub.58	Potential	RBPA	10	109	k141_166134_1	peptide	undefined	0.258985927	52	100	108	2.40e-32	1	NA
Tub.58-k141_166134_1-10..109	Tub.58	Potential_loser	RBPA	10	109	k141_166134_1	multidrug	undefined	0.22555541	52	100	108	2.40e-32	1	NA
Tub.18-k141_271442_1-28..331	Tub.18	Probable	TETA(48)	28	331	k141_271442_1	tetracycline	APB03214.1|FEATURES|tetA(48)|tetracycline|tetA(48)	0.997361023	54.5	310	315	3.08e-107	1	NA
Tub.30-k141_676536_2-18..399	Tub.30	Probable	ROSA	18	399	k141_676536_2	fosmidomycin	ZP_04621517|FEATURES|rosA|fosmidomycin|rosA	0.994614583	54.9	386	398	8.07e-138	1	NA
Tub.4-k141_58820_4-13..509	Tub.4	Potential	MULTIDRUG_ABC_TRANSPORTER	13	509	k141_58820_4	multidrug	gi:917166849:ref:WP_051773561.1:|FEATURES|multidrug_ABC_transporter|multidrug|multidrug_ABC_transporter	0.78294548	50.1	523	449	9.17e-153	1	NA
Tub.4-k141_58820_4-13..509	Tub.4	Potential_loser	MULTIDRUG_ABC_TRANSPORTER	13	509	k141_58820_4	aminoglycoside	undefined	0.120611671	50.1	523	449	9.17e-153	1	NA
Tub.31-k141_124989_1-1..119	Tub.31	Probable	BRP(MBL)	1	119	k141_124989_1	glycopeptide	YP_007652797.1|FEATURES|BRP(MBL)|glycopeptide|BRP(MBL)	0.991790547	61.3	119	152	2.33e-49	1	NA
Tub.58-k141_206713_2-1..1058	Tub.58	Probable	MTRD	1	1058	k141_206713_2	multidrug	NP_274718.1|FEATURES|mtrD|multidrug|mtrD	0.897938671	58.3	1060	1146	0	1	fluoroquinolone antibiotic; tetracycline antibiotic
Tub.58-k141_206713_2-1..1058	Tub.58	Potential_loser	MTRD	1	1058	k141_206713_2	MLS	undefined	0.051080817	58.3	1060	1146	0	1	fluoroquinolone antibiotic; tetracycline antibiotic
Tub.59-k141_17030_3-3..226	Tub.59	Potential	TRANSCRIPTIONAL_REGULATORY_PROTEIN_CPXR_CPXR	3	226	k141_17030_3	unclassified	CP004022.1.gene3215.p01|FEATURES|transcriptional_regulatory_protein_CpxR_cpxR|unclassified|transcriptional_regulatory_protein_CpxR_cpxR	0.458559821	50.2	225	201	1.14e-65	1	NA
Tub.59-k141_17030_3-3..226	Tub.59	Potential_loser	TRANSCRIPTIONAL_REGULATORY_PROTEIN_CPXR_CPXR	3	226	k141_17030_3	peptide	undefined	0.176036207	50.2	225	201	1.14e-65	1	NA
Tub.59-k141_246611_2-4..225	Tub.59	Probable	KDPE	4	225	k141_246611_2	aminoglycoside	NP_415222.1|FEATURES|kdpE|aminoglycoside|kdpE	0.98688664	59.9	222	286	6.99e-99	1	NA
Tub.15-k141_242720_3-1..102	Tub.15	Potential	RBPA	1	102	k141_242720_3	peptide	undefined	0.260511233	62.1	103	134	9.68e-43	1	NA
Tub.15-k141_242720_3-1..102	Tub.15	Potential_loser	RBPA	1	102	k141_242720_3	multidrug	undefined	0.226633991	62.1	103	134	9.68e-43	1	NA
Tub.105-k141_581229_5-7..224	Tub.105	Potential	MTRA	7	224	k141_581229_5	aminoglycoside	undefined	0.449279749	50.5	222	210	3.31e-69	1	NA
Tub.105-k141_581229_5-7..224	Tub.105	Potential_loser	MTRA	7	224	k141_581229_5	multidrug	CCP46065.1|FEATURES|mtrA|multidrug|mtrA	0.275779951	50.5	222	210	3.31e-69	1	NA
Tub.94-k141_376570_1-15..198	Tub.94	Potential	MTRA	15	198	k141_376570_1	aminoglycoside	undefined	0.523113419	51.9	189	177	7.99e-57	1	NA
Tub.94-k141_376570_1-15..198	Tub.94	Potential_loser	MTRA	15	198	k141_376570_1	multidrug	CCP46065.1|FEATURES|mtrA|multidrug|mtrA	0.270605163	51.9	189	177	7.99e-57	1	NA
Tub.58-k141_147780_1-14..110	Tub.58	Potential	PSEUDOMONAS_AERUGINOSA_EMRE	14	110	k141_147780_1	peptide	undefined	0.522525645	62.9	97	125	3.17e-39	1	NA
Tub.58-k141_147780_1-14..110	Tub.58	Potential_loser	PSEUDOMONAS_AERUGINOSA_EMRE	14	110	k141_147780_1	aminoglycoside	NP_253677.1|FEATURES|Pseudomonas_aeruginosa_emrE|aminoglycoside|Pseudomonas_aeruginosa_emrE	0.220054666	62.9	97	125	3.17e-39	1	NA
Tub.105-k141_248551_2-1..130	Tub.105	Probable	BLEOMYCIN_RESISTANCE_PROTEIN	1	130	k141_248551_2	glycopeptide	gi:452754543:emb:CCP89775.1:|FEATURES|bleomycin_resistance_protein|glycopeptide|bleomycin_resistance_protein	0.999992442	51.1	133	142	3.62e-45	1	NA
Tub.105-k141_4691_11-1..217	Tub.105	Probable	VANR	1	217	k141_4691_11	glycopeptide	gi:943675889:ref:WP_055502070.1:|FEATURES|vanR|glycopeptide|vanR	0.999972108	51.6	217	219	1.31e-72	1	NA
Tub.105-k141_310878_4-4..118	Tub.105	Potential	TRUNCATED_PUTATIVE_RESPONSE_REGULATOR_ARLR	4	118	k141_310878_4	unclassified	NC_002745.1124086.p01|FEATURES|truncated_putative_response_regulator_ArlR|unclassified|truncated_putative_response_regulator_ArlR	0.342964907	50	116	115	4.41e-33	1	NA
Tub.105-k141_310878_4-4..118	Tub.105	Potential_loser	TRUNCATED_PUTATIVE_RESPONSE_REGULATOR_ARLR	4	118	k141_310878_4	aminoglycoside	undefined	0.289478615	50	116	115	4.41e-33	1	NA
Tub.51-k141_81015_1-4..138	Tub.51	Probable	AAC(3)-I	4	138	k141_81015_1	aminoglycoside	AJ511268.1.gene3.p01|FEATURES|aac(3)-I|aminoglycoside|aac(3)-I	0.999984711	60.7	135	144	2.01e-44	1	NA
Tub.34-k141_403923_3-1..126	Tub.34	Probable	GOLS	1	126	k141_403923_3	multidrug	NP_459349.1|FEATURES|golS|multidrug|golS	0.997612096	50.8	126	127	1.57e-38	1	NA
Tub.11-k141_355889_2-9..262	Tub.11	Potential	KASUGAMYCIN_RESISTANCE_PROTEIN_KSGA	9	262	k141_355889_2	aminoglycoside	A7FMC1|FEATURES|kasugamycin_resistance_protein_ksgA|aminoglycoside|kasugamycin_resistance_protein_ksgA	0.654401686	50.4	254	244	2.62e-81	1	NA
Tub.11-k141_355889_2-9..262	Tub.11	Potential_loser	KASUGAMYCIN_RESISTANCE_PROTEIN_KSGA	9	262	k141_355889_2	multidrug	undefined	0.104561877	50.4	254	244	2.62e-81	1	NA
Tub.94-k141_110894_2-63..273	Tub.94	Potential	BACA	63	273	k141_110894_2	fluoroquinolone	undefined	0.320757977	58.6	222	253	1.33e-85	1	NA
Tub.94-k141_110894_2-63..273	Tub.94	Potential_loser	BACA	63	273	k141_110894_2	bacitracin	YP_985461|FEATURES|bacA|bacitracin|bacA	0.222001701	58.6	222	253	1.33e-85	1	NA
Tub.30-k141_248023_2-3..128	Tub.30	Probable	GOLS	3	128	k141_248023_2	multidrug	NP_459349.1|FEATURES|golS|multidrug|golS	0.996468206	56.3	126	144	1.99e-45	1	NA
Tub.58-k141_644590_4-9..245	Tub.58	Probable	OMPR	9	245	k141_644590_4	multidrug	gi:909830386:gb:AKU13184.1:|FEATURES|ompR|multidrug|ompR	0.99653107	62.5	240	287	6.29e-98	1	NA
Tub.59-k141_650760_1-24..371	Tub.59	Probable	EMRA	24	371	k141_650760_1	multidrug	gi:740422437:ref:WP_038255191.1:|FEATURES|emrA|multidrug|emrA	0.993575378	50.3	348	317	1.18e-106	1	NA
Tub.31-k141_426928_3-1..161	Tub.31	Potential	DFRA3	1	161	k141_426928_3	peptide	undefined	0.299216266	50.9	167	161	1.09e-51	1	NA
Tub.31-k141_426928_3-1..161	Tub.31	Potential_loser	DFRA3	1	161	k141_426928_3	aminoglycoside	undefined	0.190911317	50.9	167	161	1.09e-51	1	NA
Tub.83-k141_213263_24-8..286	Tub.83	Potential	SUL4	8	286	k141_213263_24	multidrug	undefined	0.273209729	52.7	279	280	6.19e-95	1	NA
Tub.83-k141_213263_24-8..286	Tub.83	Potential_loser	SUL4	8	286	k141_213263_24	peptide	undefined	0.213302542	52.7	279	280	6.19e-95	1	NA
Tub.16-k141_792556_1-8..81	Tub.16	Probable	TRUNCATED_PUTATIVE_RESPONSE_REGULATOR_ARLR	8	81	k141_792556_1	unclassified	NC_002745.3251084.p01|FEATURES|truncated_putative_response_regulator_ArlR|unclassified|truncated_putative_response_regulator_ArlR	0.904118731	50	74	80.5	3.73e-20	1	NA
Tub.85-k141_564884_1-8..465	Tub.85	Probable	OPRM	8	465	k141_564884_1	multidrug	NC_008702.1.4606278.p01|FEATURES|oprM|multidrug|oprM	0.939494264	51.9	459	393	5.99e-134	1	NA
Tub.31-k141_282160_1-34..224	Tub.31	Probable	KDPE	34	224	k141_282160_1	aminoglycoside	NP_415222.1|FEATURES|kdpE|aminoglycoside|kdpE	0.972749365	58.3	192	236	4.27e-80	1	NA
Tub.64-k141_81533_1-1..144	Tub.64	Potential	DFRA3	1	144	k141_81533_1	peptide	undefined	0.300650896	51	145	135	1.97e-41	1	NA
Tub.64-k141_81533_1-1..144	Tub.64	Potential_loser	DFRA3	1	144	k141_81533_1	aminoglycoside	undefined	0.18938683	51	145	135	1.97e-41	1	NA
Tub.58-k141_23776_2-19..388	Tub.58	Potential	EMRA	19	388	k141_23776_2	multidrug	gi:695792093:ref:WP_032706315.1:|FEATURES|emrA|multidrug|emrA	0.399403414	50	370	313	7.57e-105	1	NA
Tub.58-k141_23776_2-19..388	Tub.58	Potential_loser	EMRA	19	388	k141_23776_2	peptide	undefined	0.149239965	50	370	313	7.57e-105	1	NA
Tub.11-k141_189082_3-4..118	Tub.11	Potential	TRUNCATED_PUTATIVE_RESPONSE_REGULATOR_ARLR	4	118	k141_189082_3	aminoglycoside	undefined	0.306226267	50.9	116	114	9.62e-34	1	NA
Tub.11-k141_189082_3-4..118	Tub.11	Potential_loser	TRUNCATED_PUTATIVE_RESPONSE_REGULATOR_ARLR	4	118	k141_189082_3	unclassified	NC_002745.1124086.p01|FEATURES|truncated_putative_response_regulator_ArlR|unclassified|truncated_putative_response_regulator_ArlR	0.282833407	50.9	116	114	9.62e-34	1	NA
Tub.82-k141_185494_3-12..274	Tub.82	Probable	BACA	12	274	k141_185494_3	bacitracin	ZP_03552050|FEATURES|bacA|bacitracin|bacA	0.992000314	84.4	263	457	3.18e-165	1	NA
Tub.58-k141_83596_2-4..224	Tub.58	Probable	KDPE	4	224	k141_83596_2	aminoglycoside	NP_415222.1|FEATURES|kdpE|aminoglycoside|kdpE	0.969732575	50.7	223	224	9.28e-75	1	NA
Tub.110-k141_177608_2-38..224	Tub.110	Potential	MTRA	38	224	k141_177608_2	aminoglycoside	undefined	0.51654264	51.6	192	179	2.85e-57	1	NA
Tub.110-k141_177608_2-38..224	Tub.110	Potential_loser	MTRA	38	224	k141_177608_2	multidrug	CCP46065.1|FEATURES|mtrA|multidrug|mtrA	0.271253709	51.6	192	179	2.85e-57	1	NA
Tub.94-k141_497268_2-56..283	Tub.94	Potential	BACA	56	283	k141_497268_2	multidrug	undefined	0.342662482	58.3	228	252	6.58e-85	1	NA
Tub.94-k141_497268_2-56..283	Tub.94	Potential_loser	BACA	56	283	k141_497268_2	aminoglycoside	undefined	0.196289057	58.3	228	252	6.58e-85	1	NA
Tub.85-k141_402116_3-8..238	Tub.85	Potential	JOHN-1	8	238	k141_402116_3	multidrug	undefined	0.35420955	54.5	231	288	2.00e-99	1	NA
Tub.85-k141_402116_3-8..238	Tub.85	Potential_loser	JOHN-1	8	238	k141_402116_3	aminoglycoside	undefined	0.182720759	54.5	231	288	2.00e-99	1	NA
Tub.23-k141_107360_2-18..343	Tub.23	Probable	ROSA	18	343	k141_107360_2	fosmidomycin	ZP_04638972|FEATURES|rosA|fosmidomycin|rosA	0.996095387	62.2	328	385	1.36e-133	1	NA
Tub.4-k141_349219_1-57..590	Tub.4	Probable	MULTIDRUG_ABC_TRANSPORTER	57	590	k141_349219_1	multidrug	gi:664556405:ref:WP_031071225.1:|FEATURES|multidrug_ABC_transporter|multidrug|multidrug_ABC_transporter	0.99861306	52.9	560	533	3.52e-185	1	NA
Tub.18-k141_723623_1-1..277	Tub.18	Potential	BACA	1	277	k141_723623_1	peptide	undefined	0.273015893	50.7	278	250	2.66e-83	1	NA
Tub.18-k141_723623_1-1..277	Tub.18	Potential_loser	BACA	1	277	k141_723623_1	multidrug	undefined	0.225436924	50.7	278	250	2.66e-83	1	NA
Tub.31-k141_708949_4-1..901	Tub.31	Probable	ACRB	1	901	k141_708949_4	multidrug	YP_002848372|FEATURES|acrB|multidrug|acrB	0.869172853	52.6	908	865	2.55e-304	1	NA
Tub.31-k141_708949_4-1..901	Tub.31	Potential_loser	ACRB	1	901	k141_708949_4	fluoroquinolone	undefined	0.037258061	52.6	908	865	2.55e-304	1	NA
Tub.16-k141_126856_2-34..377	Tub.16	Potential	MEXE	34	377	k141_126856_2	peptide	undefined	0.210316072	55.3	349	338	5.76e-114	1	NA
Tub.16-k141_126856_2-34..377	Tub.16	Potential_loser	MEXE	34	377	k141_126856_2	fosfomycin	undefined	0.147887846	55.3	349	338	5.76e-114	1	NA
Tub.58-k141_652793_4-4..118	Tub.58	Potential	TRUNCATED_PUTATIVE_RESPONSE_REGULATOR_ARLR	4	118	k141_652793_4	unclassified	NC_002745.1124086.p01|FEATURES|truncated_putative_response_regulator_ArlR|unclassified|truncated_putative_response_regulator_ArlR	0.305441123	50.4	117	112	6.96e-32	1	NA
Tub.58-k141_652793_4-4..118	Tub.58	Potential_loser	TRUNCATED_PUTATIVE_RESPONSE_REGULATOR_ARLR	4	118	k141_652793_4	aminoglycoside	undefined	0.301012529	50.4	117	112	6.96e-32	1	NA
Tub.58-k141_151117_1-173..1010	Tub.58	Potential	ACRB	173	1010	k141_151117_1	multidrug	YP_002932544|FEATURES|acrB|multidrug|acrB	0.758216833	51.9	848	780	9.61e-272	1	NA
Tub.58-k141_151117_1-173..1010	Tub.58	Potential_loser	ACRB	173	1010	k141_151117_1	aminoglycoside	undefined	0.133028132	51.9	848	780	9.61e-272	1	NA
Tub.105-k141_416557_2-1..109	Tub.105	Potential	RBPA	1	109	k141_416557_2	peptide	undefined	0.2592891	58.2	110	133	3.13e-42	1	NA
Tub.105-k141_416557_2-1..109	Tub.105	Potential_loser	RBPA	1	109	k141_416557_2	multidrug	undefined	0.225657665	58.2	110	133	3.13e-42	1	NA
Tub.59-k141_581820_1-8..282	Tub.59	Probable	METALLO-BETA-LACTAMASE	8	282	k141_581820_1	beta-lactam	gi:696402876:ref:WP_032974614.1:|FEATURES|metallo-beta-lactamase|beta-lactam|metallo-beta-lactamase	0.999995713	59.4	278	342	8.20e-119	1	NA
Tub.51-k141_186197_3-2..388	Tub.51	Probable	UGD	2	388	k141_186197_3	peptide	AAC75089.1|FEATURES|ugd|peptide|ugd	0.915861636	65.9	387	506	1.32e-180	1	NA
Tub.94-k141_278125_2-4..223	Tub.94	Potential	MTRA	4	223	k141_278125_2	aminoglycoside	undefined	0.589970316	52	225	226	3.34e-75	1	NA
Tub.94-k141_278125_2-4..223	Tub.94	Potential_loser	MTRA	4	223	k141_278125_2	multidrug	CCP46065.1|FEATURES|mtrA|multidrug|mtrA	0.261498031	52	225	226	3.34e-75	1	NA
Tub.85-k141_94868_2-5..107	Tub.85	Potential	EMRE	5	107	k141_94868_2	multidrug	gi:808660312:emb:CQD20591.1:|FEATURES|emrE|multidrug|emrE	0.560603987	50.5	103	85.9	1.39e-23	1	NA
Tub.85-k141_94868_2-5..107	Tub.85	Potential_loser	EMRE	5	107	k141_94868_2	fluoroquinolone	undefined	0.35262745	50.5	103	85.9	1.39e-23	1	NA
Tub.64-k141_395205_24-7..243	Tub.64	Probable	OMPR	7	243	k141_395205_24	multidrug	NC_008702.1.4607594.p01|FEATURES|ompR|multidrug|ompR	0.99653107	50.6	237	233	9.01e-78	1	NA
Tub.51-k141_186440_4-1..274	Tub.51	Probable	BACA	1	274	k141_186440_4	bacitracin	YP_985461|FEATURES|bacA|bacitracin|bacA	0.99432829	75.5	274	405	1.20e-144	1	NA
Tub.83-k141_909430_6-3..124	Tub.83	Potential	TRUNCATED_PUTATIVE_RESPONSE_REGULATOR_ARLR	3	124	k141_909430_6	unclassified	NC_002745.1124086.p01|FEATURES|truncated_putative_response_regulator_ArlR|unclassified|truncated_putative_response_regulator_ArlR	0.336907675	52	123	126	1.96e-37	1	NA
Tub.83-k141_909430_6-3..124	Tub.83	Potential_loser	TRUNCATED_PUTATIVE_RESPONSE_REGULATOR_ARLR	3	124	k141_909430_6	aminoglycoside	undefined	0.291549707	52	123	126	1.96e-37	1	NA
Tub.105-k141_222366_1-31..332	Tub.105	Probable	TETA(48)	31	332	k141_222366_1	tetracycline	APB03214.1|FEATURES|tetA(48)|tetracycline|tetA(48)	0.995411367	52.1	303	290	7.02e-98	1	NA
Tub.94-k141_153164_5-10..242	Tub.94	Probable	OMPR	10	242	k141_153164_5	multidrug	gi:909830386:gb:AKU13184.1:|FEATURES|ompR|multidrug|ompR	0.992967134	51.1	233	225	1.25e-74	1	NA
Tub.34-k141_158981_1-1..107	Tub.34	Potential	RBPA	1	107	k141_158981_1	peptide	undefined	0.255291074	52.8	108	109	8.26e-32	1	NA
Tub.34-k141_158981_1-1..107	Tub.34	Potential_loser	RBPA	1	107	k141_158981_1	multidrug	undefined	0.224808627	52.8	108	109	8.26e-32	1	NA
Tub.51-k141_186452_2-1..117	Tub.51	Potential	TRUNCATED_PUTATIVE_RESPONSE_REGULATOR_ARLR	1	117	k141_186452_2	unclassified	NC_002745.1124086.p01|FEATURES|truncated_putative_response_regulator_ArlR|unclassified|truncated_putative_response_regulator_ArlR	0.336165448	50.4	117	112	9.51e-34	1	NA
Tub.51-k141_186452_2-1..117	Tub.51	Potential_loser	TRUNCATED_PUTATIVE_RESPONSE_REGULATOR_ARLR	1	117	k141_186452_2	aminoglycoside	undefined	0.291798783	50.4	117	112	9.51e-34	1	NA
Tub.105-k141_447333_1-4..228	Tub.105	Potential	MTRA	4	228	k141_447333_1	aminoglycoside	undefined	0.589625877	78.2	225	351	8.82e-124	1	NA
Tub.105-k141_447333_1-4..228	Tub.105	Potential_loser	MTRA	4	228	k141_447333_1	multidrug	CCP46065.1|FEATURES|mtrA|multidrug|mtrA	0.261557923	78.2	225	351	8.82e-124	1	NA
Tub.18-k141_123070_1-11..118	Tub.18	Potential	TRUNCATED_PUTATIVE_RESPONSE_REGULATOR_ARLR	11	118	k141_123070_1	unclassified	NC_002745.1124086.p01|FEATURES|truncated_putative_response_regulator_ArlR|unclassified|truncated_putative_response_regulator_ArlR	0.342964907	50.5	111	107	8.25e-32	1	NA
Tub.18-k141_123070_1-11..118	Tub.18	Potential_loser	TRUNCATED_PUTATIVE_RESPONSE_REGULATOR_ARLR	11	118	k141_123070_1	aminoglycoside	undefined	0.289478615	50.5	111	107	8.25e-32	1	NA
Tub.16-k141_354684_2-5..81	Tub.16	Probable	TRUNCATED_PUTATIVE_RESPONSE_REGULATOR_ARLR	5	81	k141_354684_2	unclassified	NC_002745.3251084.p01|FEATURES|truncated_putative_response_regulator_ArlR|unclassified|truncated_putative_response_regulator_ArlR	0.907569824	51.9	77	81.3	1.32e-20	1	NA
Tub.82-k141_142390_6-1..126	Tub.82	Probable	GOLS	1	126	k141_142390_6	multidrug	NP_459349.1|FEATURES|golS|multidrug|golS	0.996869154	57.9	126	144	9.25e-46	1	NA
Tub.11-k141_108908_1-2..119	Tub.11	Potential	TRUNCATED_PUTATIVE_RESPONSE_REGULATOR_ARLR	2	119	k141_108908_1	aminoglycoside	undefined	0.305099465	51.3	119	116	1.32e-34	1	NA
Tub.11-k141_108908_1-2..119	Tub.11	Potential_loser	TRUNCATED_PUTATIVE_RESPONSE_REGULATOR_ARLR	2	119	k141_108908_1	unclassified	NC_002745.1124086.p01|FEATURES|truncated_putative_response_regulator_ArlR|unclassified|truncated_putative_response_regulator_ArlR	0.288442599	51.3	119	116	1.32e-34	1	NA
Tub.26-k141_492884_1-61..391	Tub.26	Potential	MDTA	61	391	k141_492884_1	multidrug	CP001918.1.gene3439.p01|FEATURES|mdtA|multidrug|mdtA	0.372555085	51.7	331	314	7.77e-105	1	NA
Tub.26-k141_492884_1-61..391	Tub.26	Potential_loser	MDTA	61	391	k141_492884_1	aminoglycoside	undefined	0.222378031	51.7	331	314	7.77e-105	1	NA
Tub.34-k141_359358_1-23..137	Tub.34	Potential	ERM(41)	23	137	k141_359358_1	peptide	undefined	0.253554705	50.4	115	87.4	1.65e-23	1	NA
Tub.34-k141_359358_1-23..137	Tub.34	Potential_loser	ERM(41)	23	137	k141_359358_1	multidrug	undefined	0.195699854	50.4	115	87.4	1.65e-23	1	NA
Tub.64-k141_39035_2-1..126	Tub.64	Probable	GOLS	1	126	k141_39035_2	multidrug	NP_459349.1|FEATURES|golS|multidrug|golS	0.997166652	57.9	126	149	1.10e-47	1	NA
Tub.30-k141_154325_1-1..110	Tub.30	Potential	QACH	1	110	k141_154325_1	peptide	undefined	0.371116931	60	110	128	3.20e-40	1	disinfecting agents and antiseptics
Tub.30-k141_154325_1-1..110	Tub.30	Potential_loser	QACH	1	110	k141_154325_1	aminoglycoside	AAZ42322.1|FEATURES|qacH|fluoroquinolone|qacH	0.211368516	60	110	128	3.20e-40	1	disinfecting agents and antiseptics
Tub.31-k141_5657_1-1..128	Tub.31	Probable	GOLS	1	128	k141_5657_1	multidrug	NP_459349.1|FEATURES|golS|multidrug|golS	0.993419701	52.3	128	132	6.14e-41	1	NA
Tub.16-k141_570332_18-1..174	Tub.16	Probable	AAC(6')-31	1	174	k141_570332_18	aminoglycoside	gi:950181216:ref:WP_057228652.1:|FEATURES|aac(6')-31|aminoglycoside|aac(6')-31	0.999998092	53.4	174	194	3.05e-64	1	NA
Tub.18-k141_721326_7-1..111	Tub.18	Potential	RBPA	1	111	k141_721326_7	peptide	undefined	0.251437803	50	112	112	1.72e-33	1	NA
Tub.18-k141_721326_7-1..111	Tub.18	Potential_loser	RBPA	1	111	k141_721326_7	multidrug	undefined	0.223639474	50	112	112	1.72e-33	1	NA
Tub.30-k141_639877_4-12..233	Tub.30	Probable	BAER	12	233	k141_639877_4	multidrug	YP_490321.1|FEATURES|baeR|multidrug|baeR	0.997590583	56.3	222	251	5.68e-85	1	NA
Tub.31-k141_360624_2-3..196	Tub.31	Probable	KDPE	3	196	k141_360624_2	aminoglycoside	NP_415222.1|FEATURES|kdpE|aminoglycoside|kdpE	0.965784078	56.4	195	220	1.37e-73	1	NA
Tub.26-k141_168163_3-6..267	Tub.26	Probable	KASUGAMYCIN_RESISTANCE_PROTEIN_KSGA	6	267	k141_168163_3	aminoglycoside	A7FMC1|FEATURES|kasugamycin_resistance_protein_ksgA|aminoglycoside|kasugamycin_resistance_protein_ksgA	0.999999927	51.1	262	250	1.23e-83	1	NA
Tub.82-k141_182508_1-9..273	Tub.82	Probable	BACA	9	273	k141_182508_1	bacitracin	NP_840140|FEATURES|bacA|bacitracin|bacA	0.991307321	65.4	266	361	2.79e-127	1	NA
Tub.4-k141_271336_1-29..1035	Tub.4	Probable	MEXB	29	1035	k141_271336_1	multidrug	CAW25151|FEATURES|mexB|multidrug|mexB	0.9845686	56	1015	1044	0	1	NA
Tub.31-k141_584134_575-1..1012	Tub.31	Potential	MDTC	1	1012	k141_584134_575	aminocoumarin	gi:447132822:ref:WP_001210078.1:|FEATURES|mdtC|multidrug|mdtC	0.705783613	51	1014	905	1.02e-317	1	NA
Tub.31-k141_584134_575-1..1012	Tub.31	Potential_loser	MDTC	1	1012	k141_584134_575	multidrug	gi:447132822:ref:WP_001210078.1:|FEATURES|mdtC|multidrug|mdtC	0.259115045	51	1014	905	1.02e-317	1	NA
Tub.31-k141_392547_8-1..127	Tub.31	Probable	GOLS	1	127	k141_392547_8	multidrug	NP_459349.1|FEATURES|golS|multidrug|golS	0.994087278	55.1	127	135	2.46e-42	1	NA
Tub.85-k141_474920_1-4..131	Tub.85	Probable	FOSX	4	131	k141_474920_1	fosfomycin	gi:810394257:ref:WP_046335541.1:|FEATURES|fosX|fosfomycin|fosX	0.909873418	53.9	128	155	1.06e-49	1	NA
Tub.105-k141_247870_18-10..286	Tub.105	Probable	AAC(3)-VIII	10	286	k141_247870_18	aminoglycoside	CAF33325|FEATURES|aac(3)-VIII|aminoglycoside|aac(3)-VIII	0.999053093	52.3	277	270	1.42e-90	1	NA
Tub.82-k141_293312_8-5..224	Tub.82	Probable	KDPE	5	224	k141_293312_8	aminoglycoside	NP_415222.1|FEATURES|kdpE|aminoglycoside|kdpE	0.988194436	62.9	221	285	2.00e-98	1	NA
Tub.104-k141_321993_7-20..176	Tub.104	Probable	AAC(6')-I	20	176	k141_321993_7	aminoglycoside	AB164230.1.gene1.p01|FEATURES|aac(6')-I|aminoglycoside|aac(6')-I	0.999516912	51.8	166	154	1.41e-48	1	NA
Tub.31-k141_303255_60-16..401	Tub.31	Probable	ROSA	16	401	k141_303255_60	fosmidomycin	ZP_04621517|FEATURES|rosA|fosmidomycin|rosA	0.998646193	63.1	388	480	1.77e-169	1	NA
Tub.85-k141_409035_2-5..260	Tub.85	Potential	BACA	5	260	k141_409035_2	multidrug	undefined	0.28344446	50.8	262	212	1.07e-68	1	NA
Tub.85-k141_409035_2-5..260	Tub.85	Potential_loser	BACA	5	260	k141_409035_2	peptide	undefined	0.205153171	50.8	262	212	1.07e-68	1	NA
Tub.104-k141_207840_3-33..156	Tub.104	Probable	AAC(6')-I	33	156	k141_207840_3	aminoglycoside	AB116646.1.gene1.p01|FEATURES|aac(6')-I|aminoglycoside|aac(6')-I	0.978077019	50.7	136	133	4.34e-41	1	NA
Tub.64-k141_36551_43-6..150	Tub.64	Probable	AAC(3)-I	6	150	k141_36551_43	aminoglycoside	AJ511268.1.gene3.p01|FEATURES|aac(3)-I|aminoglycoside|aac(3)-I	0.999997811	62.1	145	178	7.75e-59	1	NA
Tub.11-k141_353755_2-4..80	Tub.11	Probable	TRUNCATED_PUTATIVE_RESPONSE_REGULATOR_ARLR	4	80	k141_353755_2	unclassified	NC_002745.3251084.p01|FEATURES|truncated_putative_response_regulator_ArlR|unclassified|truncated_putative_response_regulator_ArlR	0.907569824	54.5	77	83.6	3.39e-22	1	NA
Tub.85-k141_768298_1-12..151	Tub.85	Potential	LEN	12	151	k141_768298_1	multidrug	undefined	0.236743529	50.4	141	131	1.69e-38	1	NA
Tub.85-k141_768298_1-12..151	Tub.85	Potential_loser	LEN	12	151	k141_768298_1	peptide	undefined	0.222037731	50.4	141	131	1.69e-38	1	NA
Tub.16-k141_349656_1-214..1153	Tub.16	Probable	RPOB2	214	1153	k141_349656_1	multidrug	BAD59497.1|FEATURES|rpoB2|multidrug|rpoB2	0.967084584	63	1000	1174	0	1	NA
Tub.31-k141_133591_2-3..143	Tub.31	Potential	DFRA3	3	143	k141_133591_2	peptide	undefined	0.291305266	50.4	141	136	5.40e-42	1	NA
Tub.31-k141_133591_2-3..143	Tub.31	Potential_loser	DFRA3	3	143	k141_133591_2	aminoglycoside	undefined	0.196862845	50.4	141	136	5.40e-42	1	NA
Tub.16-k141_737931_2-1..219	Tub.16	Probable	VANR	1	219	k141_737931_2	glycopeptide	gi:938897327:ref:WP_054681472.1:|FEATURES|vanR|glycopeptide|vanR	0.999977646	56.8	220	224	1.41e-74	1	NA
Tub.4-k141_624425_1-9..141	Tub.4	Probable	AAC(3)-I	9	141	k141_624425_1	aminoglycoside	CAJ32498|FEATURES|aac(3)-I|aminoglycoside|aac(3)-I	0.999834253	59.4	133	149	1.14e-47	1	NA
Tub.83-k141_188858_1-12..118	Tub.83	Potential	TRUNCATED_PUTATIVE_RESPONSE_REGULATOR_ARLR	12	118	k141_188858_1	aminoglycoside	undefined	0.304431735	50.9	108	111	4.99e-33	1	NA
Tub.83-k141_188858_1-12..118	Tub.83	Potential_loser	TRUNCATED_PUTATIVE_RESPONSE_REGULATOR_ARLR	12	118	k141_188858_1	unclassified	NC_002745.1124086.p01|FEATURES|truncated_putative_response_regulator_ArlR|unclassified|truncated_putative_response_regulator_ArlR	0.291486609	50.9	108	111	4.99e-33	1	NA
Tub.85-k141_601136_3-9..265	Tub.85	Probable	KASUGAMYCIN_RESISTANCE_PROTEIN_KSGA	9	265	k141_601136_3	aminoglycoside	YP_002401190|FEATURES|kasugamycin_resistance_protein_ksgA|aminoglycoside|kasugamycin_resistance_protein_ksgA	0.99999993	53.3	257	256	5.02e-86	1	NA
Tub.18-k141_14243_1-3..324	Tub.18	Probable	TETA(48)	3	324	k141_14243_1	tetracycline	APB03214.1|FEATURES|tetA(48)|tetracycline|tetA(48)	0.9967763	52.8	326	297	1.32e-100	1	NA
Tub.104-k141_221139_2-17..332	Tub.104	Probable	TETA(48)	17	332	k141_221139_2	tetracycline	APB03214.1|FEATURES|tetA(48)|tetracycline|tetA(48)	0.89078384	51.1	321	316	1.22e-107	1	NA
Tub.104-k141_221139_2-17..332	Tub.104	Potential_loser	TETA(48)	17	332	k141_221139_2	aminoglycoside	undefined	0.085179417	51.1	321	316	1.22e-107	1	NA
Tub.82-k141_141538_2-1..276	Tub.82	Probable	BACA	1	276	k141_141538_2	bacitracin	ZP_04577926|FEATURES|bacA|bacitracin|bacA	0.984726789	66.8	277	360	9.52e-127	1	NA
Tub.104-k141_475382_6-7..224	Tub.104	Potential	MTRA	7	224	k141_475382_6	aminoglycoside	undefined	0.429906181	50.2	223	210	5.82e-69	1	NA
Tub.104-k141_475382_6-7..224	Tub.104	Potential_loser	MTRA	7	224	k141_475382_6	multidrug	CCP46065.1|FEATURES|mtrA|multidrug|mtrA	0.275969623	50.2	223	210	5.82e-69	1	NA
Tub.1-k141_234149_4-20..404	Tub.1	Probable	ROSA	20	404	k141_234149_4	fosmidomycin	ZP_04621517|FEATURES|rosA|fosmidomycin|rosA	0.998522654	57.8	386	417	3.71e-145	1	NA
Tub.58-k141_246822_8-4..224	Tub.58	Probable	KDPE	4	224	k141_246822_8	aminoglycoside	NP_415222.1|FEATURES|kdpE|aminoglycoside|kdpE	0.988073199	63.6	228	298	9.89e-104	1	NA
Tub.58-k141_223422_18-36..286	Tub.58	Probable	CTX-M	36	286	k141_223422_18	beta-lactam	JX313020.1.gene1.p1|FEATURES|CTX-M-132|beta-lactam|CTX-M	0.909134553	50.4	252	241	6.65e-79	1	NA
Tub.31-k141_136825_6-81..645	Tub.31	Probable	MACB	81	645	k141_136825_6	MLS	gi:493171912:ref:WP_006174388.1:|FEATURES|macB|MLS|macB	0.993578579	55.1	570	568	1.95e-198	1	NA
Tub.70-k141_151221_2-5..78	Tub.70	Probable	TRUNCATED_PUTATIVE_RESPONSE_REGULATOR_ARLR	5	78	k141_151221_2	unclassified	NC_002745.3251084.p01|FEATURES|truncated_putative_response_regulator_ArlR|unclassified|truncated_putative_response_regulator_ArlR	0.890519008	50	74	74.3	3.10e-19	1	NA
Tub.70-k141_151221_2-5..78	Tub.70	Potential_loser	TRUNCATED_PUTATIVE_RESPONSE_REGULATOR_ARLR	5	78	k141_151221_2	peptide	NC_002745.3251084.p01|FEATURES|truncated_putative_response_regulator_ArlR|unclassified|truncated_putative_response_regulator_ArlR	0.056892706	50	74	74.3	3.10e-19	1	NA
Tub.94-k141_14551_1-1..163	Tub.94	Potential	CAMP-REGULATORY_PROTEIN	1	163	k141_14551_1	unclassified	CP004022.1.gene2827.p01|FEATURES|cAMP-regulatory_protein|unclassified|cAMP-regulatory_protein	0.381507285	50	168	172	3.31e-55	1	NA
Tub.94-k141_14551_1-1..163	Tub.94	Potential_loser	CAMP-REGULATORY_PROTEIN	1	163	k141_14551_1	aminoglycoside	undefined	0.185063883	50	168	172	3.31e-55	1	NA
Tub.82-k141_152072_2-1..126	Tub.82	Probable	GOLS	1	126	k141_152072_2	multidrug	NP_459349.1|FEATURES|golS|multidrug|golS	0.997065349	58.7	126	146	1.44e-46	1	NA
Tub.83-k141_281494_3-9..230	Tub.83	Potential	KASUGAMYCIN_RESISTANCE_PROTEIN_KSGA	9	230	k141_281494_3	aminoglycoside	YP_001476958|FEATURES|kasugamycin_resistance_protein_ksgA|aminoglycoside|kasugamycin_resistance_protein_ksgA	0.772347283	53.6	224	211	2.30e-68	1	NA
Tub.83-k141_281494_3-9..230	Tub.83	Potential_loser	KASUGAMYCIN_RESISTANCE_PROTEIN_KSGA	9	230	k141_281494_3	multidrug	undefined	0.07110965	53.6	224	211	2.30e-68	1	NA
Tub.10-k141_459077_1-11..331	Tub.10	Probable	TETA(48)	11	331	k141_459077_1	tetracycline	APB03214.1|FEATURES|tetA(48)|tetracycline|tetA(48)	0.997411754	50	328	308	3.62e-104	1	NA
Tub.82-k141_55895_3-7..209	Tub.82	Potential	ERM(39)	7	209	k141_55895_3	peptide	undefined	0.281335275	55.6	205	219	9.22e-73	1	NA
Tub.82-k141_55895_3-7..209	Tub.82	Potential_loser	ERM(39)	7	209	k141_55895_3	unclassified	undefined	0.119614894	55.6	205	219	9.22e-73	1	NA
Tub.105-k141_9745_1-38..224	Tub.105	Potential	MTRA	38	224	k141_9745_1	aminoglycoside	undefined	0.413590705	50.8	189	181	5.79e-58	1	NA
Tub.105-k141_9745_1-38..224	Tub.105	Potential_loser	MTRA	38	224	k141_9745_1	multidrug	CCP46065.1|FEATURES|mtrA|multidrug|mtrA	0.275767993	50.8	189	181	5.79e-58	1	NA
Tub.104-k141_533833_2-1..217	Tub.104	Probable	VANR	1	217	k141_533833_2	glycopeptide	gi:943675889:ref:WP_055502070.1:|FEATURES|vanR|glycopeptide|vanR	0.999976323	53	217	225	3.48e-75	1	NA
Tub.99-k141_97186_2-1..343	Tub.99	Potential	VANS	1	343	k141_97186_2	aminoglycoside	undefined	0.351584465	68.6	354	424	2.22e-149	1	NA
Tub.99-k141_97186_2-1..343	Tub.99	Potential_loser	VANS	1	343	k141_97186_2	multidrug	undefined	0.321682295	68.6	354	424	2.22e-149	1	NA
Tub.94-k141_181836_1-1..127	Tub.94	Probable	GOLS	1	127	k141_181836_1	multidrug	NP_459349.1|FEATURES|golS|multidrug|golS	0.996883466	56.7	127	146	2.63e-46	1	NA
Tub.31-k141_313539_1-1..144	Tub.31	Probable	GOLS	1	144	k141_313539_1	multidrug	NP_459349.1|FEATURES|golS|multidrug|golS	0.997775616	57.9	145	166	5.89e-54	1	NA
Tub.4-k141_251422_1-3..127	Tub.4	Potential	TRUNCATED_PUTATIVE_RESPONSE_REGULATOR_ARLR	3	127	k141_251422_1	unclassified	NC_002745.1124086.p01|FEATURES|truncated_putative_response_regulator_ArlR|unclassified|truncated_putative_response_regulator_ArlR	0.310188653	50	128	119	7.88e-35	1	NA
Tub.4-k141_251422_1-3..127	Tub.4	Potential_loser	TRUNCATED_PUTATIVE_RESPONSE_REGULATOR_ARLR	3	127	k141_251422_1	aminoglycoside	undefined	0.299676302	50	128	119	7.88e-35	1	NA
Tub.88-k141_286475_2-66..452	Tub.88	Probable	PATA	66	452	k141_286475_2	fluoroquinolone	NP_417544.5|FEATURES|patA|fluoroquinolone|patA	0.961854886	62.8	387	497	5.24e-176	1	NA
Tub.82-k141_261087_4-22..175	Tub.82	Probable	AAC(6')-I	22	175	k141_261087_4	aminoglycoside	AB164230.1.gene1.p01|FEATURES|aac(6')-I|aminoglycoside|aac(6')-I	0.999660855	50.6	164	168	4.52e-54	1	NA
Tub.34-k141_618599_1-1..110	Tub.34	Potential	ADP-RIBOSYLATING_TRANSFERASE_ARR	1	110	k141_618599_1	multidrug	AL939114.1.orf1.gene.p01|FEATURES|ADP-ribosylating_transferase_arr|rifamycin|ADP-ribosylating_transferase_arr	0.335500282	83.6	110	195	2.17e-66	1	NA
Tub.34-k141_618599_1-1..110	Tub.34	Potential_loser	ADP-RIBOSYLATING_TRANSFERASE_ARR	1	110	k141_618599_1	peptide	AL939114.1.orf1.gene.p01|FEATURES|ADP-ribosylating_transferase_arr|rifamycin|ADP-ribosylating_transferase_arr	0.214461022	83.6	110	195	2.17e-66	1	NA
Tub.1-k141_162059_2-9..263	Tub.1	Probable	KASUGAMYCIN_RESISTANCE_PROTEIN_KSGA	9	263	k141_162059_2	aminoglycoside	ZP_02902942|FEATURES|kasugamycin_resistance_protein_ksgA|aminoglycoside|kasugamycin_resistance_protein_ksgA	0.935481299	50	262	228	4.27e-75	1	NA
Tub.13-k141_475305_5-8..174	Tub.13	Probable	AAC(6')-31	8	174	k141_475305_5	aminoglycoside	gi:950228232:ref:WP_057272322.1:|FEATURES|aac(6')-31|aminoglycoside|aac(6')-31	0.99999871	57.5	167	211	1.11e-70	1	NA
Tub.18-k141_132132_2-17..217	Tub.18	Probable	VATF	17	217	k141_132132_2	MLS	AAF63432|FEATURES|vatF|MLS|vatF	1	73.1	201	320	6.85e-113	1	NA
Tub.85-k141_577664_2-1..1014	Tub.85	Potential	MDTC	1	1014	k141_577664_2	aminocoumarin	CP001918.1.gene3441.p01|FEATURES|mdtC|multidrug|mdtC	0.497531642	53.4	1076	1009	0	1	NA
Tub.85-k141_577664_2-1..1014	Tub.85	Potential_loser	MDTC	1	1014	k141_577664_2	multidrug	CP001918.1.gene3441.p01|FEATURES|mdtC|multidrug|mdtC	0.491514552	53.4	1076	1009	0	1	NA
Tub.26-k141_161683_1-67..488	Tub.26	Potential	OPCM	67	488	k141_161683_1	multidrug	YP_002095805|FEATURES|opcM|multidrug|opcM	0.684246038	50.7	422	381	6.82e-129	1	NA
Tub.26-k141_161683_1-67..488	Tub.26	Potential_loser	OPCM	67	488	k141_161683_1	aminoglycoside	undefined	0.094679912	50.7	422	381	6.82e-129	1	NA
Tub.85-k141_128060_59-1..543	Tub.85	Probable	ROSB	1	543	k141_128060_59	fosmidomycin	gi:896190680:ref:WP_049199932.1:|FEATURES|rosB|fosmidomycin|rosB	0.999849378	53	555	492	8.27e-170	1	NA
Tub.34-k141_63750_1-5..179	Tub.34	Potential	VEB-1	5	179	k141_63750_1	aminoglycoside	undefined	0.245301448	58.2	177	216	1.07e-72	1	NA
Tub.34-k141_63750_1-5..179	Tub.34	Potential_loser	VEB-1	5	179	k141_63750_1	peptide	undefined	0.184461476	58.2	177	216	1.07e-72	1	NA
Tub.34-k141_60483_1-4..191	Tub.34	Potential	MTRA	4	191	k141_60483_1	aminoglycoside	undefined	0.497788713	68.4	196	248	2.72e-83	1	NA
Tub.34-k141_60483_1-4..191	Tub.34	Potential_loser	MTRA	4	191	k141_60483_1	multidrug	CCP46065.1|FEATURES|mtrA|multidrug|mtrA	0.272866535	68.4	196	248	2.72e-83	1	NA
Tub.64-k141_328119_1-1..144	Tub.64	Probable	AAC(3)-I	1	144	k141_328119_1	aminoglycoside	AY463797.7.gene13.p01|FEATURES|aac(3)-I|aminoglycoside|aac(3)-I	0.999960675	65.3	144	179	3.01e-59	1	NA
Tub.51-k141_7628_4-1..126	Tub.51	Probable	GOLS	1	126	k141_7628_4	multidrug	NP_459349.1|FEATURES|golS|multidrug|golS	0.996861829	57.1	126	143	1.14e-44	1	NA
Tub.85-k141_152783_11-4..223	Tub.85	Probable	KDPE	4	223	k141_152783_11	aminoglycoside	NP_415222.1|FEATURES|kdpE|aminoglycoside|kdpE	0.973481054	51.6	223	238	7.10e-80	1	NA
Tub.104-k141_111499_1-3..95	Tub.104	Potential	EMRE	3	95	k141_111499_1	multidrug	gi:806820541:emb:CQD09651.1:|FEATURES|emrE|multidrug|emrE	0.703939181	50	94	70.9	9.75e-18	1	NA
Tub.104-k141_111499_1-3..95	Tub.104	Potential_loser	EMRE	3	95	k141_111499_1	aminoglycoside	undefined	0.195551375	50	94	70.9	9.75e-18	1	NA
Tub.34-k141_378714_1-17..329	Tub.34	Probable	TETA(48)	17	329	k141_378714_1	tetracycline	APB03214.1|FEATURES|tetA(48)|tetracycline|tetA(48)	0.995724974	54.1	314	320	4.69e-109	1	NA
Tub.58-k141_86174_3-1..1067	Tub.58	Probable	MTRD	1	1067	k141_86174_3	multidrug	NP_274718.1|FEATURES|mtrD|multidrug|mtrD	0.835249347	58.6	1069	1157	0	1	fluoroquinolone antibiotic; tetracycline antibiotic
Tub.58-k141_86174_3-1..1067	Tub.58	Potential_loser	MTRD	1	1067	k141_86174_3	MLS	undefined	0.10781745	58.6	1069	1157	0	1	fluoroquinolone antibiotic; tetracycline antibiotic
Tub.104-k141_315539_6-16..343	Tub.104	Probable	TETA(48)	16	343	k141_315539_6	tetracycline	APB03214.1|FEATURES|tetA(48)|tetracycline|tetA(48)	0.996790528	53.4	328	330	9.25e-113	1	NA
Tub.82-k141_429759_47-1..1037	Tub.82	Probable	MEXD	1	1037	k141_429759_47	multidrug	gi:852273548:ref:WP_048328542.1:|FEATURES|mexD|multidrug|mexD	0.973095868	57.1	1043	1112	0	1	fluoroquinolone antibiotic; tetracycline antibiotic
Tub.85-k141_807659_2-1..120	Tub.85	Potential	TRUNCATED_PUTATIVE_RESPONSE_REGULATOR_ARLR	1	120	k141_807659_2	unclassified	NC_002745.1124086.p01|FEATURES|truncated_putative_response_regulator_ArlR|unclassified|truncated_putative_response_regulator_ArlR	0.30417979	50.4	121	117	5.16e-35	1	NA
Tub.85-k141_807659_2-1..120	Tub.85	Potential_loser	TRUNCATED_PUTATIVE_RESPONSE_REGULATOR_ARLR	1	120	k141_807659_2	aminoglycoside	undefined	0.30134027	50.4	121	117	5.16e-35	1	NA
Tub.31-k141_300928_7-12..208	Tub.31	Probable	CAMP-REGULATORY_PROTEIN	12	208	k141_300928_7	unclassified	gi:490367208:ref:WP_004246872.1:|FEATURES|cAMP-regulatory_protein|unclassified|cAMP-regulatory_protein	0.995139285	54.5	202	223	1.88e-74	1	NA
Tub.30-k141_44616_3-1..119	Tub.30	Probable	BRP(MBL)	1	119	k141_44616_3	glycopeptide	YP_007652797.1|FEATURES|BRP(MBL)|glycopeptide|BRP(MBL)	0.993306547	61.3	119	161	3.79e-53	1	NA
Tub.82-k141_153997_1-33..223	Tub.82	Probable	VANR	33	223	k141_153997_1	glycopeptide	KF478993.1.gene8.p01|FEATURES|vanR|glycopeptide|vanR	0.999940037	56.5	191	213	7.60e-71	1	NA
Tub.105-k141_538248_1-4..295	Tub.105	Probable	MYRA	4	295	k141_538248_1	MLS	BAA03674.1|FEATURES|myrA|MLS|myrA	0.964175989	50.2	293	245	1.10e-80	1	NA
Tub.82-k141_259061_5-10..287	Tub.82	Potential	SUL4	10	287	k141_259061_5	multidrug	undefined	0.270286064	53.2	282	293	1.10e-97	1	NA
Tub.82-k141_259061_5-10..287	Tub.82	Potential_loser	SUL4	10	287	k141_259061_5	peptide	undefined	0.21463483	53.2	282	293	1.10e-97	1	NA
Tub.16-k141_223443_3-17..217	Tub.16	Probable	VATF	17	217	k141_223443_3	MLS	AAF63432|FEATURES|vatF|MLS|vatF	1	73.1	201	320	6.85e-113	1	NA
Tub.58-k141_329208_4-5..297	Tub.58	Probable	VEB-2	5	297	k141_329208_4	beta-lactam	AY027870.1.gene1.p01|FEATURES|VEB-2|beta-lactam|VEB-2	0.999997423	60.9	294	359	8.79e-126	1	NA
Tub.105-k141_535042_3-1..111	Tub.105	Potential	RBPA	1	111	k141_535042_3	peptide	undefined	0.253054635	50	112	107	7.74e-32	1	NA
Tub.105-k141_535042_3-1..111	Tub.105	Potential_loser	RBPA	1	111	k141_535042_3	multidrug	undefined	0.224076558	50	112	107	7.74e-32	1	NA
Tub.83-k141_256660_2-41..277	Tub.83	Potential	BACA	41	277	k141_256660_2	peptide	undefined	0.273015893	52.1	238	219	8.94e-72	1	NA
Tub.83-k141_256660_2-41..277	Tub.83	Potential_loser	BACA	41	277	k141_256660_2	multidrug	undefined	0.225436924	52.1	238	219	8.94e-72	1	NA
Tub.10-k141_619409_1-1..97	Tub.10	Potential	RBPA	1	97	k141_619409_1	peptide	undefined	0.258531127	61.2	98	129	1.07e-40	1	NA
Tub.10-k141_619409_1-1..97	Tub.10	Potential_loser	RBPA	1	97	k141_619409_1	multidrug	undefined	0.225426929	61.2	98	129	1.07e-40	1	NA
Tub.70-k141_43193_1-1..109	Tub.70	Potential	RBPA	1	109	k141_43193_1	peptide	undefined	0.262200272	54.1	109	114	1.92e-34	1	NA
Tub.70-k141_43193_1-1..109	Tub.70	Potential_loser	RBPA	1	109	k141_43193_1	multidrug	undefined	0.228028705	54.1	109	114	1.92e-34	1	NA
Tub.4-k141_436202_4-9..504	Tub.4	Probable	QEPA	9	504	k141_436202_4	fluoroquinolone	gi:1028098233:ref:WP_063854778.1:|FEATURES|qepA|fluoroquinolone|qepA	0.991697324	55.3	499	479	3.26e-166	1	NA
Tub.58-k141_442237_3-10..241	Tub.58	Potential	SHV	10	241	k141_442237_3	beta-lactam	AY590467.1.gene1.p1|FEATURES|SHV-53|beta-lactam|SHV	0.507754603	50	234	212	1.59e-68	1	NA
Tub.58-k141_442237_3-10..241	Tub.58	Potential_loser	SHV	10	241	k141_442237_3	aminoglycoside	undefined	0.278102336	50	234	212	1.59e-68	1	NA
Tub.31-k141_442088_2-1..262	Tub.31	Potential	BACA	1	262	k141_442088_2	multidrug	undefined	0.390417517	51.7	263	240	1.33e-79	1	NA
Tub.31-k141_442088_2-1..262	Tub.31	Potential_loser	BACA	1	262	k141_442088_2	fluoroquinolone	undefined	0.2880689	51.7	263	240	1.33e-79	1	NA
Tub.107-k141_164634_3-1..223	Tub.107	Probable	KDPE	1	223	k141_164634_3	aminoglycoside	NP_415222.1|FEATURES|kdpE|aminoglycoside|kdpE	0.988194436	52.9	223	222	5.42e-74	1	NA
Tub.18-k141_176985_1-1..106	Tub.18	Potential	RBPA	1	106	k141_176985_1	peptide	undefined	0.250673532	53.7	108	108	5.46e-32	1	NA
Tub.18-k141_176985_1-1..106	Tub.18	Potential_loser	RBPA	1	106	k141_176985_1	multidrug	undefined	0.223426812	53.7	108	108	5.46e-32	1	NA
Tub.12-k141_325240_1-12..275	Tub.12	Probable	BACA	12	275	k141_325240_1	bacitracin	YP_523088|FEATURES|bacA|bacitracin|bacA	0.977249642	58.3	266	296	1.20e-101	1	NA
Tub.59-k141_286162_5-13..361	Tub.59	Probable	MEXA	13	361	k141_286162_5	multidrug	gi:950484392:ref:WP_057379444.1:|FEATURES|mexA|multidrug|mexA	0.997187109	50	364	302	8.26e-101	1	NA
Tub.104-k141_601467_2-3..118	Tub.104	Potential	TRUNCATED_PUTATIVE_RESPONSE_REGULATOR_ARLR	3	118	k141_601467_2	unclassified	NC_002745.1124086.p01|FEATURES|truncated_putative_response_regulator_ArlR|unclassified|truncated_putative_response_regulator_ArlR	0.342964907	50	122	114	7.18e-33	1	NA
Tub.104-k141_601467_2-3..118	Tub.104	Potential_loser	TRUNCATED_PUTATIVE_RESPONSE_REGULATOR_ARLR	3	118	k141_601467_2	aminoglycoside	undefined	0.289478615	50	122	114	7.18e-33	1	NA
Tub.105-k141_254057_1-47..227	Tub.105	Potential	MTRA	47	227	k141_254057_1	aminoglycoside	undefined	0.399542117	50	188	170	4.51e-54	1	NA
Tub.105-k141_254057_1-47..227	Tub.105	Potential_loser	MTRA	47	227	k141_254057_1	multidrug	CCP46065.1|FEATURES|mtrA|multidrug|mtrA	0.27532677	50	188	170	4.51e-54	1	NA
Tub.16-k141_218445_2-8..78	Tub.16	Probable	TRUNCATED_PUTATIVE_RESPONSE_REGULATOR_ARLR	8	78	k141_218445_2	unclassified	NC_002745.3251084.p01|FEATURES|truncated_putative_response_regulator_ArlR|unclassified|truncated_putative_response_regulator_ArlR	0.811312131	52.8	72	65.9	5.48e-15	1	NA
Tub.16-k141_218445_2-8..78	Tub.16	Potential_loser	TRUNCATED_PUTATIVE_RESPONSE_REGULATOR_ARLR	8	78	k141_218445_2	peptide	undefined	0.094329589	52.8	72	65.9	5.48e-15	1	NA
Tub.105-k141_324278_2-5..157	Tub.105	Probable	AAC(6')-I	5	157	k141_324278_2	aminoglycoside	AB116646.1.gene1.p01|FEATURES|aac(6')-I|aminoglycoside|aac(6')-I	0.988468029	50	164	149	3.68e-47	1	NA
Tub.59-k141_194293_1-60..402	Tub.59	Probable	ROSA	60	402	k141_194293_1	fosmidomycin	YP_001477378|FEATURES|rosA|fosmidomycin|rosA	0.998256376	62.9	345	424	7.35e-149	1	NA
Tub.31-k141_650363_6-3..222	Tub.31	Probable	KDPE	3	222	k141_650363_6	aminoglycoside	NP_415222.1|FEATURES|kdpE|aminoglycoside|kdpE	0.969948641	52.3	222	229	2.15e-76	1	NA
Tub.16-k141_152809_2-14..105	Tub.16	Potential	RBPA	14	105	k141_152809_2	peptide	undefined	0.248836899	50.5	93	87.8	1.96e-24	1	NA
Tub.16-k141_152809_2-14..105	Tub.16	Potential_loser	RBPA	14	105	k141_152809_2	multidrug	undefined	0.222898735	50.5	93	87.8	1.96e-24	1	NA
Tub.82-k141_392364_1-29..176	Tub.82	Probable	AAC(6')-I	29	176	k141_392364_1	aminoglycoside	AB164230.1.gene1.p01|FEATURES|aac(6')-I|aminoglycoside|aac(6')-I	0.999414648	50.6	160	149	5.26e-47	1	NA
Tub.11-k141_148035_1-35..346	Tub.11	Potential	ROSA	35	346	k141_148035_1	peptide	undefined	0.340192166	65.1	312	391	6.43e-137	1	NA
Tub.11-k141_148035_1-35..346	Tub.11	Potential_loser	ROSA	35	346	k141_148035_1	multidrug	undefined	0.178040769	65.1	312	391	6.43e-137	1	NA
Tub.82-k141_460499_2-4..123	Tub.82	Potential	ADP-RIBOSYLATING_TRANSFERASE_ARR	4	123	k141_460499_2	multidrug	undefined	0.381179342	61.7	120	148	5.93e-45	1	NA
Tub.82-k141_460499_2-4..123	Tub.82	Potential_loser	ADP-RIBOSYLATING_TRANSFERASE_ARR	4	123	k141_460499_2	peptide	undefined	0.138880146	61.7	120	148	5.93e-45	1	NA
Tub.83-k141_53632_6-3..157	Tub.83	Probable	AAC(6')-I	3	157	k141_53632_6	aminoglycoside	AB116646.1.gene1.p01|FEATURES|aac(6')-I|aminoglycoside|aac(6')-I	0.993181382	50.3	167	157	7.21e-50	1	NA
Tub.31-k141_479353_4-6..424	Tub.31	Potential	EMRB-QACA_FAMILY_MAJOR_FACILITATOR_TRANSPORTER	6	424	k141_479353_4	diaminopyrimidine	undefined	0.285631745	61.3	419	518	7.04e-181	1	NA
Tub.31-k141_479353_4-6..424	Tub.31	Potential_loser	EMRB-QACA_FAMILY_MAJOR_FACILITATOR_TRANSPORTER	6	424	k141_479353_4	peptide	undefined	0.265811824	61.3	419	518	7.04e-181	1	NA
Tub.82-k141_202592_12-35..293	Tub.82	Probable	LRA	35	293	k141_202592_12	beta-lactam	EU408346.1.gene6.p01|FEATURES|LRA-1|beta-lactam|LRA	0.860332826	56.8	259	287	2.95e-97	1	NA
Tub.82-k141_202592_12-35..293	Tub.82	Potential_loser	LRA	35	293	k141_202592_12	aminoglycoside	undefined	0.064845929	56.8	259	287	2.95e-97	1	NA
Tub.58-k141_203638_2-1..109	Tub.58	Potential	RBPA	1	109	k141_203638_2	peptide	undefined	0.260413349	51.4	109	114	1.25e-34	1	NA
Tub.58-k141_203638_2-1..109	Tub.58	Potential_loser	RBPA	1	109	k141_203638_2	multidrug	undefined	0.226539017	51.4	109	114	1.25e-34	1	NA
Tub.30-k141_302372_1-9..227	Tub.30	Probable	KASUGAMYCIN_RESISTANCE_PROTEIN_KSGA	9	227	k141_302372_1	aminoglycoside	A7FMC1|FEATURES|kasugamycin_resistance_protein_ksgA|aminoglycoside|kasugamycin_resistance_protein_ksgA	0.999999856	54.8	219	229	1.33e-75	1	NA
Tub.85-k141_755510_103-1..120	Tub.85	Probable	BRP(MBL)	1	120	k141_755510_103	glycopeptide	YP_007652797.1|FEATURES|BRP(MBL)|glycopeptide|BRP(MBL)	0.993726499	67.5	120	170	1.24e-56	1	NA
Tub.64-k141_197146_2-3..182	Tub.64	Probable	KDPE	3	182	k141_197146_2	aminoglycoside	NP_415222.1|FEATURES|kdpE|aminoglycoside|kdpE	0.973250854	52.7	182	186	2.37e-60	1	NA
Tub.105-k141_192071_1-24..175	Tub.105	Probable	AAC(6')-I	24	175	k141_192071_1	aminoglycoside	AB164230.1.gene1.p01|FEATURES|aac(6')-I|aminoglycoside|aac(6')-I	0.97439553	50.6	160	142	4.10e-44	1	NA
Tub.13-k141_7809_1-3..107	Tub.13	Potential	EMRE	3	107	k141_7809_1	aminoglycoside	undefined	0.355838805	50.5	105	89.7	6.55e-25	1	NA
Tub.13-k141_7809_1-3..107	Tub.13	Potential_loser	EMRE	3	107	k141_7809_1	peptide	undefined	0.239358755	50.5	105	89.7	6.55e-25	1	NA
Tub.59-k141_228011_1-1..128	Tub.59	Probable	GOLS	1	128	k141_228011_1	multidrug	NP_459349.1|FEATURES|golS|multidrug|golS	0.997775616	59.4	128	156	4.06e-50	1	NA
Tub.51-k141_78510_1-5..209	Tub.51	Probable	VATB	5	209	k141_78510_1	MLS	YP_001779894|FEATURES|vatB|MLS|vatB	0.999999999	54.6	205	239	1.85e-80	1	NA
Tub.70-k141_129664_1-18..163	Tub.70	Probable	ADP-RIBOSYLATING_TRANSFERASE_ARR	18	163	k141_129664_1	rifamycin	NC_010410.6003052.p01|FEATURES|ADP-ribosylating_transferase_arr|rifamycin|ADP-ribosylating_transferase_arr	0.999848281	56.8	146	189	1.56e-62	1	NA
Tub.59-k141_595943_2-12..209	Tub.59	Probable	CAMP-REGULATORY_PROTEIN	12	209	k141_595943_2	unclassified	gi:490367208:ref:WP_004246872.1:|FEATURES|cAMP-regulatory_protein|unclassified|cAMP-regulatory_protein	0.99465745	52.7	203	223	3.04e-74	1	NA
Tub.105-k141_289737_4-26..195	Tub.105	Probable	AAC(2')-I	26	195	k141_289737_4	aminoglycoside	U41471.1.gene1.p01|FEATURES|aac(2')-I|aminoglycoside|aac(2')-I	0.999963937	54.7	170	187	1.52e-61	1	NA
Tub.104-k141_240344_2-9..224	Tub.104	Potential	MTRA	9	224	k141_240344_2	aminoglycoside	undefined	0.401976269	50	222	186	9.37e-60	1	NA
Tub.104-k141_240344_2-9..224	Tub.104	Potential_loser	MTRA	9	224	k141_240344_2	multidrug	CCP46065.1|FEATURES|mtrA|multidrug|mtrA	0.275413647	50	222	186	9.37e-60	1	NA
Tub.51-k141_232558_2-1..128	Tub.51	Probable	GOLS	1	128	k141_232558_2	multidrug	NP_459349.1|FEATURES|golS|multidrug|golS	0.997639751	58.6	128	152	1.35e-48	1	NA
Tub.10-k141_549543_1-9..148	Tub.10	Probable	AAC(3)-I	9	148	k141_549543_1	aminoglycoside	AJ511268.1.gene3.p01|FEATURES|aac(3)-I|aminoglycoside|aac(3)-I	0.999992289	64.3	140	181	1.64e-59	1	NA
Tub.82-k141_193363_51-2..228	Tub.82	Potential	MTRA	2	228	k141_193363_51	aminoglycoside	undefined	0.591164137	75.8	227	348	3.95e-123	1	NA
Tub.82-k141_193363_51-2..228	Tub.82	Potential_loser	MTRA	2	228	k141_193363_51	multidrug	CCP46065.1|FEATURES|mtrA|multidrug|mtrA	0.261294015	75.8	227	348	3.95e-123	1	NA
Tub.64-k141_204904_4-10..304	Tub.64	Probable	TLA-2	10	304	k141_204904_4	beta-lactam	CAG27800.1|FEATURES|TLA-2|beta-lactam|TLA-2	0.999999312	56.2	297	321	1.77e-110	1	NA
Tub.85-k141_166814_11-1..1043	Tub.85	Probable	BPEF	1	1043	k141_166814_11	multidrug	ZP_02465589|FEATURES|bpeF|multidrug|bpeF	0.999802252	72.2	1043	1441	0	1	fluoroquinolone antibiotic; tetracycline antibiotic
Tub.51-k141_197829_2-9..399	Tub.51	Probable	ROSA	9	399	k141_197829_2	fosmidomycin	YP_001477378|FEATURES|rosA|fosmidomycin|rosA	0.998885643	67.6	395	501	4.68e-178	1	NA
Tub.1-k141_1100_3-3..130	Tub.1	Potential	DFRA3	3	130	k141_1100_3	peptide	undefined	0.300650896	55	131	147	1.42e-45	1	NA
Tub.1-k141_1100_3-3..130	Tub.1	Potential_loser	DFRA3	3	130	k141_1100_3	aminoglycoside	undefined	0.18938683	55	131	147	1.42e-45	1	NA
Tub.83-k141_904443_2-9..250	Tub.83	Potential	FEZ-1	9	250	k141_904443_2	aminoglycoside	undefined	0.344966946	53.5	245	251	1.93e-84	1	NA
Tub.83-k141_904443_2-9..250	Tub.83	Potential_loser	FEZ-1	9	250	k141_904443_2	multidrug	undefined	0.182557952	53.5	245	251	1.93e-84	1	NA
Tub.88-k141_238253_34-8..282	Tub.88	Potential	SUL4	8	282	k141_238253_34	multidrug	undefined	0.273209729	51.6	275	269	6.84e-91	1	NA
Tub.88-k141_238253_34-8..282	Tub.88	Potential_loser	SUL4	8	282	k141_238253_34	peptide	undefined	0.213302542	51.6	275	269	6.84e-91	1	NA
Tub.88-k141_238253_43-7..224	Tub.88	Potential	MTRA	7	224	k141_238253_43	aminoglycoside	undefined	0.591164137	51.8	224	204	1.90e-66	1	NA
Tub.88-k141_238253_43-7..224	Tub.88	Potential_loser	MTRA	7	224	k141_238253_43	multidrug	CCP46065.1|FEATURES|mtrA|multidrug|mtrA	0.261294015	51.8	224	204	1.90e-66	1	NA
Tub.10-k141_511929_2-2..137	Tub.10	Probable	ADP-RIBOSYLATING_TRANSFERASE_ARR	2	137	k141_511929_2	rifamycin	AF001493.1.orf0.gene.p01|FEATURES|ADP-ribosylating_transferase_arr|rifamycin|ADP-ribosylating_transferase_arr	0.999584079	72.8	136	213	3.54e-72	1	NA
Tub.82-k141_494140_97-5..314	Tub.82	Potential	OLEC	5	314	k141_494140_97	tetracycline	undefined	0.896640959	54.3	311	312	1.54e-106	1	NA
Tub.82-k141_494140_97-5..314	Tub.82	Potential_loser	OLEC	5	314	k141_494140_97	MLS	AAA26793|FEATURES|oleC|MLS|oleC	0.07027242	54.3	311	312	1.54e-106	1	NA
Tub.94-k141_325752_2-4..223	Tub.94	Probable	KDPE	4	223	k141_325752_2	aminoglycoside	NP_415222.1|FEATURES|kdpE|aminoglycoside|kdpE	0.988194436	56.8	222	246	3.51e-83	1	NA
Tub.85-k141_446916_8-1..1029	Tub.85	Potential	ACRF	1	1029	k141_446916_8	multidrug	CP000647.1.gene3710.p01|FEATURES|acrF|multidrug|acrF	0.748413197	51	1037	956	0	1	NA
Tub.85-k141_446916_8-1..1029	Tub.85	Potential_loser	ACRF	1	1029	k141_446916_8	aminoglycoside	undefined	0.067506473	51	1037	956	0	1	NA
Tub.82-k141_371346_1-9..260	Tub.82	Potential	KASUGAMYCIN_RESISTANCE_PROTEIN_KSGA	9	260	k141_371346_1	aminoglycoside	YP_001476958|FEATURES|kasugamycin_resistance_protein_ksgA|aminoglycoside|kasugamycin_resistance_protein_ksgA	0.724394212	50.8	256	234	2.07e-77	1	NA
Tub.82-k141_371346_1-9..260	Tub.82	Potential_loser	KASUGAMYCIN_RESISTANCE_PROTEIN_KSGA	9	260	k141_371346_1	multidrug	undefined	0.148007826	50.8	256	234	2.07e-77	1	NA
Tub.59-k141_69350_4-2..224	Tub.59	Probable	KDPE	2	224	k141_69350_4	aminoglycoside	NP_415222.1|FEATURES|kdpE|aminoglycoside|kdpE	0.973489574	52.2	226	231	5.39e-77	1	NA
Tub.59-k141_694692_2-1..127	Tub.59	Probable	GOLS	1	127	k141_694692_2	multidrug	NP_459349.1|FEATURES|golS|multidrug|golS	0.997709762	59.8	127	155	1.74e-49	1	NA
Tub.85-k141_563967_3-1..242	Tub.85	Potential	BACA	1	242	k141_563967_3	peptide	undefined	0.269921915	51.2	246	213	1.28e-69	1	NA
Tub.85-k141_563967_3-1..242	Tub.85	Potential_loser	BACA	1	242	k141_563967_3	multidrug	undefined	0.223691608	51.2	246	213	1.28e-69	1	NA
Tub.4-k141_973874_1-3..147	Tub.4	Probable	GOLS	3	147	k141_973874_1	multidrug	NP_459349.1|FEATURES|golS|multidrug|golS	0.997556668	52.4	145	144	1.88e-45	1	NA
Tub.58-k141_152090_23-2..126	Tub.58	Probable	GOLS	2	126	k141_152090_23	multidrug	NP_459349.1|FEATURES|golS|multidrug|golS	0.996620628	59.2	125	149	1.10e-47	1	NA
Tub.31-k141_547017_1-16..520	Tub.31	Potential	EMRB-QACA_FAMILY_MAJOR_FACILITATOR_TRANSPORTER	16	520	k141_547017_1	peptide	undefined	0.447015376	54.5	505	576	3.04e-204	1	NA
Tub.31-k141_547017_1-16..520	Tub.31	Potential_loser	EMRB-QACA_FAMILY_MAJOR_FACILITATOR_TRANSPORTER	16	520	k141_547017_1	tetracycline	undefined	0.131112918	54.5	505	576	3.04e-204	1	NA
Tub.4-k141_922991_2-3..118	Tub.4	Potential	TRUNCATED_PUTATIVE_RESPONSE_REGULATOR_ARLR	3	118	k141_922991_2	aminoglycoside	undefined	0.303562335	50.4	117	114	6.56e-34	1	NA
Tub.4-k141_922991_2-3..118	Tub.4	Potential_loser	TRUNCATED_PUTATIVE_RESPONSE_REGULATOR_ARLR	3	118	k141_922991_2	unclassified	NC_002745.1124086.p01|FEATURES|truncated_putative_response_regulator_ArlR|unclassified|truncated_putative_response_regulator_ArlR	0.295233897	50.4	117	114	6.56e-34	1	NA
Tub.94-k141_81548_2-12..210	Tub.94	Probable	CAMP-REGULATORY_PROTEIN	12	210	k141_81548_2	unclassified	gi:490367208:ref:WP_004246872.1:|FEATURES|cAMP-regulatory_protein|unclassified|cAMP-regulatory_protein	0.995420394	53.4	204	223	1.75e-74	1	NA
Tub.34-k141_90730_1-14..477	Tub.34	Potential	PUROMYCIN_RESISTANCE_PROTEIN	14	477	k141_90730_1	nucleoside	P42670|FEATURES|puromycin_resistance_protein|nucleoside|puromycin_resistance_protein	0.6686821	50.1	477	424	1.49e-144	1	NA
Tub.34-k141_90730_1-14..477	Tub.34	Potential_loser	PUROMYCIN_RESISTANCE_PROTEIN	14	477	k141_90730_1	multidrug	undefined	0.216556419	50.1	477	424	1.49e-144	1	NA
Tub.4-k141_686490_1-1..111	Tub.4	Potential	RBPA	1	111	k141_686490_1	peptide	undefined	0.253848804	50	112	100	7.26e-29	1	NA
Tub.4-k141_686490_1-1..111	Tub.4	Potential_loser	RBPA	1	111	k141_686490_1	multidrug	undefined	0.224301497	50	112	100	7.26e-29	1	NA
Tub.88-k141_200067_5-15..357	Tub.88	Probable	EMRA	15	357	k141_200067_5	multidrug	gi:695709491:ref:WP_032642979.1:|FEATURES|emrA|multidrug|emrA	0.994299835	51.3	343	320	1.28e-107	1	NA
Tub.13-k141_93421_2-11..262	Tub.13	Probable	KASUGAMYCIN_RESISTANCE_PROTEIN_KSGA	11	262	k141_93421_2	aminoglycoside	Q57TH0|FEATURES|kasugamycin_resistance_protein_ksgA|aminoglycoside|kasugamycin_resistance_protein_ksgA	0.999992405	50	252	242	1.91e-80	1	NA
Tub.34-k141_299036_1-22..175	Tub.34	Probable	AAC(6')-I	22	175	k141_299036_1	aminoglycoside	AB164230.1.gene1.p01|FEATURES|aac(6')-I|aminoglycoside|aac(6')-I	0.987490976	53	164	167	9.42e-54	1	NA
Tub.104-k141_598711_1-1..111	Tub.104	Potential	RBPA	1	111	k141_598711_1	peptide	undefined	0.252785424	50.4	113	108	4.97e-31	1	NA
Tub.104-k141_598711_1-1..111	Tub.104	Potential_loser	RBPA	1	111	k141_598711_1	multidrug	undefined	0.224003769	50.4	113	108	4.97e-31	1	NA
Tub.10-k141_484429_2-13..327	Tub.10	Probable	TETA(48)	13	327	k141_484429_2	tetracycline	APB03214.1|FEATURES|tetA(48)|tetracycline|tetA(48)	0.997013162	50.9	316	298	4.65e-100	1	NA
Tub.1-k141_245371_1-1..228	Tub.1	Potential	MTRA	1	228	k141_245371_1	aminoglycoside	undefined	0.591164137	70.2	228	330	8.59e-116	1	NA
Tub.1-k141_245371_1-1..228	Tub.1	Potential_loser	MTRA	1	228	k141_245371_1	multidrug	CCP46065.1|FEATURES|mtrA|multidrug|mtrA	0.261294015	70.2	228	330	8.59e-116	1	NA
Tub.31-k141_500855_1-1..118	Tub.31	Probable	BRP(MBL)	1	118	k141_500855_1	glycopeptide	YP_007652797.1|FEATURES|BRP(MBL)|glycopeptide|BRP(MBL)	0.992331519	59.3	118	154	3.08e-50	1	NA
Tub.59-k141_98459_13-3..118	Tub.59	Potential	TRUNCATED_PUTATIVE_RESPONSE_REGULATOR_ARLR	3	118	k141_98459_13	aminoglycoside	undefined	0.305344696	52.1	119	119	3.25e-34	1	NA
Tub.59-k141_98459_13-3..118	Tub.59	Potential_loser	TRUNCATED_PUTATIVE_RESPONSE_REGULATOR_ARLR	3	118	k141_98459_13	unclassified	NC_002745.1124086.p01|FEATURES|truncated_putative_response_regulator_ArlR|unclassified|truncated_putative_response_regulator_ArlR	0.287251264	52.1	119	119	3.25e-34	1	NA
Tub.11-k141_62738_1-17..163	Tub.11	Potential	CAMP-REGULATORY_PROTEIN	17	163	k141_62738_1	unclassified	CP004022.1.gene2827.p01|FEATURES|cAMP-regulatory_protein|unclassified|cAMP-regulatory_protein	0.416793087	54.4	147	179	1.08e-58	1	NA
Tub.11-k141_62738_1-17..163	Tub.11	Potential_loser	CAMP-REGULATORY_PROTEIN	17	163	k141_62738_1	aminoglycoside	undefined	0.178311629	54.4	147	179	1.08e-58	1	NA
Tub.31-k141_109702_5-31..292	Tub.31	Potential	AIM-1	31	292	k141_109702_5	peptide	undefined	0.262953378	53.4	262	270	1.18e-90	1	NA
Tub.31-k141_109702_5-31..292	Tub.31	Potential_loser	AIM-1	31	292	k141_109702_5	aminoglycoside	undefined	0.226078247	53.4	262	270	1.18e-90	1	NA
Tub.31-k141_132688_4-2..245	Tub.31	Probable	OMPR	2	245	k141_132688_4	multidrug	gi:909830386:gb:AKU13184.1:|FEATURES|ompR|multidrug|ompR	0.933656658	50.4	244	228	2.38e-75	1	NA
Tub.104-k141_453011_7-4..228	Tub.104	Potential	MTRA	4	228	k141_453011_7	aminoglycoside	undefined	0.568436801	78.2	225	351	7.38e-125	1	NA
Tub.104-k141_453011_7-4..228	Tub.104	Potential_loser	MTRA	4	228	k141_453011_7	multidrug	CCP46065.1|FEATURES|mtrA|multidrug|mtrA	0.26491494	78.2	225	351	7.38e-125	1	NA
Tub.18-k141_575006_3-5..89	Tub.18	Potential	BLEOMYCIN_RESISTANCE_PROTEIN	5	89	k141_575006_3	glycopeptide	gi:1043031651:ref:WP_065315223.1:|FEATURES|bleomycin_resistance_protein|glycopeptide|bleomycin_resistance_protein	0.604806893	51.1	88	91.7	1.46e-25	1	NA
Tub.18-k141_575006_3-5..89	Tub.18	Potential_loser	BLEOMYCIN_RESISTANCE_PROTEIN	5	89	k141_575006_3	peptide	undefined	0.237704489	51.1	88	91.7	1.46e-25	1	NA
Tub.51-k141_58169_1-6..509	Tub.51	Probable	EMRB	6	509	k141_58169_1	multidrug	gi:930176934:ref:WP_054177682.1:|FEATURES|emrB|multidrug|emrB	0.993437317	51.5	507	498	7.45e-174	1	NA
Tub.82-k141_276947_2-41..300	Tub.82	Potential	BACA	41	300	k141_276947_2	peptide	undefined	0.293745838	60.5	261	307	1.53e-105	1	NA
Tub.82-k141_276947_2-41..300	Tub.82	Potential_loser	BACA	41	300	k141_276947_2	multidrug	undefined	0.159100101	60.5	261	307	1.53e-105	1	NA
Tub.34-k141_224959_2-3..118	Tub.34	Potential	TRUNCATED_PUTATIVE_RESPONSE_REGULATOR_ARLR	3	118	k141_224959_2	unclassified	NC_002745.1124086.p01|FEATURES|truncated_putative_response_regulator_ArlR|unclassified|truncated_putative_response_regulator_ArlR	0.324323324	50.4	117	118	2.15e-34	1	NA
Tub.34-k141_224959_2-3..118	Tub.34	Potential_loser	TRUNCATED_PUTATIVE_RESPONSE_REGULATOR_ARLR	3	118	k141_224959_2	aminoglycoside	undefined	0.295456454	50.4	117	118	2.15e-34	1	NA
Tub.16-k141_663416_1-2..143	Tub.16	Probable	ADP-RIBOSYLATING_TRANSFERASE_ARR	2	143	k141_663416_1	rifamycin	AF001493.1.orf0.gene.p01|FEATURES|ADP-ribosylating_transferase_arr|rifamycin|ADP-ribosylating_transferase_arr	0.999557824	74.6	142	223	5.96e-77	1	NA
Tub.4-k141_725593_51-10..261	Tub.4	Probable	BACA	10	261	k141_725593_51	bacitracin	YP_316450|FEATURES|bacA|bacitracin|bacA	0.931180062	55.6	252	251	8.87e-84	1	NA
Tub.83-k141_59493_1-5..78	Tub.83	Probable	TRUNCATED_PUTATIVE_RESPONSE_REGULATOR_ARLR	5	78	k141_59493_1	unclassified	NC_002745.3251084.p01|FEATURES|truncated_putative_response_regulator_ArlR|unclassified|truncated_putative_response_regulator_ArlR	0.865794034	50.7	75	77.8	2.64e-19	1	NA
Tub.83-k141_59493_1-5..78	Tub.83	Potential_loser	TRUNCATED_PUTATIVE_RESPONSE_REGULATOR_ARLR	5	78	k141_59493_1	peptide	undefined	0.068953765	50.7	75	77.8	2.64e-19	1	NA
Tub.82-k141_98742_2-1..310	Tub.82	Probable	TETA(48)	1	310	k141_98742_2	tetracycline	APB03214.1|FEATURES|tetA(48)|tetracycline|tetA(48)	0.996560212	53.4	311	292	1.61e-98	1	NA
Tub.15-k141_62463_2-4..228	Tub.15	Potential	MTRA	4	228	k141_62463_2	aminoglycoside	undefined	0.591164137	83.1	225	375	3.82e-134	1	NA
Tub.15-k141_62463_2-4..228	Tub.15	Potential_loser	MTRA	4	228	k141_62463_2	multidrug	CCP46065.1|FEATURES|mtrA|multidrug|mtrA	0.261294015	83.1	225	375	3.82e-134	1	NA
Tub.11-k141_281714_15-1..143	Tub.11	Potential	DFRA3	1	143	k141_281714_15	peptide	undefined	0.29931908	50.3	143	144	5.19e-45	1	NA
Tub.11-k141_281714_15-1..143	Tub.11	Potential_loser	DFRA3	1	143	k141_281714_15	aminoglycoside	undefined	0.19080868	50.3	143	144	5.19e-45	1	NA
Tub.85-k141_701249_27-3..120	Tub.85	Potential	TRUNCATED_PUTATIVE_RESPONSE_REGULATOR_ARLR	3	120	k141_701249_27	unclassified	NC_002745.1124086.p01|FEATURES|truncated_putative_response_regulator_ArlR|unclassified|truncated_putative_response_regulator_ArlR	0.322186466	51.3	119	123	2.34e-36	1	NA
Tub.85-k141_701249_27-3..120	Tub.85	Potential_loser	TRUNCATED_PUTATIVE_RESPONSE_REGULATOR_ARLR	3	120	k141_701249_27	aminoglycoside	undefined	0.296130865	51.3	119	123	2.34e-36	1	NA
Tub.34-k141_673755_2-3..228	Tub.34	Potential	MTRA	3	228	k141_673755_2	aminoglycoside	undefined	0.582380076	73.9	226	337	1.95e-118	1	NA
Tub.34-k141_673755_2-3..228	Tub.34	Potential_loser	MTRA	3	228	k141_673755_2	multidrug	CCP46065.1|FEATURES|mtrA|multidrug|mtrA	0.262846343	73.9	226	337	1.95e-118	1	NA
Tub.58-k141_252950_1-5..224	Tub.58	Probable	KDPE	5	224	k141_252950_1	aminoglycoside	NP_415222.1|FEATURES|kdpE|aminoglycoside|kdpE	0.987701582	63.8	224	295	1.57e-102	1	NA
Tub.31-k141_610409_3-15..271	Tub.31	Probable	APH(3')-I	15	271	k141_610409_3	aminoglycoside	YP_112402|FEATURES|aph(3')-I|aminoglycoside|aph(3')-I	0.999999871	57.6	257	298	8.93e-103	1	NA
Tub.58-k141_104374_5-29..151	Tub.58	Potential	LEN	29	151	k141_104374_5	multidrug	undefined	0.236743529	56.9	123	130	4.98e-38	1	NA
Tub.58-k141_104374_5-29..151	Tub.58	Potential_loser	LEN	29	151	k141_104374_5	peptide	undefined	0.222037731	56.9	123	130	4.98e-38	1	NA
Tub.31-k141_182071_2-5..80	Tub.31	Probable	TRUNCATED_PUTATIVE_RESPONSE_REGULATOR_ARLR	5	80	k141_182071_2	unclassified	NC_002745.3251084.p01|FEATURES|truncated_putative_response_regulator_ArlR|unclassified|truncated_putative_response_regulator_ArlR	0.823885345	51.3	76	74.7	9.35e-20	1	NA
Tub.31-k141_182071_2-5..80	Tub.31	Potential_loser	TRUNCATED_PUTATIVE_RESPONSE_REGULATOR_ARLR	5	80	k141_182071_2	peptide	undefined	0.088624125	51.3	76	74.7	9.35e-20	1	NA
Tub.30-k141_197184_3-1..1004	Tub.30	Potential	MEXW	1	1004	k141_197184_3	MLS	undefined	0.667657228	53.3	1008	956	0	1	NA
Tub.30-k141_197184_3-1..1004	Tub.30	Potential_loser	MEXW	1	1004	k141_197184_3	multidrug	YP_001350280|FEATURES|mexW|multidrug|mexW	0.251215399	53.3	1008	956	0	1	NA
Tub.105-k141_157972_55-4..228	Tub.105	Potential	MTRA	4	228	k141_157972_55	aminoglycoside	undefined	0.589625877	78.2	225	351	7.38e-125	1	NA
Tub.105-k141_157972_55-4..228	Tub.105	Potential_loser	MTRA	4	228	k141_157972_55	multidrug	CCP46065.1|FEATURES|mtrA|multidrug|mtrA	0.261557923	78.2	225	351	7.38e-125	1	NA
Tub.18-k141_531343_2-17..335	Tub.18	Probable	TETA(48)	17	335	k141_531343_2	tetracycline	APB03214.1|FEATURES|tetA(48)|tetracycline|tetA(48)	0.99735798	50.3	324	311	1.35e-105	1	NA
Tub.31-k141_715347_1-3..226	Tub.31	Potential	MTRA	3	226	k141_715347_1	aminoglycoside	undefined	0.591164137	66.5	224	303	3.80e-105	1	NA
Tub.31-k141_715347_1-3..226	Tub.31	Potential_loser	MTRA	3	226	k141_715347_1	multidrug	CCP46065.1|FEATURES|mtrA|multidrug|mtrA	0.261294015	66.5	224	303	3.80e-105	1	NA
Tub.31-k141_522813_2-48..365	Tub.31	Potential	MEXJ	48	365	k141_522813_2	triclosan	undefined	0.537988922	51.3	318	305	5.38e-103	1	NA
Tub.31-k141_522813_2-48..365	Tub.31	Potential_loser	MEXJ	48	365	k141_522813_2	multidrug	NP_252367.1|FEATURES|MexJ|multidrug|MexJ	0.155124356	51.3	318	305	5.38e-103	1	NA
Tub.26-k141_438767_4-1..337	Tub.26	Potential	MEXS	1	337	k141_438767_4	multidrug	ADT64081.1|FEATURES|MexS|multidrug|MexS	0.307165992	58.8	337	410	1.65e-144	1	NA
Tub.26-k141_438767_4-1..337	Tub.26	Potential_loser	MEXS	1	337	k141_438767_4	peptide	undefined	0.205244414	58.8	337	410	1.65e-144	1	NA
Tub.18-k141_588492_2-22..150	Tub.18	Probable	AAC(3)-I	22	150	k141_588492_2	aminoglycoside	AJ511268.1.gene3.p01|FEATURES|aac(3)-I|aminoglycoside|aac(3)-I	0.99997291	65.9	129	175	2.46e-57	1	NA
Tub.83-k141_853065_2-3..120	Tub.83	Potential	TRUNCATED_PUTATIVE_RESPONSE_REGULATOR_ARLR	3	120	k141_853065_2	unclassified	NC_002745.1124086.p01|FEATURES|truncated_putative_response_regulator_ArlR|unclassified|truncated_putative_response_regulator_ArlR	0.327919142	50	118	123	2.08e-36	1	NA
Tub.83-k141_853065_2-3..120	Tub.83	Potential_loser	TRUNCATED_PUTATIVE_RESPONSE_REGULATOR_ARLR	3	120	k141_853065_2	aminoglycoside	undefined	0.29434843	50	118	123	2.08e-36	1	NA
Tub.104-k141_358482_1-13..120	Tub.104	Potential	TRUNCATED_PUTATIVE_RESPONSE_REGULATOR_ARLR	13	120	k141_358482_1	unclassified	NC_002745.1124086.p01|FEATURES|truncated_putative_response_regulator_ArlR|unclassified|truncated_putative_response_regulator_ArlR	0.336165448	51.4	109	112	1.91e-33	1	NA
Tub.104-k141_358482_1-13..120	Tub.104	Potential_loser	TRUNCATED_PUTATIVE_RESPONSE_REGULATOR_ARLR	13	120	k141_358482_1	aminoglycoside	undefined	0.291798783	51.4	109	112	1.91e-33	1	NA
Tub.31-k141_26560_4-15..520	Tub.31	Potential	EMRB-QACA_FAMILY_MAJOR_FACILITATOR_TRANSPORTER	15	520	k141_26560_4	peptide	undefined	0.35135859	57.7	506	609	3.32e-217	1	NA
Tub.31-k141_26560_4-15..520	Tub.31	Potential_loser	EMRB-QACA_FAMILY_MAJOR_FACILITATOR_TRANSPORTER	15	520	k141_26560_4	fluoroquinolone	undefined	0.149564446	57.7	506	609	3.32e-217	1	NA
Tub.105-k141_227483_3-14..506	Tub.105	Probable	QEPA	14	506	k141_227483_3	fluoroquinolone	gi:1039004533:ref:WP_064760451.1:|FEATURES|qepA|fluoroquinolone|qepA	0.991697324	50.4	496	410	2.92e-139	1	NA
Tub.104-k141_87593_1-3..316	Tub.104	Potential	OLEC	3	316	k141_87593_1	tetracycline	undefined	0.888959765	50.2	315	297	5.99e-100	1	NA
Tub.104-k141_87593_1-3..316	Tub.104	Potential_loser	OLEC	3	316	k141_87593_1	MLS	AAA26793|FEATURES|oleC|MLS|oleC	0.071081567	50.2	315	297	5.99e-100	1	NA
Tub.82-k141_8306_6-4..224	Tub.82	Potential	MTRA	4	224	k141_8306_6	aminoglycoside	undefined	0.450464814	51.1	223	208	1.83e-68	1	NA
Tub.82-k141_8306_6-4..224	Tub.82	Potential_loser	MTRA	4	224	k141_8306_6	multidrug	CCP46065.1|FEATURES|mtrA|multidrug|mtrA	0.275748383	51.1	223	208	1.83e-68	1	NA
Tub.18-k141_602570_1-10..201	Tub.18	Probable	MEXL	10	201	k141_602570_1	multidrug	NP_252368.1|FEATURES|MexL|multidrug|MexL	0.991720317	50.3	193	172	7.84e-55	1	NA
Tub.83-k141_370362_2-12..274	Tub.83	Probable	BACA	12	274	k141_370362_2	bacitracin	YP_985461|FEATURES|bacA|bacitracin|bacA	0.995254281	76	263	398	4.29e-142	1	NA
Tub.82-k141_153814_2-4..228	Tub.82	Potential	MTRA	4	228	k141_153814_2	aminoglycoside	undefined	0.584810716	74.7	225	340	2.16e-120	1	NA
Tub.82-k141_153814_2-4..228	Tub.82	Potential_loser	MTRA	4	228	k141_153814_2	multidrug	CCP46065.1|FEATURES|mtrA|multidrug|mtrA	0.262419217	74.7	225	340	2.16e-120	1	NA
Tub.59-k141_20548_1-1..97	Tub.59	Potential	QACH	1	97	k141_20548_1	peptide	undefined	0.51200876	60.8	97	116	9.65e-36	1	disinfecting agents and antiseptics
Tub.59-k141_20548_1-1..97	Tub.59	Potential_loser	QACH	1	97	k141_20548_1	fosfomycin	undefined	0.225750327	60.8	97	116	9.65e-36	1	disinfecting agents and antiseptics
Tub.59-k141_728535_1-1..118	Tub.59	Potential	TRUNCATED_PUTATIVE_RESPONSE_REGULATOR_ARLR	1	118	k141_728535_1	aminoglycoside	undefined	0.305344696	50.4	119	119	7.57e-36	1	NA
Tub.59-k141_728535_1-1..118	Tub.59	Potential_loser	TRUNCATED_PUTATIVE_RESPONSE_REGULATOR_ARLR	1	118	k141_728535_1	unclassified	NC_002745.1124086.p01|FEATURES|truncated_putative_response_regulator_ArlR|unclassified|truncated_putative_response_regulator_ArlR	0.287251264	50.4	119	119	7.57e-36	1	NA
Tub.26-k141_497117_1-5..150	Tub.26	Probable	ARR-4	5	150	k141_497117_1	rifamycin	ABV26705.1|FEATURES|arr-4|rifamycin|arr-4	0.999768788	59.6	146	192	6.01e-64	1	NA
Tub.12-k141_217848_2-1..223	Tub.12	Probable	KDPE	1	223	k141_217848_2	aminoglycoside	NP_415222.1|FEATURES|kdpE|aminoglycoside|kdpE	0.986174262	50	230	208	1.99e-68	1	NA
Tub.82-k141_76424_1-28..261	Tub.82	Probable	KASUGAMYCIN_RESISTANCE_PROTEIN_KSGA	28	261	k141_76424_1	aminoglycoside	Q8FL96|FEATURES|kasugamycin_resistance_protein_ksgA|aminoglycoside|kasugamycin_resistance_protein_ksgA	0.999999792	53.8	234	229	4.77e-76	1	NA
Tub.105-k141_534877_1-16..228	Tub.105	Potential	MTRA	16	228	k141_534877_1	aminoglycoside	undefined	0.554561052	72.3	213	308	5.38e-108	1	NA
Tub.105-k141_534877_1-16..228	Tub.105	Potential_loser	MTRA	16	228	k141_534877_1	multidrug	CCP46065.1|FEATURES|mtrA|multidrug|mtrA	0.26677531	72.3	213	308	5.38e-108	1	NA
Tub.58-k141_397192_11-1..104	Tub.58	Potential	ABES	1	104	k141_397192_11	aminoglycoside	NC_010410.6003348.p01|FEATURES|abeS|multidrug|abeS	0.574873923	55.8	104	109	1.72e-32	1	disinfecting agents and antiseptics
Tub.58-k141_397192_11-1..104	Tub.58	Potential_loser	ABES	1	104	k141_397192_11	peptide	undefined	0.194122465	55.8	104	109	1.72e-32	1	disinfecting agents and antiseptics
Tub.59-k141_635795_45-4..377	Tub.59	Probable	ROSA	4	377	k141_635795_45	fosmidomycin	YP_001401993|FEATURES|rosA|fosmidomycin|rosA	0.999159449	65.9	381	484	9.80e-172	1	NA
Tub.82-k141_30820_4-31..386	Tub.82	Probable	ACRA	31	386	k141_30820_4	multidrug	YP_001879173|FEATURES|acrA|multidrug|acrA	0.999997798	54.3	361	353	4.01e-120	1	NA
Tub.85-k141_421262_3-7..211	Tub.85	Probable	MEXL	7	211	k141_421262_3	multidrug	NP_252368.1|FEATURES|MexL|multidrug|MexL	0.99437874	50.2	205	191	5.76e-62	1	NA
Tub.31-k141_63467_2-1..164	Tub.31	Probable	AAC(6')-I	1	164	k141_63467_2	aminoglycoside	AAK51920|FEATURES|aac(6')-I|aminoglycoside|aac(6')-I	0.999999189	52.1	165	172	1.26e-55	1	NA
Tub.94-k141_338589_1-2..277	Tub.94	Probable	BACA	2	277	k141_338589_1	bacitracin	YP_550152|FEATURES|bacA|bacitracin|bacA	0.993468212	83.3	276	453	2.52e-163	1	NA
Tub.105-k141_409671_1-12..181	Tub.105	Probable	AAC(2')-I	12	181	k141_409671_1	aminoglycoside	YP_001848841|FEATURES|aac(2')-I|aminoglycoside|aac(2')-I	0.9999952	58.8	170	209	4.11e-70	1	NA
Tub.31-k141_584134_202-7..1029	Tub.31	Potential	MUXB	7	1029	k141_584134_202	multidrug	NP_251217.1|FEATURES|MuxB|multidrug|MuxB	0.66741031	52	1067	976	0	1	NA
Tub.31-k141_584134_202-7..1029	Tub.31	Potential_loser	MUXB	7	1029	k141_584134_202	aminocoumarin	undefined	0.326544848	52	1067	976	0	1	NA
Tub.4-k141_179992_2-1..118	Tub.4	Potential	TRUNCATED_PUTATIVE_RESPONSE_REGULATOR_ARLR	1	118	k141_179992_2	unclassified	NC_002745.1124086.p01|FEATURES|truncated_putative_response_regulator_ArlR|unclassified|truncated_putative_response_regulator_ArlR	0.30417979	50.8	118	117	1.11e-33	1	NA
Tub.4-k141_179992_2-1..118	Tub.4	Potential_loser	TRUNCATED_PUTATIVE_RESPONSE_REGULATOR_ARLR	1	118	k141_179992_2	aminoglycoside	undefined	0.30134027	50.8	118	117	1.11e-33	1	NA
Tub.94-k141_311696_1-1..277	Tub.94	Potential	BACA	1	277	k141_311696_1	peptide	undefined	0.273015893	50.2	279	250	1.86e-83	1	NA
Tub.94-k141_311696_1-1..277	Tub.94	Potential_loser	BACA	1	277	k141_311696_1	multidrug	undefined	0.225436924	50.2	279	250	1.86e-83	1	NA
Tub.4-k141_142325_2-10..151	Tub.4	Probable	AAC(3)-I	10	151	k141_142325_2	aminoglycoside	AJ511268.1.gene3.p01|FEATURES|aac(3)-I|aminoglycoside|aac(3)-I	0.999999964	61.7	149	167	3.03e-54	1	NA
Tub.64-k141_44661_1-33..362	Tub.64	Probable	EFRB	33	362	k141_44661_1	multidrug	CDO61516.1|FEATURES|efrB|multidrug|efrB	0.858829418	50	330	316	4.54e-103	1	NA
Tub.64-k141_44661_1-33..362	Tub.64	Potential_loser	EFRB	33	362	k141_44661_1	aminoglycoside	undefined	0.073815627	50	330	316	4.54e-103	1	NA
Tub.82-k141_518705_8-1..276	Tub.82	Probable	BACA	1	276	k141_518705_8	bacitracin	ZP_04577926|FEATURES|bacA|bacitracin|bacA	0.985038885	69.7	277	384	5.02e-136	1	NA
Tub.104-k141_596244_3-1..217	Tub.104	Probable	VANR	1	217	k141_596244_3	glycopeptide	gi:974603856:ref:WP_059193686.1:|FEATURES|vanR|glycopeptide|vanR	0.999955075	53	217	209	9.05e-69	1	NA
Tub.104-k141_369703_2-1..109	Tub.104	Potential	RBPA	1	109	k141_369703_2	peptide	undefined	0.259742341	59.1	110	138	4.67e-44	1	NA
Tub.104-k141_369703_2-1..109	Tub.104	Potential_loser	RBPA	1	109	k141_369703_2	multidrug	undefined	0.225939659	59.1	110	138	4.67e-44	1	NA
Tub.58-k141_637775_2-1..278	Tub.58	Potential	BACA	1	278	k141_637775_2	peptide	undefined	0.272089097	52.8	282	261	4.62e-88	1	NA
Tub.58-k141_637775_2-1..278	Tub.58	Potential_loser	BACA	1	278	k141_637775_2	multidrug	undefined	0.22464324	52.8	282	261	4.62e-88	1	NA
Tub.30-k141_424037_2-1..134	Tub.30	Probable	GOLS	1	134	k141_424037_2	multidrug	NP_459349.1|FEATURES|golS|multidrug|golS	0.995014475	54.5	134	134	8.15e-42	1	NA
Tub.1-k141_130958_1-1..104	Tub.1	Potential	ABES	1	104	k141_130958_1	aminoglycoside	undefined	0.391141888	50	104	101	9.25e-30	1	NA
Tub.1-k141_130958_1-1..104	Tub.1	Potential_loser	ABES	1	104	k141_130958_1	multidrug	NC_010410.6003348.p01|FEATURES|abeS|multidrug|abeS	0.309766934	50	104	101	9.25e-30	1	NA
Tub.85-k141_51461_2-1..163	Tub.85	Potential	CAMP-REGULATORY_PROTEIN	1	163	k141_51461_2	unclassified	CP004022.1.gene2827.p01|FEATURES|cAMP-regulatory_protein|unclassified|cAMP-regulatory_protein	0.385763651	50	168	174	5.80e-56	1	NA
Tub.85-k141_51461_2-1..163	Tub.85	Potential_loser	CAMP-REGULATORY_PROTEIN	1	163	k141_51461_2	aminoglycoside	undefined	0.184314825	50	168	174	5.80e-56	1	NA
Tub.31-k141_781877_1-9..230	Tub.31	Probable	KASUGAMYCIN_RESISTANCE_PROTEIN_KSGA	9	230	k141_781877_1	aminoglycoside	YP_001439344|FEATURES|kasugamycin_resistance_protein_ksgA|aminoglycoside|kasugamycin_resistance_protein_ksgA	0.999999821	52.6	228	224	1.32e-73	1	NA
Tub.10-k141_108636_1-16..210	Tub.10	Potential	MTRA	16	210	k141_108636_1	aminoglycoside	undefined	0.540740039	71.8	195	284	9.83e-99	1	NA
Tub.10-k141_108636_1-16..210	Tub.10	Potential_loser	MTRA	16	210	k141_108636_1	multidrug	CCP46065.1|FEATURES|mtrA|multidrug|mtrA	0.268588485	71.8	195	284	9.83e-99	1	NA
Tub.31-k141_145985_2-26..155	Tub.31	Potential	LEN	26	155	k141_145985_2	aminoglycoside	undefined	0.291407723	54.6	130	130	3.22e-38	1	NA
Tub.31-k141_145985_2-26..155	Tub.31	Potential_loser	LEN	26	155	k141_145985_2	multidrug	undefined	0.245000768	54.6	130	130	3.22e-38	1	NA
Tub.51-k141_46872_4-9..210	Tub.51	Probable	CAMP-REGULATORY_PROTEIN	9	210	k141_46872_4	unclassified	gi:912988429:ref:WP_050336136.1:|FEATURES|cAMP-regulatory_protein|unclassified|cAMP-regulatory_protein	0.995199311	52.9	208	224	5.30e-75	1	NA
Tub.85-k141_283274_26-1..277	Tub.85	Potential	BACA	1	277	k141_283274_26	peptide	undefined	0.272619957	51.3	279	247	3.02e-82	1	NA
Tub.85-k141_283274_26-1..277	Tub.85	Potential_loser	BACA	1	277	k141_283274_26	multidrug	undefined	0.224894953	51.3	279	247	3.02e-82	1	NA
Tub.51-k141_309563_1-12..210	Tub.51	Probable	CAMP-REGULATORY_PROTEIN	12	210	k141_309563_1	unclassified	gi:490367208:ref:WP_004246872.1:|FEATURES|cAMP-regulatory_protein|unclassified|cAMP-regulatory_protein	0.995309438	52.9	204	224	5.30e-75	1	NA
Tub.85-k141_166814_12-32..386	Tub.85	Probable	MEXE	32	386	k141_166814_12	multidrug	gi:755819877:ref:WP_042584907.1:|FEATURES|mexE|multidrug|mexE	0.868149629	50.7	363	324	1.50e-108	1	NA
Tub.85-k141_166814_12-32..386	Tub.85	Potential_loser	MEXE	32	386	k141_166814_12	aminoglycoside	undefined	0.027426099	50.7	363	324	1.50e-108	1	NA
Tub.34-k141_152680_3-3..126	Tub.34	Potential	TRUNCATED_PUTATIVE_RESPONSE_REGULATOR_ARLR	3	126	k141_152680_3	unclassified	NC_002745.1124086.p01|FEATURES|truncated_putative_response_regulator_ArlR|unclassified|truncated_putative_response_regulator_ArlR	0.330514232	51.2	127	120	2.56e-35	1	NA
Tub.34-k141_152680_3-3..126	Tub.34	Potential_loser	TRUNCATED_PUTATIVE_RESPONSE_REGULATOR_ARLR	3	126	k141_152680_3	aminoglycoside	undefined	0.293580359	51.2	127	120	2.56e-35	1	NA
Tub.104-k141_96958_9-12..596	Tub.104	Potential	MULTIDRUG_ABC_TRANSPORTER	12	596	k141_96958_9	multidrug	gi:947982677:ref:WP_056642336.1:|FEATURES|multidrug_ABC_transporter|multidrug|multidrug_ABC_transporter	0.65958745	50.2	602	541	5.08e-187	1	NA
Tub.104-k141_96958_9-12..596	Tub.104	Potential_loser	MULTIDRUG_ABC_TRANSPORTER	12	596	k141_96958_9	peptide	undefined	0.071400371	50.2	602	541	5.08e-187	1	NA
Tub.105-k141_436022_2-3..319	Tub.105	Potential	OLEC	3	319	k141_436022_2	tetracycline	undefined	0.891338837	51.9	318	301	9.85e-102	1	NA
Tub.105-k141_436022_2-3..319	Tub.105	Potential_loser	OLEC	3	319	k141_436022_2	MLS	AAA26793|FEATURES|oleC|MLS|oleC	0.070849668	51.9	318	301	9.85e-102	1	NA
Tub.82-k141_350449_5-6..310	Tub.82	Potential	OLEC	6	310	k141_350449_5	tetracycline	undefined	0.883083062	51	308	289	2.54e-97	1	NA
Tub.82-k141_350449_5-6..310	Tub.82	Potential_loser	OLEC	6	310	k141_350449_5	MLS	AAA26793|FEATURES|oleC|MLS|oleC	0.071542096	51	308	289	2.54e-97	1	NA
Tub.82-k141_361627_48-25..591	Tub.82	Probable	MULTIDRUG_ABC_TRANSPORTER	25	591	k141_361627_48	multidrug	gi:664556405:ref:WP_031071225.1:|FEATURES|multidrug_ABC_transporter|multidrug|multidrug_ABC_transporter	0.986318398	64.1	569	674	3.67e-240	1	NA
Tub.85-k141_803657_1-4..223	Tub.85	Probable	KDPE	4	223	k141_803657_1	aminoglycoside	NP_415222.1|FEATURES|kdpE|aminoglycoside|kdpE	0.973481054	53.2	220	238	4.10e-80	1	NA
Tub.105-k141_66539_1-34..217	Tub.105	Probable	VANR	34	217	k141_66539_1	glycopeptide	gi:938897327:ref:WP_054681472.1:|FEATURES|vanR|glycopeptide|vanR	0.804328029	51.1	184	188	4.41e-61	1	NA
Tub.105-k141_66539_1-34..217	Tub.105	Potential_loser	VANR	34	217	k141_66539_1	peptide	undefined	0.115739449	51.1	184	188	4.41e-61	1	NA
Tub.83-k141_477662_4-22..176	Tub.83	Probable	AAC(6')-I	22	176	k141_477662_4	aminoglycoside	AB164230.1.gene1.p01|FEATURES|aac(6')-I|aminoglycoside|aac(6')-I	0.981480053	50.9	165	147	5.69e-46	1	NA
Tub.30-k141_75546_1-25..160	Tub.30	Potential	DFRA3	25	160	k141_75546_1	peptide	undefined	0.298257171	51.5	136	134	1.44e-39	1	NA
Tub.30-k141_75546_1-25..160	Tub.30	Potential_loser	DFRA3	25	160	k141_75546_1	aminoglycoside	undefined	0.191757933	51.5	136	134	1.44e-39	1	NA
Tub.59-k141_570365_6-26..1153	Tub.59	Probable	RPOB2	26	1153	k141_570365_6	multidrug	BAD59497.1|FEATURES|rpoB2|multidrug|rpoB2	0.994748404	55.1	1215	1217	0	1	NA
Tub.83-k141_281523_1-15..109	Tub.83	Potential	RBPA	15	109	k141_281523_1	peptide	undefined	0.255903502	54.7	95	102	4.56e-30	1	NA
Tub.83-k141_281523_1-15..109	Tub.83	Potential_loser	RBPA	15	109	k141_281523_1	multidrug	undefined	0.225001738	54.7	95	102	4.56e-30	1	NA
Tub.30-k141_218901_1-154..1053	Tub.30	Probable	MEXF	154	1053	k141_218901_1	multidrug	gi:489327637:ref:WP_003234928.1:|FEATURES|mexF|multidrug|mexF	0.999999266	58.2	906	989	0	1	fluoroquinolone antibiotic; tetracycline antibiotic
Tub.18-k141_80231_1-21..150	Tub.18	Probable	AAC(3)-I	21	150	k141_80231_1	aminoglycoside	CAI46944|FEATURES|aac(3)-I|aminoglycoside|aac(3)-I	0.999960276	60	130	162	1.20e-52	1	NA
Tub.59-k141_684164_1-1..246	Tub.59	Probable	BACA	1	246	k141_684164_1	bacitracin	YP_970399|FEATURES|bacA|bacitracin|bacA	0.983466211	63.4	246	317	4.56e-110	1	NA
Tub.58-k141_178007_1-33..271	Tub.58	Potential	KASUGAMYCIN_RESISTANCE_PROTEIN_KSGA	33	271	k141_178007_1	aminoglycoside	A7FMC1|FEATURES|kasugamycin_resistance_protein_ksgA|aminoglycoside|kasugamycin_resistance_protein_ksgA	0.402625043	50.2	239	224	1.15e-73	1	NA
Tub.58-k141_178007_1-33..271	Tub.58	Potential_loser	KASUGAMYCIN_RESISTANCE_PROTEIN_KSGA	33	271	k141_178007_1	peptide	undefined	0.205582819	50.2	239	224	1.15e-73	1	NA
Tub.85-k141_140552_2-1..126	Tub.85	Probable	GOLS	1	126	k141_140552_2	multidrug	NP_459349.1|FEATURES|golS|multidrug|golS	0.997775616	60.3	126	155	8.24e-50	1	NA
Tub.104-k141_446410_2-1..109	Tub.104	Potential	RBPA	1	109	k141_446410_2	peptide	ADV91011.1|FEATURES|RbpA|rifamycin|RbpA	0.259359745	60	110	136	1.90e-43	1	NA
Tub.104-k141_446410_2-1..109	Tub.104	Potential_loser	RBPA	1	109	k141_446410_2	multidrug	ADV91011.1|FEATURES|RbpA|rifamycin|RbpA	0.225691455	60	110	136	1.90e-43	1	NA
Tub.30-k141_31216_9-26..240	Tub.30	Potential	SHV	26	240	k141_31216_9	aminoglycoside	undefined	0.434076105	50.9	216	196	1.47e-62	1	NA
Tub.30-k141_31216_9-26..240	Tub.30	Potential_loser	SHV	26	240	k141_31216_9	peptide	undefined	0.169892304	50.9	216	196	1.47e-62	1	NA
Tub.13-k141_329254_2-4..223	Tub.13	Potential	MTRA	4	223	k141_329254_2	aminoglycoside	undefined	0.482966377	50.4	224	223	3.70e-74	1	NA
Tub.13-k141_329254_2-4..223	Tub.13	Potential_loser	MTRA	4	223	k141_329254_2	multidrug	CCP46065.1|FEATURES|mtrA|multidrug|mtrA	0.274002823	50.4	224	223	3.70e-74	1	NA
Tub.58-k141_452808_1-1..212	Tub.58	Probable	VANR	1	212	k141_452808_1	glycopeptide	gi:974603856:ref:WP_059193686.1:|FEATURES|vanR|glycopeptide|vanR	0.999987854	64.2	212	271	1.31e-93	1	NA
Tub.59-k141_316368_2-26..155	Tub.59	Potential	LEN	26	155	k141_316368_2	aminoglycoside	undefined	0.292385026	50.4	131	117	3.85e-33	1	NA
Tub.59-k141_316368_2-26..155	Tub.59	Potential_loser	LEN	26	155	k141_316368_2	multidrug	undefined	0.238673468	50.4	131	117	3.85e-33	1	NA
Tub.16-k141_347798_1-16..150	Tub.16	Probable	ARR-4	16	150	k141_347798_1	rifamycin	ABV26705.1|FEATURES|arr-4|rifamycin|arr-4	0.999556575	59.6	141	170	9.64e-56	1	NA
Tub.10-k141_275916_1-29..174	Tub.10	Probable	AAC(6')-I	29	174	k141_275916_1	aminoglycoside	AB164230.1.gene1.p01|FEATURES|aac(6')-I|aminoglycoside|aac(6')-I	0.999668664	53.2	154	160	1.70e-51	1	NA
Tub.12-k141_99658_45-1..1033	Tub.12	Potential	ACRB	1	1033	k141_99658_45	multidrug	gi:446414955:ref:WP_000492810.1:|FEATURES|acrB|multidrug|acrB	0.677644038	57.3	1057	1099	0	1	NA
Tub.12-k141_99658_45-1..1033	Tub.12	Potential_loser	ACRB	1	1033	k141_99658_45	aminoglycoside	undefined	0.29302001	57.3	1057	1099	0	1	NA
Tub.59-k141_357092_16-5..204	Tub.59	Potential	TRANSCRIPTIONAL_REGULATORY_PROTEIN_CPXR_CPXR	5	204	k141_357092_16	peptide	undefined	0.305368736	50	200	193	1.01e-62	1	NA
Tub.59-k141_357092_16-5..204	Tub.59	Potential_loser	TRANSCRIPTIONAL_REGULATORY_PROTEIN_CPXR_CPXR	5	204	k141_357092_16	unclassified	CP000675.2.gene1535.p01|FEATURES|transcriptional_regulatory_protein_CpxR_cpxR|unclassified|transcriptional_regulatory_protein_CpxR_cpxR	0.223800072	50	200	193	1.01e-62	1	NA
Tub.1-k141_196256_1-5..417	Tub.1	Probable	EMRB	5	417	k141_196256_1	multidrug	gi:828164785:ref:WP_047255785.1:|FEATURES|emrB|multidrug|emrB	0.964135437	56.2	413	471	1.01e-164	1	NA
Tub.59-k141_470728_1-1..263	Tub.59	Potential	MEXA	1	263	k141_470728_1	multidrug	gi:552704089:gb:ERZ17546.1:|FEATURES|mexA|multidrug|mexA	0.441709072	50.4	278	236	3.61e-76	1	NA
Tub.59-k141_470728_1-1..263	Tub.59	Potential_loser	MEXA	1	263	k141_470728_1	aminoglycoside	undefined	0.164237046	50.4	278	236	3.61e-76	1	NA
Tub.83-k141_78217_2-2..185	Tub.83	Probable	KDPE	2	185	k141_78217_2	aminoglycoside	NP_415222.1|FEATURES|kdpE|aminoglycoside|kdpE	0.977382408	53.3	184	190	8.74e-62	1	NA
Tub.83-k141_316221_3-3..291	Tub.83	Probable	ACRA	3	291	k141_316221_3	multidrug	gi:524234431:emb:CDA04526.1:|FEATURES|acrA|multidrug|acrA	0.831179974	50.2	291	258	1.68e-84	1	NA
Tub.83-k141_316221_3-3..291	Tub.83	Potential_loser	ACRA	3	291	k141_316221_3	aminoglycoside	undefined	0.102527713	50.2	291	258	1.68e-84	1	NA
Tub.85-k141_609416_1-1..126	Tub.85	Probable	GOLS	1	126	k141_609416_1	multidrug	NP_459349.1|FEATURES|golS|multidrug|golS	0.997492966	57.1	126	151	3.17e-48	1	NA
Tub.26-k141_290142_2-21..163	Tub.26	Potential	CAMP-REGULATORY_PROTEIN	21	163	k141_290142_2	unclassified	CP004022.1.gene2827.p01|FEATURES|cAMP-regulatory_protein|unclassified|cAMP-regulatory_protein	0.246574783	50.7	148	152	2.60e-48	1	NA
Tub.26-k141_290142_2-21..163	Tub.26	Potential_loser	CAMP-REGULATORY_PROTEIN	21	163	k141_290142_2	aminoglycoside	CP004022.1.gene2827.p01|FEATURES|cAMP-regulatory_protein|unclassified|cAMP-regulatory_protein	0.204377274	50.7	148	152	2.60e-48	1	NA
Tub.1-k141_15726_2-5..224	Tub.1	Probable	KDPE	5	224	k141_15726_2	aminoglycoside	NP_415222.1|FEATURES|kdpE|aminoglycoside|kdpE	0.988194436	60.6	221	285	1.78e-98	1	NA
Tub.59-k141_310721_2-17..228	Tub.59	Probable	TRANSCRIPTIONAL_REGULATORY_PROTEIN_CPXR_CPXR	17	228	k141_310721_2	unclassified	CP004022.1.gene3215.p01|FEATURES|transcriptional_regulatory_protein_CpxR_cpxR|unclassified|transcriptional_regulatory_protein_CpxR_cpxR	0.911036844	50.2	213	200	2.26e-65	1	NA
Tub.15-k141_487015_1-1..109	Tub.15	Potential	RBPA	1	109	k141_487015_1	peptide	undefined	0.262039655	66.4	110	142	9.88e-46	1	NA
Tub.15-k141_487015_1-1..109	Tub.15	Potential_loser	RBPA	1	109	k141_487015_1	multidrug	undefined	0.227927567	66.4	110	142	9.88e-46	1	NA
Tub.85-k141_133695_2-1..547	Tub.85	Probable	ROSB	1	547	k141_133695_2	fosmidomycin	gi:1001786599:ref:WP_061324791.1:|FEATURES|rosB|fosmidomycin|rosB	0.999900361	52.7	548	529	1.37e-184	1	NA
Tub.58-k141_532595_2-10..467	Tub.58	Probable	OPRM	10	467	k141_532595_2	multidrug	NC_008702.1.4606278.p01|FEATURES|oprM|multidrug|oprM	0.868393745	50.9	464	373	9.70e-126	1	NA
Tub.58-k141_532595_2-10..467	Tub.58	Potential_loser	OPRM	10	467	k141_532595_2	aminoglycoside	undefined	0.068473977	50.9	464	373	9.70e-126	1	NA
Tub.4-k141_697344_2-1..151	Tub.4	Probable	AAC(3)-I	1	151	k141_697344_2	aminoglycoside	AY463797.7.gene13.p01|FEATURES|aac(3)-I|aminoglycoside|aac(3)-I	0.99995475	52.3	151	144	2.13e-45	1	NA
Tub.105-k141_460425_2-3..150	Tub.105	Probable	AAC(6')-I	3	150	k141_460425_2	aminoglycoside	AB116646.1.gene1.p01|FEATURES|aac(6')-I|aminoglycoside|aac(6')-I	0.999615368	58.3	156	165	3.10e-53	1	NA
Tub.15-k141_15835_2-1..127	Tub.15	Probable	GOLS	1	127	k141_15835_2	multidrug	NP_459349.1|FEATURES|golS|multidrug|golS	0.993845647	51.2	127	125	9.97e-38	1	NA
Tub.82-k141_389149_1-1..126	Tub.82	Probable	GOLS	1	126	k141_389149_1	multidrug	NP_459349.1|FEATURES|golS|multidrug|golS	0.994897952	54	126	130	2.06e-39	1	NA
Tub.11-k141_153552_18-7..150	Tub.11	Probable	ARR-4	7	150	k141_153552_18	rifamycin	ABV26705.1|FEATURES|arr-4|rifamycin|arr-4	0.999505659	58.3	144	184	1.95e-60	1	NA
Tub.88-k141_165561_2-2..157	Tub.88	Potential	TETC	2	157	k141_165561_2	aminoglycoside	undefined	0.374314617	50.3	157	146	9.51e-45	1	NA
Tub.88-k141_165561_2-2..157	Tub.88	Potential_loser	TETC	2	157	k141_165561_2	tetracycline	AY171578.gene.p01|FEATURES|tetC|tetracycline|tetC	0.231229011	50.3	157	146	9.51e-45	1	NA
Tub.26-k141_243660_4-8..211	Tub.26	Probable	VATF	8	211	k141_243660_4	MLS	AAF63432|FEATURES|vatF|MLS|vatF	0.985809976	54.9	204	241	1.71e-81	1	NA
Tub.11-k141_295590_14-26..362	Tub.11	Probable	EFRB	26	362	k141_295590_14	multidrug	CDO61516.1|FEATURES|efrB|multidrug|efrB	0.858829418	50	342	324	4.21e-106	1	NA
Tub.11-k141_295590_14-26..362	Tub.11	Potential_loser	EFRB	26	362	k141_295590_14	aminoglycoside	undefined	0.073815627	50	342	324	4.21e-106	1	NA
Tub.85-k141_210841_2-46..223	Tub.85	Probable	KDPE	46	223	k141_210841_2	aminoglycoside	NP_415222.1|FEATURES|kdpE|aminoglycoside|kdpE	0.929246614	50.6	180	174	1.50e-55	1	NA
Tub.26-k141_686605_1-1..1033	Tub.26	Probable	MEXD	1	1033	k141_686605_1	multidrug	gi:852273548:ref:WP_048328542.1:|FEATURES|mexD|multidrug|mexD	0.959655194	63	1034	1187	0	1	fluoroquinolone antibiotic; tetracycline antibiotic
Tub.85-k141_568320_6-3..310	Tub.85	Probable	TETA(48)	3	310	k141_568320_6	tetracycline	APB03214.1|FEATURES|tetA(48)|tetracycline|tetA(48)	0.997022787	53.4	309	292	1.61e-98	1	NA
Tub.31-k141_613219_1-67..380	Tub.31	Potential	ROSA	67	380	k141_613219_1	peptide	undefined	0.333650842	59.9	314	385	2.64e-134	1	NA
Tub.31-k141_613219_1-67..380	Tub.31	Potential_loser	ROSA	67	380	k141_613219_1	multidrug	undefined	0.184626252	59.9	314	385	2.64e-134	1	NA
Tub.58-k141_153549_1-11..310	Tub.58	Potential	OPRM	11	310	k141_153549_1	multidrug	gi:573999612:gb:ETU76469.1:|FEATURES|oprM|multidrug|oprM	0.676598136	51.8	303	272	2.38e-90	1	NA
Tub.58-k141_153549_1-11..310	Tub.58	Potential_loser	OPRM	11	310	k141_153549_1	aminoglycoside	undefined	0.144369561	51.8	303	272	2.38e-90	1	NA
Tub.59-k141_365390_15-10..210	Tub.59	Probable	CAMP-REGULATORY_PROTEIN	10	210	k141_365390_15	unclassified	gi:491301754:ref:WP_005159757.1:|FEATURES|cAMP-regulatory_protein|unclassified|cAMP-regulatory_protein	0.995324031	53.7	201	238	8.21e-80	1	NA
Tub.105-k141_248752_2-16..326	Tub.105	Probable	TETA(48)	16	326	k141_248752_2	tetracycline	APB03214.1|FEATURES|tetA(48)|tetracycline|tetA(48)	0.997268208	57.2	311	342	1.38e-117	1	NA
Tub.82-k141_335291_2-12..904	Tub.82	Potential	MDTB	12	904	k141_335291_2	multidrug	gi:553863833:ref:WP_023138386.1:|FEATURES|mdtB|multidrug|mdtB	0.603277497	56.6	920	939	0	1	NA
Tub.82-k141_335291_2-12..904	Tub.82	Potential_loser	MDTB	12	904	k141_335291_2	aminocoumarin	gi:553863833:ref:WP_023138386.1:|FEATURES|mdtB|multidrug|mdtB	0.386002351	56.6	920	939	0	1	NA
Tub.105-k141_583174_2-46..228	Tub.105	Potential	MTRA	46	228	k141_583174_2	aminoglycoside	undefined	0.530872419	74.3	183	283	1.89e-98	1	NA
Tub.105-k141_583174_2-46..228	Tub.105	Potential_loser	MTRA	46	228	k141_583174_2	multidrug	CCP46065.1|FEATURES|mtrA|multidrug|mtrA	0.269777609	74.3	183	283	1.89e-98	1	NA
Tub.105-k141_289574_3-18..175	Tub.105	Probable	AAC(6')-I	18	175	k141_289574_3	aminoglycoside	AB164230.1.gene1.p01|FEATURES|aac(6')-I|aminoglycoside|aac(6')-I	0.99954777	51.8	170	158	3.66e-50	1	NA
Tub.104-k141_24805_1-1..105	Tub.104	Potential	RBPA	1	105	k141_24805_1	peptide	undefined	0.254382179	56.6	106	115	4.59e-34	1	NA
Tub.104-k141_24805_1-1..105	Tub.104	Potential_loser	RBPA	1	105	k141_24805_1	multidrug	undefined	0.224481973	56.6	106	115	4.59e-34	1	NA
Tub.26-k141_229610_5-13..369	Tub.26	Probable	MEXC	13	369	k141_229610_5	multidrug	gi:685953935:ref:WP_031675562.1:|FEATURES|mexC|multidrug|mexC	0.958537464	55.4	359	357	8.22e-122	1	NA
Tub.4-k141_103791_2-54..590	Tub.4	Probable	MULTIDRUG_ABC_TRANSPORTER	54	590	k141_103791_2	multidrug	gi:664556405:ref:WP_031071225.1:|FEATURES|multidrug_ABC_transporter|multidrug|multidrug_ABC_transporter	0.998439318	51.7	563	525	4.71e-182	1	NA
Tub.4-k141_457778_2-202..1153	Tub.4	Probable	RPOB2	202	1153	k141_457778_2	multidrug	BAD59497.1|FEATURES|rpoB2|multidrug|rpoB2	0.995364685	57.1	1022	1069	0	1	NA
Tub.34-k141_16159_2-46..224	Tub.34	Probable	KDPE	46	224	k141_16159_2	aminoglycoside	NP_415222.1|FEATURES|kdpE|aminoglycoside|kdpE	0.985128731	56.1	180	207	6.80e-69	1	NA
Tub.94-k141_96174_2-15..174	Tub.94	Probable	AAC(6')-31	15	174	k141_96174_2	aminoglycoside	gi:950228232:ref:WP_057272322.1:|FEATURES|aac(6')-31|aminoglycoside|aac(6')-31	0.999973549	51.6	161	174	5.53e-56	1	NA
Tub.83-k141_231696_1-17..163	Tub.83	Potential	CAMP-REGULATORY_PROTEIN	17	163	k141_231696_1	unclassified	CP004022.1.gene2827.p01|FEATURES|cAMP-regulatory_protein|unclassified|cAMP-regulatory_protein	0.349508844	52	152	162	3.56e-52	1	NA
Tub.83-k141_231696_1-17..163	Tub.83	Potential_loser	CAMP-REGULATORY_PROTEIN	17	163	k141_231696_1	aminoglycoside	CP004022.1.gene2827.p01|FEATURES|cAMP-regulatory_protein|unclassified|cAMP-regulatory_protein	0.189190754	52	152	162	3.56e-52	1	NA
Tub.31-k141_583118_2-1..1021	Tub.31	Potential	MUXB	1	1021	k141_583118_2	aminocoumarin	NP_251217.1|FEATURES|MuxB|multidrug|MuxB	0.740168299	70.8	1024	1339	0	1	NA
Tub.31-k141_583118_2-1..1021	Tub.31	Potential_loser	MUXB	1	1021	k141_583118_2	multidrug	NP_251217.1|FEATURES|MuxB|multidrug|MuxB	0.236861529	70.8	1024	1339	0	1	NA
Tub.12-k141_397969_1-220..1018	Tub.12	Potential	MDTC	220	1018	k141_397969_1	aminocoumarin	gi:585355533:ref:WP_024237136.1:|FEATURES|mdtC|multidrug|mdtC	0.705783613	53.5	867	803	1.90e-280	1	NA
Tub.12-k141_397969_1-220..1018	Tub.12	Potential_loser	MDTC	220	1018	k141_397969_1	multidrug	gi:585355533:ref:WP_024237136.1:|FEATURES|mdtC|multidrug|mdtC	0.259115045	53.5	867	803	1.90e-280	1	NA
Tub.10-k141_649344_1-1..109	Tub.10	Potential	RBPA	1	109	k141_649344_1	peptide	undefined	0.261108862	60.9	110	142	1.46e-45	1	NA
Tub.10-k141_649344_1-1..109	Tub.10	Potential_loser	RBPA	1	109	k141_649344_1	multidrug	undefined	0.227197068	60.9	110	142	1.46e-45	1	NA
Tub.16-k141_72290_4-1..263	Tub.16	Probable	BACA	1	263	k141_72290_4	bacitracin	YP_932216|FEATURES|bacA|bacitracin|bacA	0.95709007	54.8	263	274	4.14e-93	1	NA
Tub.64-k141_341235_4-1..128	Tub.64	Probable	GOLS	1	128	k141_341235_4	multidrug	NP_459349.1|FEATURES|golS|multidrug|golS	0.997253971	56.3	128	150	5.48e-48	1	NA
Tub.59-k141_270792_2-7..1034	Tub.59	Probable	MUXB	7	1034	k141_270792_2	multidrug	NP_251217.1|FEATURES|MuxB|multidrug|MuxB	0.987731234	52	1070	977	0	1	NA
Tub.88-k141_306085_2-1..138	Tub.88	Probable	GOLS	1	138	k141_306085_2	multidrug	NP_459349.1|FEATURES|golS|multidrug|golS	0.994504084	50.7	138	128	2.25e-39	1	NA
Tub.30-k141_316612_4-1..1040	Tub.30	Potential	MUXB	1	1040	k141_316612_4	aminocoumarin	NP_251217.1|FEATURES|MuxB|multidrug|MuxB	0.639228535	55.2	1041	1041	0	1	NA
Tub.30-k141_316612_4-1..1040	Tub.30	Potential_loser	MUXB	1	1040	k141_316612_4	multidrug	NP_251217.1|FEATURES|MuxB|multidrug|MuxB	0.32128669	55.2	1041	1041	0	1	NA
Tub.31-k141_337855_2-36..368	Tub.31	Potential	MEXX	36	368	k141_337855_2	multidrug	gi:749623555:ref:WP_040236743.1:|FEATURES|mexX|multidrug|mexX	0.433948009	50	336	288	1.04e-94	1	NA
Tub.31-k141_337855_2-36..368	Tub.31	Potential_loser	MEXX	36	368	k141_337855_2	aminoglycoside	undefined	0.351624229	50	336	288	1.04e-94	1	NA
Tub.59-k141_222769_1-14..389	Tub.59	Probable	CLASS_C	14	389	k141_222769_1	beta-lactam	AAY93315|FEATURES|class_C|beta-lactam|class_C	0.893654427	52.4	378	402	1.08e-139	1	NA
Tub.59-k141_222769_1-14..389	Tub.59	Potential_loser	CLASS_C	14	389	k141_222769_1	aminoglycoside	undefined	0.045861024	52.4	378	402	1.08e-139	1	NA
Tub.34-k141_90974_2-5..226	Tub.34	Potential	MTRA	5	226	k141_90974_2	aminoglycoside	undefined	0.574322607	73.9	222	327	5.38e-115	1	NA
Tub.34-k141_90974_2-5..226	Tub.34	Potential_loser	MTRA	5	226	k141_90974_2	multidrug	CCP46065.1|FEATURES|mtrA|multidrug|mtrA	0.264114236	73.9	222	327	5.38e-115	1	NA
Tub.83-k141_142037_2-20..494	Tub.83	Potential	PUROMYCIN_RESISTANCE_PROTEIN	20	494	k141_142037_2	nucleoside	P42670|FEATURES|puromycin_resistance_protein|nucleoside|puromycin_resistance_protein	0.617191518	50.9	483	418	1.74e-142	1	NA
Tub.83-k141_142037_2-20..494	Tub.83	Potential_loser	PUROMYCIN_RESISTANCE_PROTEIN	20	494	k141_142037_2	multidrug	undefined	0.253229222	50.9	483	418	1.74e-142	1	NA
Tub.83-k141_653780_2-10..80	Tub.83	Probable	TRUNCATED_PUTATIVE_RESPONSE_REGULATOR_ARLR	10	80	k141_653780_2	unclassified	NC_002745.3251084.p01|FEATURES|truncated_putative_response_regulator_ArlR|unclassified|truncated_putative_response_regulator_ArlR	0.858544939	54.9	71	76.6	8.45e-19	1	NA
Tub.83-k141_653780_2-10..80	Tub.83	Potential_loser	TRUNCATED_PUTATIVE_RESPONSE_REGULATOR_ARLR	10	80	k141_653780_2	peptide	undefined	0.072425003	54.9	71	76.6	8.45e-19	1	NA
Tub.94-k141_330543_3-9..208	Tub.94	Probable	MEXL	9	208	k141_330543_3	multidrug	NP_252368.1|FEATURES|MexL|multidrug|MexL	0.994769086	50.7	201	184	1.86e-59	1	NA
Tub.85-k141_611841_1-5..80	Tub.85	Probable	TRUNCATED_PUTATIVE_RESPONSE_REGULATOR_ARLR	5	80	k141_611841_1	unclassified	NC_002745.3251084.p01|FEATURES|truncated_putative_response_regulator_ArlR|unclassified|truncated_putative_response_regulator_ArlR	0.843648944	50	76	74.3	2.36e-19	1	NA
Tub.85-k141_611841_1-5..80	Tub.85	Potential_loser	TRUNCATED_PUTATIVE_RESPONSE_REGULATOR_ARLR	5	80	k141_611841_1	peptide	undefined	0.079472229	50	76	74.3	2.36e-19	1	NA
Tub.16-k141_895812_1-1..226	Tub.16	Potential	MTRA	1	226	k141_895812_1	aminoglycoside	undefined	0.557191524	74.3	226	340	6.45e-120	1	NA
Tub.16-k141_895812_1-1..226	Tub.16	Potential_loser	MTRA	1	226	k141_895812_1	multidrug	CCP46065.1|FEATURES|mtrA|multidrug|mtrA	0.266424222	74.3	226	340	6.45e-120	1	NA
Tub.31-k141_478133_1-2..152	Tub.31	Potential	TETC	2	152	k141_478133_1	aminoglycoside	undefined	0.372483398	52	152	145	8.99e-45	1	NA
Tub.31-k141_478133_1-2..152	Tub.31	Potential_loser	TETC	2	152	k141_478133_1	tetracycline	AY171578.gene.p01|FEATURES|tetC|tetracycline|tetC	0.226611106	52	152	145	8.99e-45	1	NA
Tub.16-k141_154254_4-6..864	Tub.16	Probable	RPHA	6	864	k141_154254_4	rifamycin	AIA08936.1|FEATURES|rphA|rifamycin|rphA	0.987829974	73.1	859	1229	0	1	NA
Tub.12-k141_66677_2-8..296	Tub.12	Potential	RM3	8	296	k141_66677_2	aminoglycoside	undefined	0.37313886	52.6	289	290	1.34e-98	1	NA
Tub.12-k141_66677_2-8..296	Tub.12	Potential_loser	RM3	8	296	k141_66677_2	multidrug	undefined	0.221425724	52.6	289	290	1.34e-98	1	NA
Tub.10-k141_695830_1-1..109	Tub.10	Potential	RBPA	1	109	k141_695830_1	peptide	undefined	0.260042754	61.8	110	136	2.69e-43	1	NA
Tub.10-k141_695830_1-1..109	Tub.10	Potential_loser	RBPA	1	109	k141_695830_1	multidrug	undefined	0.226183075	61.8	110	136	2.69e-43	1	NA
Tub.18-k141_766830_4-39..371	Tub.18	Potential	MEXE	39	371	k141_766830_4	peptide	undefined	0.269653486	55.6	338	338	2.31e-114	1	NA
Tub.18-k141_766830_4-39..371	Tub.18	Potential_loser	MEXE	39	371	k141_766830_4	aminoglycoside:aminocoumarin	undefined	0.263528917	55.6	338	338	2.31e-114	1	NA
Tub.105-k141_411320_1-28..1150	Tub.105	Probable	RPOB2	28	1150	k141_411320_1	multidrug	BAD59497.1|FEATURES|rpoB2|multidrug|rpoB2	0.979753215	58.1	1173	1219	0	1	NA
Tub.31-k141_252042_2-13..224	Tub.31	Probable	KDPE	13	224	k141_252042_2	aminoglycoside	NP_415222.1|FEATURES|kdpE|aminoglycoside|kdpE	0.952884399	50.9	214	199	5.21e-65	1	NA
Tub.104-k141_147879_4-1..217	Tub.104	Probable	VANR	1	217	k141_147879_4	glycopeptide	gi:747653988:emb:CEL19270.1:|FEATURES|vanR|glycopeptide|vanR	0.999985151	57.6	217	237	1.94e-79	1	NA
Tub.4-k141_310943_2-9..264	Tub.4	Probable	KASUGAMYCIN_RESISTANCE_PROTEIN_KSGA	9	264	k141_310943_2	aminoglycoside	YP_002847275|FEATURES|kasugamycin_resistance_protein_ksgA|aminoglycoside|kasugamycin_resistance_protein_ksgA	0.999999931	51.6	256	249	1.38e-83	1	NA
Tub.105-k141_246362_4-3..225	Tub.105	Potential	TRUNCATED_PUTATIVE_RESPONSE_REGULATOR_ARLR	3	225	k141_246362_4	unclassified	HE999704.1.gene1528.p01|FEATURES|truncated_putative_response_regulator_ArlR|unclassified|truncated_putative_response_regulator_ArlR	0.392716317	50.4	224	211	1.44e-69	1	NA
Tub.105-k141_246362_4-3..225	Tub.105	Potential_loser	TRUNCATED_PUTATIVE_RESPONSE_REGULATOR_ARLR	3	225	k141_246362_4	aminoglycoside	undefined	0.298008842	50.4	224	211	1.44e-69	1	NA
Tub.31-k141_490350_4-4..223	Tub.31	Probable	KDPE	4	223	k141_490350_4	aminoglycoside	NP_415222.1|FEATURES|kdpE|aminoglycoside|kdpE	0.969518602	51.8	222	228	2.83e-76	1	NA
Tub.105-k141_340079_2-1..109	Tub.105	Potential	RBPA	1	109	k141_340079_2	peptide	undefined	0.259494524	58.2	110	134	9.63e-42	1	NA
Tub.105-k141_340079_2-1..109	Tub.105	Potential_loser	RBPA	1	109	k141_340079_2	multidrug	undefined	0.225770724	58.2	110	134	9.63e-42	1	NA
Tub.58-k141_538074_10-5..224	Tub.58	Probable	KDPE	5	224	k141_538074_10	aminoglycoside	NP_415222.1|FEATURES|kdpE|aminoglycoside|kdpE	0.986326524	60.6	221	285	1.78e-98	1	NA
Tub.31-k141_518141_5-8..137	Tub.31	Potential	FOSX	8	137	k141_518141_5	fosfomycin	gi:424013764:emb:CCO64304.1:|FEATURES|fosX|fosfomycin|fosX	0.651766302	50.8	130	158	1.90e-51	1	NA
Tub.31-k141_518141_5-8..137	Tub.31	Potential_loser	FOSX	8	137	k141_518141_5	peptide	undefined	0.237531342	50.8	130	158	1.90e-51	1	NA
Tub.31-k141_517511_37-19..403	Tub.31	Probable	ROSA	19	403	k141_517511_37	fosmidomycin	YP_001477378|FEATURES|rosA|fosmidomycin|rosA	0.998570941	65.7	385	489	1.11e-173	1	NA
Tub.85-k141_181611_1-4..243	Tub.85	Probable	OMPR	4	243	k141_181611_1	multidrug	NC_008702.1.4607594.p01|FEATURES|ompR|multidrug|ompR	0.980330481	50	240	234	9.48e-78	1	NA
Tub.18-k141_661768_1-1..91	Tub.18	Potential	RBPA	1	91	k141_661768_1	peptide	undefined	0.249767427	56.5	92	103	9.66e-31	1	NA
Tub.18-k141_661768_1-1..91	Tub.18	Potential_loser	RBPA	1	91	k141_661768_1	multidrug	undefined	0.223202888	56.5	92	103	9.66e-31	1	NA
Tub.82-k141_58985_1-1..380	Tub.82	Probable	ROSA	1	380	k141_58985_1	fosmidomycin	ZP_04623896|FEATURES|rosA|fosmidomycin|rosA	0.999142667	64.9	382	486	1.05e-172	1	NA
Tub.59-k141_347894_2-4..208	Tub.59	Probable	KDPE	4	208	k141_347894_2	aminoglycoside	NP_415222.1|FEATURES|kdpE|aminoglycoside|kdpE	0.984447722	63.9	205	271	1.22e-93	1	NA
Tub.15-k141_320222_1-32..224	Tub.15	Potential	TRANSCRIPTIONAL_REGULATORY_PROTEIN_CPXR_CPXR	32	224	k141_320222_1	peptide	undefined	0.289421285	51.5	196	212	4.14e-70	1	NA
Tub.15-k141_320222_1-32..224	Tub.15	Potential_loser	TRANSCRIPTIONAL_REGULATORY_PROTEIN_CPXR_CPXR	32	224	k141_320222_1	unclassified	CP000675.2.gene1535.p01|FEATURES|transcriptional_regulatory_protein_CpxR_cpxR|unclassified|transcriptional_regulatory_protein_CpxR_cpxR	0.278768068	51.5	196	212	4.14e-70	1	NA
Tub.10-k141_680412_1-24..207	Tub.10	Probable	VANR	24	207	k141_680412_1	glycopeptide	gi:938897327:ref:WP_054681472.1:|FEATURES|vanR|glycopeptide|vanR	0.842991484	53.8	184	192	6.73e-63	1	NA
Tub.10-k141_680412_1-24..207	Tub.10	Potential_loser	VANR	24	207	k141_680412_1	peptide	undefined	0.097935197	53.8	184	192	6.73e-63	1	NA
Tub.83-k141_143781_2-3..119	Tub.83	Potential	TRUNCATED_PUTATIVE_RESPONSE_REGULATOR_ARLR	3	119	k141_143781_2	unclassified	NC_002745.1124086.p01|FEATURES|truncated_putative_response_regulator_ArlR|unclassified|truncated_putative_response_regulator_ArlR	0.327919142	52.5	118	123	2.14e-36	1	NA
Tub.83-k141_143781_2-3..119	Tub.83	Potential_loser	TRUNCATED_PUTATIVE_RESPONSE_REGULATOR_ARLR	3	119	k141_143781_2	aminoglycoside	undefined	0.29434843	52.5	118	123	2.14e-36	1	NA
Tub.94-k141_50122_1-33..362	Tub.94	Probable	EFRB	33	362	k141_50122_1	multidrug	CDO61516.1|FEATURES|efrB|multidrug|efrB	0.85286199	51.4	333	321	5.89e-107	1	NA
Tub.94-k141_50122_1-33..362	Tub.94	Potential_loser	EFRB	33	362	k141_50122_1	aminoglycoside	undefined	0.076489258	51.4	333	321	5.89e-107	1	NA
Tub.104-k141_157973_3-22..175	Tub.104	Probable	AAC(6')-I	22	175	k141_157973_3	aminoglycoside	AB164230.1.gene1.p01|FEATURES|aac(6')-I|aminoglycoside|aac(6')-I	0.999448952	50.3	163	151	1.32e-47	1	NA
Tub.16-k141_794877_1-11..151	Tub.16	Probable	AAC(3)-I	11	151	k141_794877_1	aminoglycoside	AY463797.7.gene13.p01|FEATURES|aac(3)-I|aminoglycoside|aac(3)-I	0.999954076	64.5	141	178	7.65e-59	1	NA
Tub.31-k141_812110_1-4..118	Tub.31	Potential	TRUNCATED_PUTATIVE_RESPONSE_REGULATOR_ARLR	4	118	k141_812110_1	unclassified	NC_002745.1124086.p01|FEATURES|truncated_putative_response_regulator_ArlR|unclassified|truncated_putative_response_regulator_ArlR	0.342964907	58.3	115	137	9.82e-43	1	NA
Tub.31-k141_812110_1-4..118	Tub.31	Potential_loser	TRUNCATED_PUTATIVE_RESPONSE_REGULATOR_ARLR	4	118	k141_812110_1	aminoglycoside	undefined	0.289478615	58.3	115	137	9.82e-43	1	NA
Tub.64-k141_277762_12-10..315	Tub.64	Probable	PMRF	10	315	k141_277762_12	peptide	AAC75314.1|FEATURES|PmrF|peptide|PmrF	0.923324141	52	306	320	1.96e-109	1	NA
Tub.4-k141_504846_2-1..130	Tub.4	Probable	GOLS	1	130	k141_504846_2	multidrug	NP_459349.1|FEATURES|golS|multidrug|golS	0.995894076	53.1	130	129	6.56e-40	1	NA
Tub.51-k141_126272_2-1..1040	Tub.51	Probable	OQXB	1	1040	k141_126272_2	multidrug	YP_001693238|FEATURES|oqxB|multidrug|oqxB	0.999997418	76.1	1040	1520	0	1	fluoroquinolone antibiotic; tetracycline antibiotic
Tub.51-k141_155718_9-1..277	Tub.51	Potential	BACA	1	277	k141_155718_9	peptide	undefined	0.272734094	50.9	279	251	4.45e-84	1	NA
Tub.51-k141_155718_9-1..277	Tub.51	Potential_loser	BACA	1	277	k141_155718_9	multidrug	undefined	0.224995044	50.9	279	251	4.45e-84	1	NA
Tub.83-k141_173100_2-26..362	Tub.83	Probable	EFRB	26	362	k141_173100_2	multidrug	CDO61516.1|FEATURES|efrB|multidrug|efrB	0.849970462	50.1	337	325	3.27e-106	1	NA
Tub.83-k141_173100_2-26..362	Tub.83	Potential_loser	EFRB	26	362	k141_173100_2	aminoglycoside	undefined	0.077775881	50.1	337	325	3.27e-106	1	NA
Tub.16-k141_805168_1-5..224	Tub.16	Potential	TRANSCRIPTIONAL_REGULATORY_PROTEIN_CPXR_CPXR	5	224	k141_805168_1	unclassified	CP000675.2.gene1535.p01|FEATURES|transcriptional_regulatory_protein_CpxR_cpxR|unclassified|transcriptional_regulatory_protein_CpxR_cpxR	0.602459331	52.9	223	226	2.91e-75	1	NA
Tub.16-k141_805168_1-5..224	Tub.16	Potential_loser	TRANSCRIPTIONAL_REGULATORY_PROTEIN_CPXR_CPXR	5	224	k141_805168_1	peptide	undefined	0.095494802	52.9	223	226	2.91e-75	1	NA
Tub.58-k141_70607_2-4..114	Tub.58	Potential	TRUNCATED_PUTATIVE_RESPONSE_REGULATOR_ARLR	4	114	k141_70607_2	aminoglycoside	undefined	0.302609914	50.4	113	110	1.02e-32	1	NA
Tub.58-k141_70607_2-4..114	Tub.58	Potential_loser	TRUNCATED_PUTATIVE_RESPONSE_REGULATOR_ARLR	4	114	k141_70607_2	unclassified	NC_002745.1124086.p01|FEATURES|truncated_putative_response_regulator_ArlR|unclassified|truncated_putative_response_regulator_ArlR	0.299159938	50.4	113	110	1.02e-32	1	NA
Tub.18-k141_23344_1-25..223	Tub.18	Probable	KDPE	25	223	k141_23344_1	aminoglycoside	NP_415222.1|FEATURES|kdpE|aminoglycoside|kdpE	0.97631359	52	200	210	1.25e-69	1	NA
Tub.30-k141_117789_1-4..180	Tub.30	Probable	VATB	4	180	k141_117789_1	MLS	U19459.gene.p01|FEATURES|vatB|MLS|vatB	0.999999999	55.9	177	201	1.58e-66	1	NA
Tub.82-k141_37566_2-9..266	Tub.82	Probable	KASUGAMYCIN_RESISTANCE_PROTEIN_KSGA	9	266	k141_37566_2	aminoglycoside	ZP_02902942|FEATURES|kasugamycin_resistance_protein_ksgA|aminoglycoside|kasugamycin_resistance_protein_ksgA	0.999999883	51.9	258	247	1.25e-82	1	NA
Tub.104-k141_100769_1-7..228	Tub.104	Potential	MTRA	7	228	k141_100769_1	aminoglycoside	undefined	0.536063817	68.9	222	312	3.38e-109	1	NA
Tub.104-k141_100769_1-7..228	Tub.104	Potential_loser	MTRA	7	228	k141_100769_1	multidrug	CCP46065.1|FEATURES|mtrA|multidrug|mtrA	0.269180566	68.9	222	312	3.38e-109	1	NA
Tub.85-k141_623693_2-6..136	Tub.85	Potential	ADP-RIBOSYLATING_TRANSFERASE_ARR	6	136	k141_623693_2	multidrug	undefined	0.380672403	67.9	131	191	1.84e-62	1	NA
Tub.85-k141_623693_2-6..136	Tub.85	Potential_loser	ADP-RIBOSYLATING_TRANSFERASE_ARR	6	136	k141_623693_2	rifamycin	AL939114.1.orf1.gene.p01|FEATURES|ADP-ribosylating_transferase_arr|rifamycin|ADP-ribosylating_transferase_arr	0.178869299	67.9	131	191	1.84e-62	1	NA
Tub.31-k141_578757_6-7..1027	Tub.31	Probable	MUXB	7	1027	k141_578757_6	multidrug	NP_251217.1|FEATURES|MuxB|multidrug|MuxB	0.992449026	52.5	1068	993	0	1	NA
Tub.11-k141_7617_1-133..1132	Tub.11	Probable	RPOB2	133	1132	k141_7617_1	multidrug	BAD59497.1|FEATURES|rpoB2|multidrug|rpoB2	0.951816162	50.2	1011	939	0	1	NA
Tub.16-k141_267812_3-1..126	Tub.16	Probable	GOLS	1	126	k141_267812_3	multidrug	NP_459349.1|FEATURES|golS|multidrug|golS	0.997775616	50	126	120	2.84e-36	1	NA
Tub.30-k141_251041_4-5..261	Tub.30	Potential	BACA	5	261	k141_251041_4	peptide	undefined	0.229457797	50	262	218	6.03e-71	1	NA
Tub.30-k141_251041_4-5..261	Tub.30	Potential_loser	BACA	5	261	k141_251041_4	multidrug	undefined	0.217781241	50	262	218	6.03e-71	1	NA
Tub.16-k141_279889_1-1..105	Tub.16	Potential	RBPA	1	105	k141_279889_1	peptide	undefined	0.254544315	57.5	106	115	2.35e-33	1	NA
Tub.16-k141_279889_1-1..105	Tub.16	Potential_loser	RBPA	1	105	k141_279889_1	multidrug	undefined	0.22453965	57.5	106	115	2.35e-33	1	NA
Tub.10-k141_678200_1-5..248	Tub.10	Potential	LRA	5	248	k141_678200_1	beta-lactam	EU408359.1.gene3.p01|FEATURES|LRA-19|beta-lactam|LRA	0.696185648	64.3	244	303	1.54e-104	1	NA
Tub.10-k141_678200_1-5..248	Tub.10	Potential_loser	LRA	5	248	k141_678200_1	peptide	undefined	0.104903176	64.3	244	303	1.54e-104	1	NA
Tub.82-k141_146639_2-1..109	Tub.82	Potential	RBPA	1	109	k141_146639_2	peptide	undefined	0.262488561	60.9	110	144	2.53e-46	1	NA
Tub.82-k141_146639_2-1..109	Tub.82	Potential_loser	RBPA	1	109	k141_146639_2	multidrug	undefined	0.228180259	60.9	110	144	2.53e-46	1	NA
Tub.15-k141_46818_1-1..187	Tub.15	Probable	VANR	1	187	k141_46818_1	glycopeptide	gi:971852285:ref:WP_058921193.1:|FEATURES|vanR|glycopeptide|vanR	0.999902218	55.6	187	199	2.82e-65	1	NA
Tub.82-k141_422633_46-12..1038	Tub.82	Potential	MDTB	12	1038	k141_422633_46	multidrug	gi:554957720:ref:WP_023202781.1:|FEATURES|mdtB|multidrug|mdtB	0.687956471	60.2	1034	1111	0	1	NA
Tub.82-k141_422633_46-12..1038	Tub.82	Potential_loser	MDTB	12	1038	k141_422633_46	aminocoumarin	gi:554957720:ref:WP_023202781.1:|FEATURES|mdtB|multidrug|mdtB	0.306999528	60.2	1034	1111	0	1	NA
Tub.26-k141_706973_2-1..472	Tub.26	Potential	OPMH	1	472	k141_706973_2	peptide	undefined	0.562117969	72.2	475	644	1.51e-232	1	NA
Tub.26-k141_706973_2-1..472	Tub.26	Potential_loser	OPMH	1	472	k141_706973_2	mupirocin	undefined	0.096092373	72.2	475	644	1.51e-232	1	NA
Tub.105-k141_192569_9-29..1153	Tub.105	Probable	RPOB2	29	1153	k141_192569_9	multidrug	BAD59497.1|FEATURES|rpoB2|multidrug|rpoB2	0.995364685	76.8	1133	1711	0	1	NA
Tub.11-k141_95425_71-8..243	Tub.11	Probable	OMPR	8	243	k141_95425_71	multidrug	NC_008702.1.4607594.p01|FEATURES|ompR|multidrug|ompR	0.99653107	61.4	236	271	1.70e-92	1	NA
Tub.104-k141_334816_1-10..321	Tub.104	Probable	TETA(48)	10	321	k141_334816_1	tetracycline	APB03214.1|FEATURES|tetA(48)|tetracycline|tetA(48)	0.997182163	56.5	313	344	1.44e-118	1	NA
Tub.51-k141_260808_1-4..227	Tub.51	Potential	MTRA	4	227	k141_260808_1	aminoglycoside	undefined	0.591164137	70.5	224	328	7.10e-116	1	NA
Tub.51-k141_260808_1-4..227	Tub.51	Potential_loser	MTRA	4	227	k141_260808_1	multidrug	CCP46065.1|FEATURES|mtrA|multidrug|mtrA	0.261294015	70.5	224	328	7.10e-116	1	NA
Tub.15-k141_193308_1-6..143	Tub.15	Probable	ADP-RIBOSYLATING_TRANSFERASE_ARR	6	143	k141_193308_1	rifamycin	AF001493.1.orf0.gene.p01|FEATURES|ADP-ribosylating_transferase_arr|rifamycin|ADP-ribosylating_transferase_arr	0.999069409	75.4	138	226	1.09e-77	1	NA
Tub.4-k141_828635_1-38..225	Tub.4	Potential	TRUNCATED_PUTATIVE_RESPONSE_REGULATOR_ARLR	38	225	k141_828635_1	unclassified	HE999704.1.gene1528.p01|FEATURES|truncated_putative_response_regulator_ArlR|unclassified|truncated_putative_response_regulator_ArlR	0.392716317	50.3	191	171	1.55e-54	1	NA
Tub.4-k141_828635_1-38..225	Tub.4	Potential_loser	TRUNCATED_PUTATIVE_RESPONSE_REGULATOR_ARLR	38	225	k141_828635_1	aminoglycoside	undefined	0.298008842	50.3	191	171	1.55e-54	1	NA
Tub.59-k141_241965_1-37..292	Tub.59	Probable	LRA	37	292	k141_241965_1	beta-lactam	EU408351.1.gene26.p01|FEATURES|LRA-12|beta-lactam|LRA	0.999983759	69.1	256	387	2.64e-137	1	NA
Tub.12-k141_99092_2-1..109	Tub.12	Potential	RBPA	1	109	k141_99092_2	peptide	undefined	0.261944015	55	109	115	3.74e-35	1	NA
Tub.12-k141_99092_2-1..109	Tub.12	Potential_loser	RBPA	1	109	k141_99092_2	multidrug	undefined	0.227864252	55	109	115	3.74e-35	1	NA
Tub.94-k141_163775_3-10..208	Tub.94	Probable	MEXL	10	208	k141_163775_3	multidrug	NP_252368.1|FEATURES|MexL|multidrug|MexL	0.994769086	50.8	199	184	2.22e-59	1	NA
Tub.104-k141_280670_4-1..109	Tub.104	Potential	RBPA	1	109	k141_280670_4	peptide	undefined	0.258905173	60.9	110	134	1.09e-42	1	NA
Tub.104-k141_280670_4-1..109	Tub.104	Potential_loser	RBPA	1	109	k141_280670_4	multidrug	undefined	0.225528773	60.9	110	134	1.09e-42	1	NA
Tub.83-k141_156512_2-9..81	Tub.83	Probable	TRUNCATED_PUTATIVE_RESPONSE_REGULATOR_ARLR	9	81	k141_156512_2	unclassified	NC_002745.3251084.p01|FEATURES|truncated_putative_response_regulator_ArlR|unclassified|truncated_putative_response_regulator_ArlR	0.882928042	54.8	73	80.9	1.73e-21	1	NA
Tub.83-k141_156512_2-9..81	Tub.83	Potential_loser	TRUNCATED_PUTATIVE_RESPONSE_REGULATOR_ARLR	9	81	k141_156512_2	peptide	undefined	0.060630503	54.8	73	80.9	1.73e-21	1	NA
Tub.15-k141_112874_1-5..81	Tub.15	Probable	TRUNCATED_PUTATIVE_RESPONSE_REGULATOR_ARLR	5	81	k141_112874_1	unclassified	NC_002745.3251084.p01|FEATURES|truncated_putative_response_regulator_ArlR|unclassified|truncated_putative_response_regulator_ArlR	0.905897612	53.2	77	82.4	9.21e-23	1	NA
Tub.104-k141_532462_2-17..328	Tub.104	Probable	TETA(48)	17	328	k141_532462_2	tetracycline	APB03214.1|FEATURES|tetA(48)|tetracycline|tetA(48)	0.996545552	56.2	313	323	3.64e-110	1	NA
Tub.31-k141_753117_2-1..128	Tub.31	Probable	GOLS	1	128	k141_753117_2	multidrug	NP_459349.1|FEATURES|golS|multidrug|golS	0.994087278	53.1	128	135	6.43e-42	1	NA
Tub.30-k141_689490_2-6..214	Tub.30	Potential	VATF	6	214	k141_689490_2	MLS	AAF63432|FEATURES|vatF|MLS|vatF	0.228098648	53.1	211	226	9.31e-76	1	NA
Tub.30-k141_689490_2-6..214	Tub.30	Potential_loser	VATF	6	214	k141_689490_2	peptide	undefined	0.224251959	53.1	211	226	9.31e-76	1	NA
Tub.4-k141_59210_3-1..224	Tub.4	Probable	KDPE	1	224	k141_59210_3	aminoglycoside	NP_415222.1|FEATURES|kdpE|aminoglycoside|kdpE	0.988194436	50.4	224	208	2.27e-68	1	NA
Tub.82-k141_290054_12-25..1150	Tub.82	Probable	RPOB2	25	1150	k141_290054_12	multidrug	BAD59497.1|FEATURES|rpoB2|multidrug|rpoB2	0.981635531	58.9	1163	1252	0	1	NA
Tub.16-k141_844035_1-54..362	Tub.16	Probable	EFRB	54	362	k141_844035_1	multidrug	CDO61516.1|FEATURES|efrB|multidrug|efrB	0.850440973	51.5	309	305	2.40e-102	1	NA
Tub.16-k141_844035_1-54..362	Tub.16	Potential_loser	EFRB	54	362	k141_844035_1	aminoglycoside	undefined	0.077567078	51.5	309	305	2.40e-102	1	NA
Tub.105-k141_44252_2-3..219	Tub.105	Probable	VANR	3	219	k141_44252_2	glycopeptide	gi:747653988:emb:CEL19270.1:|FEATURES|vanR|glycopeptide|vanR	0.999987219	56.7	217	240	4.68e-81	1	NA
Tub.26-k141_162870_1-8..213	Tub.26	Potential	VATF	8	213	k141_162870_1	peptide	undefined	0.240928756	51	208	213	9.07e-71	1	NA
Tub.26-k141_162870_1-8..213	Tub.26	Potential_loser	VATF	8	213	k141_162870_1	MLS	AAF63432|FEATURES|vatF|MLS|vatF	0.167635125	51	208	213	9.07e-71	1	NA
Tub.59-k141_287694_1-1..152	Tub.59	Probable	GOLS	1	152	k141_287694_1	multidrug	NP_459349.1|FEATURES|golS|multidrug|golS	0.996434215	50.7	152	141	3.90e-44	1	NA
Tub.34-k141_17931_2-16..602	Tub.34	Probable	MULTIDRUG_ABC_TRANSPORTER	16	602	k141_17931_2	multidrug	gi:944152509:ref:WP_055644808.1:|FEATURES|multidrug_ABC_transporter|multidrug|multidrug_ABC_transporter	0.986192789	51.1	615	539	2.00e-186	1	NA
Tub.12-k141_52529_2-19..157	Tub.12	Probable	AAC(6')-I	19	157	k141_52529_2	aminoglycoside	AB116646.1.gene1.p01|FEATURES|aac(6')-I|aminoglycoside|aac(6')-I	0.999698013	53.3	150	150	1.10e-47	1	NA
Tub.4-k141_565950_2-2..126	Tub.4	Probable	GOLS	2	126	k141_565950_2	multidrug	NP_459349.1|FEATURES|golS|multidrug|golS	0.997304102	59.2	125	141	2.86e-44	1	NA
Tub.83-k141_537676_2-2..160	Tub.83	Potential	DFRA3	2	160	k141_537676_2	peptide	undefined	0.296749808	50	160	162	5.01e-52	1	NA
Tub.83-k141_537676_2-2..160	Tub.83	Potential_loser	DFRA3	2	160	k141_537676_2	aminoglycoside	undefined	0.192915599	50	160	162	5.01e-52	1	NA
Tub.88-k141_331491_2-9..261	Tub.88	Probable	KASUGAMYCIN_RESISTANCE_PROTEIN_KSGA	9	261	k141_331491_2	aminoglycoside	Q7N8V7|FEATURES|kasugamycin_resistance_protein_ksgA|aminoglycoside|kasugamycin_resistance_protein_ksgA	0.99998674	51.4	253	248	1.18e-82	1	NA
Tub.59-k141_533304_1-25..148	Tub.59	Potential	CAMP-REGULATORY_PROTEIN	25	148	k141_533304_1	peptide	undefined	0.24119898	51.9	129	136	1.51e-42	1	NA
Tub.59-k141_533304_1-25..148	Tub.59	Potential_loser	CAMP-REGULATORY_PROTEIN	25	148	k141_533304_1	aminoglycoside	undefined	0.201414688	51.9	129	136	1.51e-42	1	NA
Tub.88-k141_228922_4-12..210	Tub.88	Probable	CAMP-REGULATORY_PROTEIN	12	210	k141_228922_4	unclassified	gi:490367208:ref:WP_004246872.1:|FEATURES|cAMP-regulatory_protein|unclassified|cAMP-regulatory_protein	0.995420394	53.9	204	223	2.66e-74	1	NA
Tub.23-k141_147366_1-14..143	Tub.23	Probable	ADP-RIBOSYLATING_TRANSFERASE_ARR	14	143	k141_147366_1	rifamycin	AF001493.1.orf0.gene.p01|FEATURES|ADP-ribosylating_transferase_arr|rifamycin|ADP-ribosylating_transferase_arr	0.999780389	60	130	167	1.13e-54	1	NA
Tub.11-k141_91318_2-1..223	Tub.11	Probable	KDPE	1	223	k141_91318_2	aminoglycoside	NP_415222.1|FEATURES|kdpE|aminoglycoside|kdpE	0.971516712	50.4	226	216	1.44e-71	1	NA
Tub.4-k141_680190_1-4..118	Tub.4	Potential	TRUNCATED_PUTATIVE_RESPONSE_REGULATOR_ARLR	4	118	k141_680190_1	aminoglycoside	undefined	0.307159105	50	118	108	2.69e-31	1	NA
Tub.4-k141_680190_1-4..118	Tub.4	Potential_loser	TRUNCATED_PUTATIVE_RESPONSE_REGULATOR_ARLR	4	118	k141_680190_1	unclassified	NC_002745.1124086.p01|FEATURES|truncated_putative_response_regulator_ArlR|unclassified|truncated_putative_response_regulator_ArlR	0.277707737	50	118	108	2.69e-31	1	NA
Tub.83-k141_45269_2-3..118	Tub.83	Potential	TRUNCATED_PUTATIVE_RESPONSE_REGULATOR_ARLR	3	118	k141_45269_2	unclassified	NC_002745.1124086.p01|FEATURES|truncated_putative_response_regulator_ArlR|unclassified|truncated_putative_response_regulator_ArlR	0.315790881	53	117	119	1.25e-34	1	NA
Tub.83-k141_45269_2-3..118	Tub.83	Potential_loser	TRUNCATED_PUTATIVE_RESPONSE_REGULATOR_ARLR	3	118	k141_45269_2	aminoglycoside	undefined	0.298072101	53	117	119	1.25e-34	1	NA
Tub.16-k141_910695_1-3..118	Tub.16	Potential	TRUNCATED_PUTATIVE_RESPONSE_REGULATOR_ARLR	3	118	k141_910695_1	unclassified	NC_002745.1124086.p01|FEATURES|truncated_putative_response_regulator_ArlR|unclassified|truncated_putative_response_regulator_ArlR	0.318440064	50.4	117	118	5.92e-35	1	NA
Tub.16-k141_910695_1-3..118	Tub.16	Potential_loser	TRUNCATED_PUTATIVE_RESPONSE_REGULATOR_ARLR	3	118	k141_910695_1	aminoglycoside	undefined	0.297283003	50.4	117	118	5.92e-35	1	NA
Tub.26-k141_12764_6-6..233	Tub.26	Probable	BAER	6	233	k141_12764_6	multidrug	YP_490321.1|FEATURES|baeR|multidrug|baeR	0.997590583	58.8	228	261	2.96e-89	1	NA
Tub.58-k141_212699_1-1..540	Tub.58	Probable	ROSB	1	540	k141_212699_1	fosmidomycin	gi:896190680:ref:WP_049199932.1:|FEATURES|rosB|fosmidomycin|rosB	0.9999419	55.9	560	536	6.78e-187	1	NA
Tub.105-k141_467863_1-27..172	Tub.105	Probable	AAC(6')-I	27	172	k141_467863_1	aminoglycoside	AB164230.1.gene1.p01|FEATURES|aac(6')-I|aminoglycoside|aac(6')-I	0.999665241	54.2	153	166	1.93e-53	1	NA
Tub.12-k141_86652_1-11..229	Tub.12	Probable	KASUGAMYCIN_RESISTANCE_PROTEIN_KSGA	11	229	k141_86652_1	aminoglycoside	A7FMC1|FEATURES|kasugamycin_resistance_protein_ksgA|aminoglycoside|kasugamycin_resistance_protein_ksgA	0.999999797	53.9	219	222	3.28e-73	1	NA
Tub.59-k141_395953_2-6..176	Tub.59	Probable	AAC(6')-I	6	176	k141_395953_2	aminoglycoside	AF318077.1.gene1.p01|FEATURES|aac(6')-I|aminoglycoside|aac(6')-I	0.999999544	50.6	172	174	3.20e-56	1	NA
Tub.59-k141_423506_2-7..81	Tub.59	Probable	TRUNCATED_PUTATIVE_RESPONSE_REGULATOR_ARLR	7	81	k141_423506_2	unclassified	NC_002745.3251084.p01|FEATURES|truncated_putative_response_regulator_ArlR|unclassified|truncated_putative_response_regulator_ArlR	0.907569824	54.7	75	92	2.37e-26	1	NA
Tub.58-k141_634795_6-12..1159	Tub.58	Probable	RPOB2	12	1159	k141_634795_6	multidrug	BAD59497.1|FEATURES|rpoB2|multidrug|rpoB2	0.995364685	71	1173	1617	0	1	NA
Tub.58-k141_680692_3-2..499	Tub.58	Potential	EMRB	2	499	k141_680692_3	diaminopyrimidine	undefined	0.402605477	52.9	499	504	2.83e-176	1	NA
Tub.58-k141_680692_3-2..499	Tub.58	Potential_loser	EMRB	2	499	k141_680692_3	antibacterial_free_fatty_acids	undefined	0.248912537	52.9	499	504	2.83e-176	1	NA
Tub.88-k141_63041_7-1..1041	Tub.88	Probable	MEXF	1	1041	k141_63041_7	multidrug	CP000675.2.gene2298.p01|FEATURES|mexF|multidrug|mexF	0.989594878	54	1049	1071	0	1	fluoroquinolone antibiotic; tetracycline antibiotic
Tub.11-k141_48872_4-2..143	Tub.11	Probable	ADP-RIBOSYLATING_TRANSFERASE_ARR	2	143	k141_48872_4	rifamycin	AF001493.1.orf0.gene.p01|FEATURES|ADP-ribosylating_transferase_arr|rifamycin|ADP-ribosylating_transferase_arr	0.999671672	74.6	142	233	3.54e-80	1	NA
Tub.58-k141_69070_4-1..281	Tub.58	Potential	BACA	1	281	k141_69070_4	peptide	undefined	0.271593652	51.6	281	254	2.74e-85	1	NA
Tub.58-k141_69070_4-1..281	Tub.58	Potential_loser	BACA	1	281	k141_69070_4	multidrug	undefined	0.224449127	51.6	281	254	2.74e-85	1	NA
Tub.85-k141_779785_2-31..294	Tub.85	Potential	AIM-1	31	294	k141_779785_2	peptide	undefined	0.262953378	50.6	265	255	1.68e-84	1	NA
Tub.85-k141_779785_2-31..294	Tub.85	Potential_loser	AIM-1	31	294	k141_779785_2	aminoglycoside	undefined	0.226078247	50.6	265	255	1.68e-84	1	NA
Tub.31-k141_675557_4-3..140	Tub.31	Potential	DFRA3	3	140	k141_675557_4	peptide	undefined	0.292234033	50.7	138	139	1.89e-43	1	NA
Tub.31-k141_675557_4-3..140	Tub.31	Potential_loser	DFRA3	3	140	k141_675557_4	aminoglycoside	undefined	0.19620125	50.7	138	139	1.89e-43	1	NA
Tub.58-k141_78617_2-31..512	Tub.58	Probable	EMRB	31	512	k141_78617_2	multidrug	gi:489922618:ref:WP_003825966.1:|FEATURES|emrB|multidrug|emrB	0.975950164	54	487	498	3.58e-174	1	NA
Tub.104-k141_450304_1-31..173	Tub.104	Probable	AAC(3)-I	31	173	k141_450304_1	aminoglycoside	gi:504869973:ref:WP_015057075.1:|FEATURES|aac(3)-I|aminoglycoside|aac(3)-I	0.999999957	62.2	143	169	8.15e-55	1	NA
Tub.58-k141_71979_2-7..1014	Tub.58	Potential	MDTC	7	1014	k141_71979_2	aminocoumarin	CP001918.1.gene3441.p01|FEATURES|mdtC|multidrug|mdtC	0.503290183	55.3	1042	1027	0	1	NA
Tub.58-k141_71979_2-7..1014	Tub.58	Potential_loser	MDTC	7	1014	k141_71979_2	multidrug	CP001918.1.gene3441.p01|FEATURES|mdtC|multidrug|mdtC	0.487021568	55.3	1042	1027	0	1	NA
Tub.88-k141_341669_2-20..401	Tub.88	Probable	ROSA	20	401	k141_341669_2	fosmidomycin	ZP_04621517|FEATURES|rosA|fosmidomycin|rosA	0.999171526	67.8	382	492	5.28e-175	1	NA
Tub.4-k141_577389_1-48..330	Tub.4	Probable	TETA(48)	48	330	k141_577389_1	tetracycline	APB03214.1|FEATURES|tetA(48)|tetracycline|tetA(48)	0.99659761	55.8	283	296	2.44e-100	1	NA
Tub.23-k141_76193_2-19..401	Tub.23	Probable	ROSA	19	401	k141_76193_2	fosmidomycin	ZP_04631862|FEATURES|rosA|fosmidomycin|rosA	0.999271811	64.7	385	483	1.10e-170	1	NA
Tub.85-k141_459038_3-33..543	Tub.85	Probable	ROSB	33	543	k141_459038_3	fosmidomycin	gi:896190680:ref:WP_049199932.1:|FEATURES|rosB|fosmidomycin|rosB	0.999773379	52.7	528	463	1.38e-158	1	NA
Tub.105-k141_96940_1-43..175	Tub.105	Probable	AAC(6')-I	43	175	k141_96940_1	aminoglycoside	AB164230.1.gene1.p01|FEATURES|aac(6')-I|aminoglycoside|aac(6')-I	0.999455618	53.5	144	147	2.08e-46	1	NA
Tub.59-k141_19255_21-39..452	Tub.59	Probable	PATA	39	452	k141_19255_21	fluoroquinolone	NP_417544.5|FEATURES|patA|fluoroquinolone|patA	0.957911545	58.7	414	496	4.14e-175	1	NA
Tub.12-k141_531698_1-5..322	Tub.12	Potential	OLEC	5	322	k141_531698_1	tetracycline	undefined	0.893535923	51.6	320	306	1.14e-103	1	NA
Tub.12-k141_531698_1-5..322	Tub.12	Potential_loser	OLEC	5	322	k141_531698_1	MLS	AAA26793|FEATURES|oleC|MLS|oleC	0.070640091	51.6	320	306	1.14e-103	1	NA
Tub.85-k141_221924_3-5..261	Tub.85	Potential	BACA	5	261	k141_221924_3	peptide	undefined	0.22942814	50.8	262	220	1.06e-71	1	NA
Tub.85-k141_221924_3-5..261	Tub.85	Potential_loser	BACA	5	261	k141_221924_3	multidrug	undefined	0.218136581	50.8	262	220	1.06e-71	1	NA
Tub.58-k141_116588_2-41..512	Tub.58	Potential	EMRB	41	512	k141_116588_2	multidrug	gi:493870778:ref:WP_006817302.1:|FEATURES|emrB|multidrug|emrB	0.48367811	50.3	475	481	1.56e-167	1	NA
Tub.58-k141_116588_2-41..512	Tub.58	Potential_loser	EMRB	41	512	k141_116588_2	peptide	undefined	0.119958843	50.3	475	481	1.56e-167	1	NA
Tub.23-k141_52484_1-2..224	Tub.23	Probable	KDPE	2	224	k141_52484_1	aminoglycoside	NP_415222.1|FEATURES|kdpE|aminoglycoside|kdpE	0.988194436	50.2	225	223	3.06e-74	1	NA
Tub.31-k141_276750_6-16..520	Tub.31	Probable	EMRB-QACA_FAMILY_MAJOR_FACILITATOR_TRANSPORTER	16	520	k141_276750_6	multidrug	EU408347.1.gene6.p01|FEATURES|EmrB-QacA_family_major_facilitator_transporter|multidrug|EmrB-QacA_family_major_facilitator_transporter	0.99125402	57	505	608	1.10e-216	1	NA
Tub.59-k141_536448_4-1..1036	Tub.59	Potential	MUXB	1	1036	k141_536448_4	aminocoumarin	NP_251217.1|FEATURES|MuxB|multidrug|MuxB	0.726119474	64.3	1036	1264	0	1	NA
Tub.59-k141_536448_4-1..1036	Tub.59	Potential_loser	MUXB	1	1036	k141_536448_4	multidrug	NP_251217.1|FEATURES|MuxB|multidrug|MuxB	0.24945701	64.3	1036	1264	0	1	NA
Tub.15-k141_21719_1-1..150	Tub.15	Probable	ADP-RIBOSYLATING_TRANSFERASE_ARR	1	150	k141_21719_1	rifamycin	AY259086.1.gene5.p01|FEATURES|ADP-ribosylating_transferase_arr|rifamycin|ADP-ribosylating_transferase_arr	0.999746858	70.7	150	240	2.68e-83	1	NA
Tub.30-k141_147605_2-2..98	Tub.30	Potential	SHV	2	98	k141_147605_2	multidrug	undefined	0.356094452	51.5	97	90.5	3.08e-23	1	NA
Tub.30-k141_147605_2-2..98	Tub.30	Potential_loser	SHV	2	98	k141_147605_2	glycopeptide	undefined	0.179639648	51.5	97	90.5	3.08e-23	1	NA
Tub.59-k141_234712_2-30..356	Tub.59	Probable	EMRA	30	356	k141_234712_2	multidrug	gi:695709491:ref:WP_032642979.1:|FEATURES|emrA|multidrug|emrA	0.994876026	52.3	327	307	2.01e-102	1	NA
Tub.16-k141_708721_2-6..150	Tub.16	Probable	AAC(3)-I	6	150	k141_708721_2	aminoglycoside	AJ511268.1.gene3.p01|FEATURES|aac(3)-I|aminoglycoside|aac(3)-I	0.999999661	55.2	145	154	6.87e-49	1	NA
Tub.58-k141_26349_1-6..217	Tub.58	Potential	OXA	6	217	k141_26349_1	aminoglycoside	undefined	0.264042603	61.3	212	265	1.80e-90	1	NA
Tub.58-k141_26349_1-6..217	Tub.58	Potential_loser	OXA	6	217	k141_26349_1	peptide	undefined	0.254827232	61.3	212	265	1.80e-90	1	NA
Tub.26-k141_468495_1-38..261	Tub.26	Potential	BACA	38	261	k141_468495_1	bacitracin	Q5P6K4|FEATURES|bacA|bacitracin|bacA	0.41384484	52.7	224	224	3.66e-74	1	NA
Tub.26-k141_468495_1-38..261	Tub.26	Potential_loser	BACA	38	261	k141_468495_1	fluoroquinolone	undefined	0.209186585	52.7	224	224	3.66e-74	1	NA
Tub.4-k141_908349_1-8..81	Tub.4	Probable	TRUNCATED_PUTATIVE_RESPONSE_REGULATOR_ARLR	8	81	k141_908349_1	unclassified	NC_002745.3251084.p01|FEATURES|truncated_putative_response_regulator_ArlR|unclassified|truncated_putative_response_regulator_ArlR	0.863660453	51.4	74	77.8	7.18e-20	1	NA
Tub.4-k141_908349_1-8..81	Tub.4	Potential_loser	TRUNCATED_PUTATIVE_RESPONSE_REGULATOR_ARLR	8	81	k141_908349_1	peptide	undefined	0.06997754	51.4	74	77.8	7.18e-20	1	NA
Tub.82-k141_156526_3-5..307	Tub.82	Potential	OLEC	5	307	k141_156526_3	tetracycline	undefined	0.880960906	53.9	304	286	3.58e-96	1	NA
Tub.82-k141_156526_3-5..307	Tub.82	Potential_loser	OLEC	5	307	k141_156526_3	MLS	AAA26793|FEATURES|oleC|MLS|oleC	0.071655128	53.9	304	286	3.58e-96	1	NA
Tub.16-k141_381002_2-1..136	Tub.16	Probable	AAC(3)-I	1	136	k141_381002_2	aminoglycoside	AJ511268.1.gene3.p01|FEATURES|aac(3)-I|aminoglycoside|aac(3)-I	0.999846937	59.1	137	152	6.62e-49	1	NA
Tub.30-k141_47617_3-1..110	Tub.30	Potential	QACH	1	110	k141_47617_3	aminoglycoside	AAZ42322.1|FEATURES|qacH|fluoroquinolone|qacH	0.469219738	60	110	133	3.37e-42	1	disinfecting agents and antiseptics
Tub.30-k141_47617_3-1..110	Tub.30	Potential_loser	QACH	1	110	k141_47617_3	fluoroquinolone	AAZ42322.1|FEATURES|qacH|fluoroquinolone|qacH	0.118672829	60	110	133	3.37e-42	1	disinfecting agents and antiseptics
Tub.94-k141_459951_1-17..211	Tub.94	Probable	VATF	17	211	k141_459951_1	MLS	AAF63432|FEATURES|vatF|MLS|vatF	1	72.8	195	315	4.25e-111	1	NA
Tub.31-k141_160504_42-1..1038	Tub.31	Potential	SMEE	1	1038	k141_160504_42	multidrug	CAG34257|FEATURES|smeE|multidrug|smeE	0.444149621	75.8	1039	1507	0	1	fluoroquinolone antibiotic; tetracycline antibiotic
Tub.31-k141_160504_42-1..1038	Tub.31	Potential_loser	SMEE	1	1038	k141_160504_42	tetracycline	undefined	0.137626648	75.8	1039	1507	0	1	fluoroquinolone antibiotic; tetracycline antibiotic
Tub.31-k141_389971_1-1..274	Tub.31	Potential	BACA	1	274	k141_389971_1	peptide	undefined	0.272255662	51.8	276	253	8.08e-85	1	NA
Tub.31-k141_389971_1-1..274	Tub.31	Potential_loser	BACA	1	274	k141_389971_1	multidrug	undefined	0.224702842	51.8	276	253	8.08e-85	1	NA
Tub.12-k141_595430_1-3..308	Tub.12	Potential	OLEC	3	308	k141_595430_1	tetracycline	undefined	0.860999243	50.2	309	263	3.57e-87	1	NA
Tub.12-k141_595430_1-3..308	Tub.12	Potential_loser	OLEC	3	308	k141_595430_1	MLS	AAA26793|FEATURES|oleC|MLS|oleC	0.072377078	50.2	309	263	3.57e-87	1	NA
Tub.11-k141_273846_1-38..224	Tub.11	Probable	KDPE	38	224	k141_273846_1	aminoglycoside	NP_415222.1|FEATURES|kdpE|aminoglycoside|kdpE	0.960980938	52.9	187	196	2.12e-64	1	NA
Tub.105-k141_230213_2-1..151	Tub.105	Potential	DFRA3	1	151	k141_230213_2	peptide	undefined	0.300650896	50.6	154	147	2.69e-46	1	NA
Tub.105-k141_230213_2-1..151	Tub.105	Potential_loser	DFRA3	1	151	k141_230213_2	aminoglycoside	undefined	0.18938683	50.6	154	147	2.69e-46	1	NA
Tub.107-k141_175126_6-1..357	Tub.107	Probable	UGD	1	357	k141_175126_6	peptide	AAC75089.1|FEATURES|ugd|peptide|ugd	0.915861636	68.3	357	488	2.41e-174	1	NA
Tub.31-k141_254507_1-18..343	Tub.31	Probable	ROSA	18	343	k141_254507_1	fosmidomycin	ZP_04612558|FEATURES|rosA|fosmidomycin|rosA	0.994545539	56.1	326	354	1.73e-121	1	NA
Tub.51-k141_215247_1-12..481	Tub.51	Probable	EMRB	12	481	k141_215247_1	multidrug	gi:983459915:ref:WP_060619314.1:|FEATURES|emrB|multidrug|emrB	0.906083805	51.3	470	461	2.04e-159	1	NA
Tub.104-k141_307656_1-7..224	Tub.104	Potential	MTRA	7	224	k141_307656_1	aminoglycoside	undefined	0.425355776	50.5	222	206	2.09e-67	1	NA
Tub.104-k141_307656_1-7..224	Tub.104	Potential_loser	MTRA	7	224	k141_307656_1	multidrug	CCP46065.1|FEATURES|mtrA|multidrug|mtrA	0.275941145	50.5	222	206	2.09e-67	1	NA
Tub.31-k141_698610_3-26..596	Tub.31	Probable	MULTIDRUG_ABC_TRANSPORTER	26	596	k141_698610_3	multidrug	gi:772774655:ref:WP_045322518.1:|FEATURES|multidrug_ABC_transporter|multidrug|multidrug_ABC_transporter	0.832058398	50.1	581	486	4.77e-166	1	NA
Tub.31-k141_698610_3-26..596	Tub.31	Potential_loser	MULTIDRUG_ABC_TRANSPORTER	26	596	k141_698610_3	aminoglycoside	undefined	0.076912504	50.1	581	486	4.77e-166	1	NA
Tub.105-k141_135038_1-6..143	Tub.105	Probable	ADP-RIBOSYLATING_TRANSFERASE_ARR	6	143	k141_135038_1	rifamycin	AF001493.1.orf0.gene.p01|FEATURES|ADP-ribosylating_transferase_arr|rifamycin|ADP-ribosylating_transferase_arr	0.999828979	76.1	138	227	1.35e-78	1	NA
Tub.104-k141_30732_1-4..228	Tub.104	Potential	MTRA	4	228	k141_30732_1	aminoglycoside	undefined	0.563128856	76.9	225	344	1.62e-120	1	NA
Tub.104-k141_30732_1-4..228	Tub.104	Potential_loser	MTRA	4	228	k141_30732_1	multidrug	CCP46065.1|FEATURES|mtrA|multidrug|mtrA	0.265623658	76.9	225	344	1.62e-120	1	NA
Tub.104-k141_438372_1-38..224	Tub.104	Potential	MTRA	38	224	k141_438372_1	aminoglycoside	undefined	0.395990712	50.8	189	181	5.38e-58	1	NA
Tub.104-k141_438372_1-38..224	Tub.104	Potential_loser	MTRA	38	224	k141_438372_1	multidrug	CCP46065.1|FEATURES|mtrA|multidrug|mtrA	0.275176941	50.8	189	181	5.38e-58	1	NA
Tub.58-k141_200136_2-1..106	Tub.58	Potential	ABES	1	106	k141_200136_2	aminoglycoside	NC_010410.6003348.p01|FEATURES|abeS|multidrug|abeS	0.72810681	67	106	139	1.91e-44	1	disinfecting agents and antiseptics
Tub.58-k141_200136_2-1..106	Tub.58	Potential_loser	ABES	1	106	k141_200136_2	peptide	undefined	0.062978265	67	106	139	1.91e-44	1	disinfecting agents and antiseptics
Tub.104-k141_372198_1-44..224	Tub.104	Potential	MTRA	44	224	k141_372198_1	aminoglycoside	undefined	0.388809846	52.2	186	175	4.90e-56	1	NA
Tub.104-k141_372198_1-44..224	Tub.104	Potential_loser	MTRA	44	224	k141_372198_1	multidrug	CCP46065.1|FEATURES|mtrA|multidrug|mtrA	0.274829141	52.2	186	175	4.90e-56	1	NA
Tub.15-k141_425769_1-6..126	Tub.15	Potential	TRUNCATED_PUTATIVE_RESPONSE_REGULATOR_ARLR	6	126	k141_425769_1	unclassified	NC_002745.1124086.p01|FEATURES|truncated_putative_response_regulator_ArlR|unclassified|truncated_putative_response_regulator_ArlR	0.33117338	53.3	122	127	2.26e-39	1	NA
Tub.15-k141_425769_1-6..126	Tub.15	Potential_loser	TRUNCATED_PUTATIVE_RESPONSE_REGULATOR_ARLR	6	126	k141_425769_1	aminoglycoside	NC_002745.1124086.p01|FEATURES|truncated_putative_response_regulator_ArlR|unclassified|truncated_putative_response_regulator_ArlR	0.293382306	53.3	122	127	2.26e-39	1	NA
Tub.58-k141_425401_2-80..525	Tub.58	Potential	ROSB	80	525	k141_425401_2	peptide	undefined	0.312080576	50.7	446	393	3.22e-133	1	NA
Tub.58-k141_425401_2-80..525	Tub.58	Potential_loser	ROSB	80	525	k141_425401_2	aminoglycoside	undefined	0.224456788	50.7	446	393	3.22e-133	1	NA
Tub.82-k141_200715_21-12..479	Tub.82	Potential	OPMB	12	479	k141_200715_21	multidrug	NP_251215.1|FEATURES|OpmB|multidrug|OpmB	0.715456745	51.3	468	428	4.72e-147	1	NA
Tub.82-k141_200715_21-12..479	Tub.82	Potential_loser	OPMB	12	479	k141_200715_21	aminoglycoside	undefined	0.100618757	51.3	468	428	4.72e-147	1	NA
Tub.31-k141_483168_3-2..128	Tub.31	Probable	GOLS	2	128	k141_483168_3	multidrug	NP_459349.1|FEATURES|golS|multidrug|golS	0.995031616	55.1	127	140	3.41e-44	1	NA
Tub.11-k141_295394_2-14..495	Tub.11	Potential	PUROMYCIN_RESISTANCE_PROTEIN	14	495	k141_295394_2	nucleoside	P42670|FEATURES|puromycin_resistance_protein|nucleoside|puromycin_resistance_protein	0.560503995	50	490	412	5.11e-140	1	NA
Tub.11-k141_295394_2-14..495	Tub.11	Potential_loser	PUROMYCIN_RESISTANCE_PROTEIN	14	495	k141_295394_2	multidrug	undefined	0.29358499	50	490	412	5.11e-140	1	NA
Tub.58-k141_481703_1-35..303	Tub.58	Potential	MEXA	35	303	k141_481703_1	multidrug	gi:552704089:gb:ERZ17546.1:|FEATURES|mexA|multidrug|mexA	0.49806538	56.5	283	281	1.53e-94	1	NA
Tub.58-k141_481703_1-35..303	Tub.58	Potential_loser	MEXA	35	303	k141_481703_1	aminoglycoside	undefined	0.149497076	56.5	283	281	1.53e-94	1	NA
Tub.16-k141_289579_2-25..282	Tub.16	Potential	FEZ-1	25	282	k141_289579_2	aminoglycoside	undefined	0.350469443	62	258	339	1.09e-115	1	NA
Tub.16-k141_289579_2-25..282	Tub.16	Potential_loser	FEZ-1	25	282	k141_289579_2	multidrug	undefined	0.177965766	62	258	339	1.09e-115	1	NA
Tub.104-k141_146669_1-1..105	Tub.104	Potential	RBPA	1	105	k141_146669_1	peptide	undefined	0.25526295	59.4	106	119	1.18e-36	1	NA
Tub.104-k141_146669_1-1..105	Tub.104	Potential_loser	RBPA	1	105	k141_146669_1	multidrug	undefined	0.22480096	59.4	106	119	1.18e-36	1	NA
Tub.51-k141_177604_25-8..261	Tub.51	Probable	KASUGAMYCIN_RESISTANCE_PROTEIN_KSGA	8	261	k141_177604_25	aminoglycoside	YP_002401190|FEATURES|kasugamycin_resistance_protein_ksgA|aminoglycoside|kasugamycin_resistance_protein_ksgA	0.999999924	52.1	257	236	2.30e-77	1	NA
Tub.83-k141_443537_2-4..224	Tub.83	Potential	MTRA	4	224	k141_443537_2	aminoglycoside	undefined	0.497479139	50.2	223	210	3.19e-69	1	NA
Tub.83-k141_443537_2-4..224	Tub.83	Potential_loser	MTRA	4	224	k141_443537_2	multidrug	CCP46065.1|FEATURES|mtrA|multidrug|mtrA	0.272890938	50.2	223	210	3.19e-69	1	NA
Tub.13-k141_65419_1-11..150	Tub.13	Probable	ARR-4	11	150	k141_65419_1	rifamycin	ABV26705.1|FEATURES|arr-4|rifamycin|arr-4	0.999773899	57.9	140	169	4.89e-55	1	NA
Tub.85-k141_285620_1-3..111	Tub.85	Potential	TRUNCATED_PUTATIVE_RESPONSE_REGULATOR_ARLR	3	111	k141_285620_1	aminoglycoside	undefined	0.307653437	50	110	107	1.17e-31	1	NA
Tub.85-k141_285620_1-3..111	Tub.85	Potential_loser	TRUNCATED_PUTATIVE_RESPONSE_REGULATOR_ARLR	3	111	k141_285620_1	unclassified	NC_002745.1124086.p01|FEATURES|truncated_putative_response_regulator_ArlR|unclassified|truncated_putative_response_regulator_ArlR	0.274831831	50	110	107	1.17e-31	1	NA
Tub.4-k141_318471_2-8..156	Tub.4	Probable	AAC(3)-I	8	156	k141_318471_2	aminoglycoside	AJ511268.1.gene3.p01|FEATURES|aac(3)-I|aminoglycoside|aac(3)-I	0.999915231	54.4	149	148	7.06e-47	1	NA
Tub.26-k141_567309_2-21..176	Tub.26	Probable	AAC(6')-I	21	176	k141_567309_2	aminoglycoside	AB164230.1.gene1.p01|FEATURES|aac(6')-I|aminoglycoside|aac(6')-I	0.999673973	52.7	165	158	2.15e-50	1	NA
Tub.88-k141_196835_1-12..248	Tub.88	Potential	BACA	12	248	k141_196835_1	peptide	undefined	0.27045101	50.8	238	204	2.88e-66	1	NA
Tub.88-k141_196835_1-12..248	Tub.88	Potential_loser	BACA	12	248	k141_196835_1	multidrug	undefined	0.223805505	50.8	238	204	2.88e-66	1	NA
Tub.31-k141_784700_3-7..457	Tub.31	Probable	MDTD	7	457	k141_784700_3	multidrug	gi:693073054:ref:WP_032236466.1:|FEATURES|mdtD|multidrug|mdtD	0.999999697	50.8	457	428	4.99e-147	1	NA
Tub.58-k141_499718_2-15..104	Tub.58	Probable	YKKD	15	104	k141_499718_2	multidrug	gi:489246601:ref:WP_003154765.1:|FEATURES|ykkD|multidrug|ykkD	0.999676281	51.1	90	97.8	1.28e-28	1	NA
Tub.88-k141_320663_1-37..223	Tub.88	Probable	KDPE	37	223	k141_320663_1	aminoglycoside	NP_415222.1|FEATURES|kdpE|aminoglycoside|kdpE	0.955468321	51.1	188	188	7.69e-61	1	NA
Tub.26-k141_516459_3-6..310	Tub.26	Potential	OLEC	6	310	k141_516459_3	tetracycline	undefined	0.897617748	50.5	307	281	2.58e-94	1	NA
Tub.26-k141_516459_3-6..310	Tub.26	Potential_loser	OLEC	6	310	k141_516459_3	MLS	AAA26793|FEATURES|oleC|MLS|oleC	0.07015302	50.5	307	281	2.58e-94	1	NA
Tub.85-k141_542018_1-1..271	Tub.85	Probable	BACA	1	271	k141_542018_1	bacitracin	NP_840140|FEATURES|bacA|bacitracin|bacA	0.973127122	74.6	272	419	6.14e-150	1	NA
Tub.58-k141_259189_2-3..226	Tub.58	Potential	MTRA	3	226	k141_259189_2	aminoglycoside	undefined	0.58280085	71.9	224	322	3.75e-113	1	NA
Tub.58-k141_259189_2-3..226	Tub.58	Potential_loser	MTRA	3	226	k141_259189_2	multidrug	CCP46065.1|FEATURES|mtrA|multidrug|mtrA	0.262773321	71.9	224	322	3.75e-113	1	NA
Tub.10-k141_616577_1-4..118	Tub.10	Potential	TRUNCATED_PUTATIVE_RESPONSE_REGULATOR_ARLR	4	118	k141_616577_1	unclassified	NC_002745.1124086.p01|FEATURES|truncated_putative_response_regulator_ArlR|unclassified|truncated_putative_response_regulator_ArlR	0.307177155	53	117	118	8.20e-36	1	NA
Tub.10-k141_616577_1-4..118	Tub.10	Potential_loser	TRUNCATED_PUTATIVE_RESPONSE_REGULATOR_ARLR	4	118	k141_616577_1	aminoglycoside	undefined	0.300517774	53	117	118	8.20e-36	1	NA
Tub.12-k141_99658_46-31..363	Tub.12	Probable	MEXA	31	363	k141_99658_46	multidrug	gi:497301063:ref:WP_009615280.1:|FEATURES|mexA|multidrug|mexA	0.999928694	51	347	303	1.65e-100	1	NA
Tub.18-k141_676381_2-1..153	Tub.18	Probable	AAC(3)-I	1	153	k141_676381_2	aminoglycoside	gi:639206639:ref:WP_024544906.1:|FEATURES|aac(3)-I|aminoglycoside|aac(3)-I	0.999999969	63.4	153	196	1.55e-65	1	NA
Tub.4-k141_286033_1-1..105	Tub.4	Potential	RBPA	1	105	k141_286033_1	peptide	undefined	0.254570164	51.9	106	103	1.60e-30	1	NA
Tub.4-k141_286033_1-1..105	Tub.4	Potential_loser	RBPA	1	105	k141_286033_1	multidrug	undefined	0.224548755	51.9	106	103	1.60e-30	1	NA
Tub.82-k141_249129_37-2..1024	Tub.82	Potential	MEXK	2	1024	k141_249129_37	triclosan	undefined	0.791963361	51.2	1032	979	0	1	NA
Tub.82-k141_249129_37-2..1024	Tub.82	Potential_loser	MEXK	2	1024	k141_249129_37	multidrug	AAG07064.1|FEATURES|MexK|multidrug|MexK	0.080439289	51.2	1032	979	0	1	NA
Tub.58-k141_223393_2-5..321	Tub.58	Potential	OPRM	5	321	k141_223393_2	multidrug	gi:573999612:gb:ETU76469.1:|FEATURES|oprM|multidrug|oprM	0.692534995	52.3	325	283	3.09e-94	1	NA
Tub.58-k141_223393_2-5..321	Tub.58	Potential_loser	OPRM	5	321	k141_223393_2	aminoglycoside	undefined	0.138876106	52.3	325	283	3.09e-94	1	NA
Tub.59-k141_273003_6-52..392	Tub.59	Potential	MDTA	52	392	k141_273003_6	peptide	undefined	0.311952312	50.3	342	311	7.30e-103	1	NA
Tub.59-k141_273003_6-52..392	Tub.59	Potential_loser	MDTA	52	392	k141_273003_6	aminoglycoside	undefined	0.17793632	50.3	342	311	7.30e-103	1	NA
Tub.104-k141_31047_8-26..195	Tub.104	Probable	AAC(2')-I	26	195	k141_31047_8	aminoglycoside	U41471.1.gene1.p01|FEATURES|aac(2')-I|aminoglycoside|aac(2')-I	0.999976576	54.7	170	187	1.52e-61	1	NA
Tub.85-k141_398306_7-18..404	Tub.85	Probable	ROSA	18	404	k141_398306_7	fosmidomycin	YP_001605796|FEATURES|rosA|fosmidomycin|rosA	0.999274644	67.5	397	509	4.47e-181	1	NA
Tub.34-k141_618654_2-36..231	Tub.34	Probable	VANR	36	231	k141_618654_2	glycopeptide	gi:944468330:ref:WP_055698749.1:|FEATURES|vanR|glycopeptide|vanR	0.999980501	85.2	196	327	1.01e-115	1	NA
Tub.58-k141_292067_2-195..1153	Tub.58	Probable	RPOB2	195	1153	k141_292067_2	multidrug	BAD59497.1|FEATURES|rpoB2|multidrug|rpoB2	0.98068025	61.5	1029	1165	0	1	NA
Tub.59-k141_3375_1-39..222	Tub.59	Probable	KDPE	39	222	k141_3375_1	aminoglycoside	NP_415222.1|FEATURES|kdpE|aminoglycoside|kdpE	0.955726756	53.3	184	197	8.97e-65	1	NA
Tub.26-k141_408099_1-4..77	Tub.26	Probable	TRUNCATED_PUTATIVE_RESPONSE_REGULATOR_ARLR	4	77	k141_408099_1	unclassified	NC_002745.3251084.p01|FEATURES|truncated_putative_response_regulator_ArlR|unclassified|truncated_putative_response_regulator_ArlR	0.900270225	50	74	77	1.65e-20	1	NA
Tub.59-k141_137916_1-1..127	Tub.59	Probable	GOLS	1	127	k141_137916_1	multidrug	NP_459349.1|FEATURES|golS|multidrug|golS	0.996975801	55.9	127	146	4.49e-46	1	NA
Tub.18-k141_569502_2-1..98	Tub.18	Potential	RBPA	1	98	k141_569502_2	peptide	undefined	0.250673532	54.5	99	108	1.83e-32	1	NA
Tub.18-k141_569502_2-1..98	Tub.18	Potential_loser	RBPA	1	98	k141_569502_2	multidrug	undefined	0.223426812	54.5	99	108	1.83e-32	1	NA
Tub.104-k141_606788_1-33..473	Tub.104	Probable	QEPA	33	473	k141_606788_1	fluoroquinolone	gi:1039004533:ref:WP_064760451.1:|FEATURES|qepA|fluoroquinolone|qepA	0.990442086	57.8	445	435	5.27e-150	1	NA
Tub.85-k141_467945_1-1..128	Tub.85	Probable	GOLS	1	128	k141_467945_1	multidrug	NP_459349.1|FEATURES|golS|multidrug|golS	0.99770933	58.6	128	154	1.17e-49	1	NA
Tub.11-k141_75888_1-3..137	Tub.11	Potential	DFRA3	3	137	k141_75888_1	peptide	AAA25550.1|FEATURES|dfrA3|diaminopyrimidine|dfrA3	0.292584772	50.7	136	125	6.66e-38	1	NA
Tub.11-k141_75888_1-3..137	Tub.11	Potential_loser	DFRA3	3	137	k141_75888_1	aminoglycoside	AAA25550.1|FEATURES|dfrA3|diaminopyrimidine|dfrA3	0.195947885	50.7	136	125	6.66e-38	1	NA
Tub.23-k141_63543_1-20..357	Tub.23	Probable	EMRA	20	357	k141_63543_1	multidrug	gi:506486765:ref:WP_015963310.1:|FEATURES|emrA|multidrug|emrA	0.999035253	50	338	305	7.35e-102	1	NA
Tub.31-k141_156061_1-20..226	Tub.31	Potential	MTRA	20	226	k141_156061_1	aminoglycoside	undefined	0.573662396	65.7	207	284	1.77e-98	1	NA
Tub.31-k141_156061_1-20..226	Tub.31	Potential_loser	MTRA	20	226	k141_156061_1	multidrug	CCP46065.1|FEATURES|mtrA|multidrug|mtrA	0.264206923	65.7	207	284	1.77e-98	1	NA
Tub.31-k141_26954_3-1..109	Tub.31	Potential	RBPA	1	109	k141_26954_3	peptide	undefined	0.262488561	51.3	115	99.8	9.86e-29	1	NA
Tub.31-k141_26954_3-1..109	Tub.31	Potential_loser	RBPA	1	109	k141_26954_3	multidrug	undefined	0.228180259	51.3	115	99.8	9.86e-29	1	NA
Tub.1-k141_51512_1-64..275	Tub.1	Probable	BACA	64	275	k141_51512_1	bacitracin	YP_550152|FEATURES|bacA|bacitracin|bacA	0.858479424	73.4	229	330	1.71e-115	1	NA
Tub.1-k141_51512_1-64..275	Tub.1	Potential_loser	BACA	64	275	k141_51512_1	fluoroquinolone	undefined	0.062821838	73.4	229	330	1.71e-115	1	NA
Tub.82-k141_30820_5-1..1043	Tub.82	Probable	ACRB	1	1043	k141_30820_5	multidrug	gi:727178815:ref:WP_033642107.1:|FEATURES|acrB|multidrug|acrB	0.810156149	59.8	1045	1189	0	1	fluoroquinolone antibiotic; tetracycline antibiotic
Tub.82-k141_30820_5-1..1043	Tub.82	Potential_loser	ACRB	1	1043	k141_30820_5	aminoglycoside	undefined	0.145309286	59.8	1045	1189	0	1	fluoroquinolone antibiotic; tetracycline antibiotic
Tub.58-k141_457492_2-1..271	Tub.58	Probable	BACA	1	271	k141_457492_2	bacitracin	NP_840140|FEATURES|bacA|bacitracin|bacA	0.9906582	76.5	272	426	1.03e-152	1	NA
Tub.4-k141_885415_8-1..156	Tub.4	Potential	DFRA3	1	156	k141_885415_8	peptide	undefined	0.293869018	50.6	158	150	2.61e-47	1	NA
Tub.4-k141_885415_8-1..156	Tub.4	Potential_loser	DFRA3	1	156	k141_885415_8	aminoglycoside	undefined	0.195026459	50.6	158	150	2.61e-47	1	NA
Tub.85-k141_632212_23-11..512	Tub.85	Probable	EMRB	11	512	k141_632212_23	multidrug	gi:917770481:ref:WP_052284485.1:|FEATURES|emrB|multidrug|emrB	0.999468721	50.3	505	488	1.29e-169	1	NA
Tub.104-k141_180503_6-1..109	Tub.104	Potential	RBPA	1	109	k141_180503_6	peptide	undefined	0.257628758	56.4	110	129	1.48e-40	1	NA
Tub.104-k141_180503_6-1..109	Tub.104	Potential_loser	RBPA	1	109	k141_180503_6	multidrug	undefined	0.22529124	56.4	110	129	1.48e-40	1	NA
Tub.105-k141_89289_2-1..106	Tub.105	Potential	RBPA	1	106	k141_89289_2	peptide	undefined	0.256746092	57.9	107	123	3.05e-38	1	NA
Tub.105-k141_89289_2-1..106	Tub.105	Potential_loser	RBPA	1	106	k141_89289_2	multidrug	undefined	0.225144356	57.9	107	123	3.05e-38	1	NA
Tub.99-k141_61956_1-2..149	Tub.99	Probable	AAC(6')-I	2	149	k141_61956_1	aminoglycoside	AB116646.1.gene1.p01|FEATURES|aac(6')-I|aminoglycoside|aac(6')-I	0.999698013	53.5	157	151	6.32e-48	1	NA
Tub.51-k141_259104_1-191..1150	Tub.51	Probable	RPOB2	191	1150	k141_259104_1	multidrug	BAD59497.1|FEATURES|rpoB2|multidrug|rpoB2	0.995364685	71.3	967	1363	0	1	NA
Tub.105-k141_416090_8-1..317	Tub.105	Potential	OLEC	1	317	k141_416090_8	tetracycline	undefined	0.897617748	52.5	322	313	2.23e-106	1	NA
Tub.105-k141_416090_8-1..317	Tub.105	Potential_loser	OLEC	1	317	k141_416090_8	MLS	AAA26793|FEATURES|oleC|MLS|oleC	0.07015302	52.5	322	313	2.23e-106	1	NA
Tub.58-k141_230187_1-8..116	Tub.58	Probable	EMRE	8	116	k141_230187_1	multidrug	NC_008702.1.4608023.p01|FEATURES|emrE|multidrug|emrE	0.991959055	68.8	109	152	7.68e-50	1	NA
Tub.58-k141_141598_3-1..228	Tub.58	Potential	MTRA	1	228	k141_141598_3	aminoglycoside	undefined	0.591164137	72.8	228	332	3.99e-117	1	NA
Tub.58-k141_141598_3-1..228	Tub.58	Potential_loser	MTRA	1	228	k141_141598_3	multidrug	CCP46065.1|FEATURES|mtrA|multidrug|mtrA	0.261294015	72.8	228	332	3.99e-117	1	NA
Tub.104-k141_330227_13-16..322	Tub.104	Probable	TETA(48)	16	322	k141_330227_13	tetracycline	APB03214.1|FEATURES|tetA(48)|tetracycline|tetA(48)	0.997024606	57.3	307	336	1.89e-115	1	NA
Tub.31-k141_580592_1-22..125	Tub.31	Probable	PSEUDOMONAS_AERUGINOSA_EMRE	22	125	k141_580592_1	aminoglycoside	NP_253677.1|FEATURES|Pseudomonas_aeruginosa_emrE|aminoglycoside|Pseudomonas_aeruginosa_emrE	0.99029819	59.6	104	118	4.50e-36	1	disinfecting agents and antiseptics
Tub.16-k141_878938_2-7..78	Tub.16	Potential	TRUNCATED_PUTATIVE_RESPONSE_REGULATOR_ARLR	7	78	k141_878938_2	unclassified	NC_002745.3251084.p01|FEATURES|truncated_putative_response_regulator_ArlR|unclassified|truncated_putative_response_regulator_ArlR	0.77046066	50	72	61.6	5.89e-14	1	NA
Tub.16-k141_878938_2-7..78	Tub.16	Potential_loser	TRUNCATED_PUTATIVE_RESPONSE_REGULATOR_ARLR	7	78	k141_878938_2	peptide	undefined	0.112394613	50	72	61.6	5.89e-14	1	NA
Tub.4-k141_985832_1-35..288	Tub.4	Probable	CLASS_A	35	288	k141_985832_1	beta-lactam	gi:912859645:ref:WP_050296155.1:|FEATURES|class_A|beta-lactam|class_A	0.946613249	50.6	255	258	2.16e-86	1	NA
Tub.1-k141_100563_4-1..144	Tub.1	Probable	GOLS	1	144	k141_100563_4	multidrug	NP_459349.1|FEATURES|golS|multidrug|golS	0.997775616	56.8	146	164	2.60e-53	1	NA
Tub.16-k141_179210_2-1..215	Tub.16	Probable	KDPE	1	215	k141_179210_2	aminoglycoside	NP_415222.1|FEATURES|kdpE|aminoglycoside|kdpE	0.988194436	50	216	215	2.09e-71	1	NA
Tub.85-k141_729966_3-46..302	Tub.85	Potential	BACA	46	302	k141_729966_3	multidrug	undefined	0.242288508	52.1	257	242	5.97e-80	1	NA
Tub.85-k141_729966_3-46..302	Tub.85	Potential_loser	BACA	46	302	k141_729966_3	peptide	undefined	0.235084334	52.1	257	242	5.97e-80	1	NA
Tub.31-k141_26560_5-14..357	Tub.31	Probable	EMRA	14	357	k141_26560_5	multidrug	gi:695709491:ref:WP_032642979.1:|FEATURES|emrA|multidrug|emrA	0.995458806	51.7	344	319	5.12e-107	1	NA
Tub.31-k141_136711_19-26..157	Tub.31	Potential	LEN	26	157	k141_136711_19	aminoglycoside	undefined	0.291443561	54.1	133	129	1.30e-37	1	NA
Tub.31-k141_136711_19-26..157	Tub.31	Potential_loser	LEN	26	157	k141_136711_19	multidrug	undefined	0.244019506	54.1	133	129	1.30e-37	1	NA
Tub.85-k141_404687_1-3..113	Tub.85	Potential	TRUNCATED_PUTATIVE_RESPONSE_REGULATOR_ARLR	3	113	k141_404687_1	aminoglycoside	undefined	0.302845745	53.6	112	115	1.00e-34	1	NA
Tub.85-k141_404687_1-3..113	Tub.85	Potential_loser	TRUNCATED_PUTATIVE_RESPONSE_REGULATOR_ARLR	3	113	k141_404687_1	unclassified	NC_002745.1124086.p01|FEATURES|truncated_putative_response_regulator_ArlR|unclassified|truncated_putative_response_regulator_ArlR	0.298200288	53.6	112	115	1.00e-34	1	NA
Tub.26-k141_420561_1-6..75	Tub.26	Probable	TRUNCATED_PUTATIVE_RESPONSE_REGULATOR_ARLR	6	75	k141_420561_1	unclassified	NC_002745.3251084.p01|FEATURES|truncated_putative_response_regulator_ArlR|unclassified|truncated_putative_response_regulator_ArlR	0.812989543	50	70	63.9	8.10e-15	1	NA
Tub.26-k141_420561_1-6..75	Tub.26	Potential_loser	TRUNCATED_PUTATIVE_RESPONSE_REGULATOR_ARLR	6	75	k141_420561_1	peptide	undefined	0.093571796	50	70	63.9	8.10e-15	1	NA
Tub.15-k141_102704_1-1..223	Tub.15	Probable	KDPE	1	223	k141_102704_1	aminoglycoside	NP_415222.1|FEATURES|kdpE|aminoglycoside|kdpE	0.986961993	50.4	224	212	4.90e-70	1	NA
Tub.16-k141_317158_1-7..143	Tub.16	Probable	ADP-RIBOSYLATING_TRANSFERASE_ARR	7	143	k141_317158_1	rifamycin	AF001493.1.orf0.gene.p01|FEATURES|ADP-ribosylating_transferase_arr|rifamycin|ADP-ribosylating_transferase_arr	0.999730672	74.5	137	222	1.92e-76	1	NA
Tub.82-k141_188831_2-4..227	Tub.82	Potential	MTRA	4	227	k141_188831_2	aminoglycoside	undefined	0.575124815	70.1	224	328	1.01e-115	1	NA
Tub.82-k141_188831_2-4..227	Tub.82	Potential_loser	MTRA	4	227	k141_188831_2	multidrug	CCP46065.1|FEATURES|mtrA|multidrug|mtrA	0.264000333	70.1	224	328	1.01e-115	1	NA
Tub.16-k141_784317_2-1..111	Tub.16	Potential	RBPA	1	111	k141_784317_2	peptide	undefined	0.253903226	50	112	112	1.72e-33	1	NA
Tub.16-k141_784317_2-1..111	Tub.16	Potential_loser	RBPA	1	111	k141_784317_2	multidrug	undefined	0.224316497	50	112	112	1.72e-33	1	NA
Tub.31-k141_583690_2-21..157	Tub.31	Potential	LEN	21	157	k141_583690_2	aminoglycoside	undefined	0.291831535	51.4	138	130	3.99e-38	1	NA
Tub.31-k141_583690_2-21..157	Tub.31	Potential_loser	LEN	21	157	k141_583690_2	multidrug	undefined	0.244500004	51.4	138	130	3.99e-38	1	NA
Tub.83-k141_600168_4-12..590	Tub.83	Probable	MULTIDRUG_ABC_TRANSPORTER	12	590	k141_600168_4	multidrug	gi:664556405:ref:WP_031071225.1:|FEATURES|multidrug_ABC_transporter|multidrug|multidrug_ABC_transporter	0.999552515	51.3	610	561	3.82e-195	1	NA
Tub.58-k141_89572_1-1..106	Tub.58	Probable	ABES	1	106	k141_89572_1	multidrug	NC_010410.6003348.p01|FEATURES|abeS|multidrug|abeS	0.990223665	50	106	106	1.29e-31	1	disinfecting agents and antiseptics
Tub.85-k141_142146_1-5..225	Tub.85	Probable	KDPE	5	225	k141_142146_1	aminoglycoside	NP_415222.1|FEATURES|kdpE|aminoglycoside|kdpE	0.954335072	50	222	201	7.63e-66	1	NA
Tub.105-k141_5001_2-28..175	Tub.105	Probable	AAC(6')-I	28	175	k141_5001_2	aminoglycoside	AB164230.1.gene1.p01|FEATURES|aac(6')-I|aminoglycoside|aac(6')-I	0.99946628	50.6	160	151	1.21e-47	1	NA
Tub.58-k141_647477_2-9..261	Tub.58	Probable	KASUGAMYCIN_RESISTANCE_PROTEIN_KSGA	9	261	k141_647477_2	aminoglycoside	YP_001439344|FEATURES|kasugamycin_resistance_protein_ksgA|aminoglycoside|kasugamycin_resistance_protein_ksgA	0.999999542	52.4	254	238	3.51e-79	1	NA
Tub.18-k141_414265_1-9..153	Tub.18	Probable	AAC(3)-I	9	153	k141_414265_1	aminoglycoside	AAN41440|FEATURES|aac(3)-I|aminoglycoside|aac(3)-I	0.999999738	66.4	146	182	2.67e-60	1	NA
Tub.51-k141_130171_2-14..310	Tub.51	Probable	TETA(48)	14	310	k141_130171_2	tetracycline	APB03214.1|FEATURES|tetA(48)|tetracycline|tetA(48)	0.9974507	54.7	298	315	1.04e-107	1	NA
Tub.85-k141_457824_1-31..235	Tub.85	Potential	JOHN-1	31	235	k141_457824_1	aminoglycoside	undefined	0.280352562	57.6	205	270	8.45e-93	1	NA
Tub.85-k141_457824_1-31..235	Tub.85	Potential_loser	JOHN-1	31	235	k141_457824_1	multidrug	undefined	0.238136378	57.6	205	270	8.45e-93	1	NA
Tub.18-k141_582996_1-27..176	Tub.18	Probable	AAC(6')-I	27	176	k141_582996_1	aminoglycoside	AB164230.1.gene1.p01|FEATURES|aac(6')-I|aminoglycoside|aac(6')-I	0.999622225	51.9	158	144	5.77e-45	1	NA
Tub.26-k141_522996_1-5..274	Tub.26	Potential	BACA	5	274	k141_522996_1	peptide	undefined	0.273015893	51.5	274	254	1.97e-85	1	NA
Tub.26-k141_522996_1-5..274	Tub.26	Potential_loser	BACA	5	274	k141_522996_1	multidrug	undefined	0.225436924	51.5	274	254	1.97e-85	1	NA
Tub.105-k141_100626_2-10..227	Tub.105	Potential	MTRA	10	227	k141_100626_2	aminoglycoside	undefined	0.568962223	74.8	218	325	9.26e-115	1	NA
Tub.105-k141_100626_2-10..227	Tub.105	Potential_loser	MTRA	10	227	k141_100626_2	multidrug	CCP46065.1|FEATURES|mtrA|multidrug|mtrA	0.264847757	74.8	218	325	9.26e-115	1	NA
Tub.31-k141_427833_3-3..130	Tub.31	Probable	GOLS	3	130	k141_427833_3	multidrug	NP_459349.1|FEATURES|golS|multidrug|golS	0.996541455	57	128	151	1.78e-48	1	NA
Tub.30-k141_293071_1-3..117	Tub.30	Potential	TRUNCATED_PUTATIVE_RESPONSE_REGULATOR_ARLR	3	117	k141_293071_1	unclassified	NC_002745.1124086.p01|FEATURES|truncated_putative_response_regulator_ArlR|unclassified|truncated_putative_response_regulator_ArlR	0.342964907	60.3	116	135	1.60e-42	1	NA
Tub.30-k141_293071_1-3..117	Tub.30	Potential_loser	TRUNCATED_PUTATIVE_RESPONSE_REGULATOR_ARLR	3	117	k141_293071_1	aminoglycoside	undefined	0.289478615	60.3	116	135	1.60e-42	1	NA
Tub.104-k141_569604_3-4..106	Tub.104	Potential	RBPA	4	106	k141_569604_3	peptide	undefined	0.253734672	55.8	104	112	1.17e-33	1	NA
Tub.104-k141_569604_3-4..106	Tub.104	Potential_loser	RBPA	4	106	k141_569604_3	multidrug	undefined	0.22426802	55.8	104	112	1.17e-33	1	NA
Tub.34-k141_296914_1-33..224	Tub.34	Potential	TRANSCRIPTIONAL_REGULATORY_PROTEIN_CPXR_CPXR	33	224	k141_296914_1	peptide	undefined	0.303377017	53.3	197	199	1.88e-65	1	NA
Tub.34-k141_296914_1-33..224	Tub.34	Potential_loser	TRANSCRIPTIONAL_REGULATORY_PROTEIN_CPXR_CPXR	33	224	k141_296914_1	unclassified	CP000675.2.gene1535.p01|FEATURES|transcriptional_regulatory_protein_CpxR_cpxR|unclassified|transcriptional_regulatory_protein_CpxR_cpxR	0.234301763	53.3	197	199	1.88e-65	1	NA
Tub.104-k141_322211_1-3..322	Tub.104	Potential	OLEC	3	322	k141_322211_1	tetracycline	undefined	0.884398172	50.2	321	290	1.80e-97	1	NA
Tub.104-k141_322211_1-3..322	Tub.104	Potential_loser	OLEC	3	322	k141_322211_1	MLS	AAA26793|FEATURES|oleC|MLS|oleC	0.071467217	50.2	321	290	1.80e-97	1	NA
Tub.59-k141_385380_1-3..81	Tub.59	Probable	TRUNCATED_PUTATIVE_RESPONSE_REGULATOR_ARLR	3	81	k141_385380_1	unclassified	NC_002745.3251084.p01|FEATURES|truncated_putative_response_regulator_ArlR|unclassified|truncated_putative_response_regulator_ArlR	0.844237976	51.9	79	79.3	2.32e-20	1	NA
Tub.59-k141_385380_1-3..81	Tub.59	Potential_loser	TRUNCATED_PUTATIVE_RESPONSE_REGULATOR_ARLR	3	81	k141_385380_1	peptide	undefined	0.079195923	51.9	79	79.3	2.32e-20	1	NA
Tub.31-k141_69214_1-1..105	Tub.31	Potential	ABES	1	105	k141_69214_1	peptide	undefined	0.580226396	56.2	105	120	2.33e-37	1	NA
Tub.31-k141_69214_1-1..105	Tub.31	Potential_loser	ABES	1	105	k141_69214_1	fosfomycin	undefined	0.147729095	56.2	105	120	2.33e-37	1	NA
Tub.85-k141_749707_23-1..278	Tub.85	Potential	BACA	1	278	k141_749707_23	peptide	undefined	0.273015893	52.3	279	256	7.95e-86	1	NA
Tub.85-k141_749707_23-1..278	Tub.85	Potential_loser	BACA	1	278	k141_749707_23	multidrug	undefined	0.225436924	52.3	279	256	7.95e-86	1	NA
Tub.51-k141_108952_1-6..233	Tub.51	Probable	BAER	6	233	k141_108952_1	multidrug	YP_490321.1|FEATURES|baeR|multidrug|baeR	0.99971343	57.9	228	262	1.99e-89	1	NA
Tub.1-k141_51206_2-4..274	Tub.1	Probable	BACA	4	274	k141_51206_2	bacitracin	YP_985461|FEATURES|bacA|bacitracin|bacA	0.99445409	68.1	276	372	1.71e-131	1	NA
Tub.31-k141_631922_2-8..507	Tub.31	Potential	EMRB	8	507	k141_631922_2	peptide	undefined	0.497600321	52.5	501	502	2.12e-175	1	NA
Tub.31-k141_631922_2-8..507	Tub.31	Potential_loser	EMRB	8	507	k141_631922_2	fluoroquinolone	undefined	0.067628786	52.5	501	502	2.12e-175	1	NA
Tub.12-k141_270108_3-7..150	Tub.12	Probable	ARR-4	7	150	k141_270108_3	rifamycin	ABV26705.1|FEATURES|arr-4|rifamycin|arr-4	0.99972103	57.6	144	187	1.55e-62	1	NA
Tub.82-k141_305338_39-3..118	Tub.82	Potential	TRUNCATED_PUTATIVE_RESPONSE_REGULATOR_ARLR	3	118	k141_305338_39	unclassified	NC_002745.1124086.p01|FEATURES|truncated_putative_response_regulator_ArlR|unclassified|truncated_putative_response_regulator_ArlR	0.337090973	52.1	117	130	1.14e-38	1	NA
Tub.82-k141_305338_39-3..118	Tub.82	Potential_loser	TRUNCATED_PUTATIVE_RESPONSE_REGULATOR_ARLR	3	118	k141_305338_39	aminoglycoside	undefined	0.291487994	52.1	117	130	1.14e-38	1	NA
Tub.31-k141_396060_2-109..1044	Tub.31	Probable	MEXF	109	1044	k141_396060_2	multidrug	CP000675.2.gene2298.p01|FEATURES|mexF|multidrug|mexF	0.999438742	51.8	938	917	0	1	fluoroquinolone antibiotic; tetracycline antibiotic
Tub.105-k141_188463_2-1..222	Tub.105	Probable	VANR	1	222	k141_188463_2	glycopeptide	gi:938897327:ref:WP_054681472.1:|FEATURES|vanR|glycopeptide|vanR	0.99997517	51.4	222	222	8.39e-74	1	NA
Tub.58-k141_232285_1-3..117	Tub.58	Potential	TRUNCATED_PUTATIVE_RESPONSE_REGULATOR_ARLR	3	117	k141_232285_1	unclassified	NC_002745.1124086.p01|FEATURES|truncated_putative_response_regulator_ArlR|unclassified|truncated_putative_response_regulator_ArlR	0.31490105	51.3	117	115	1.21e-34	1	NA
Tub.58-k141_232285_1-3..117	Tub.58	Potential_loser	TRUNCATED_PUTATIVE_RESPONSE_REGULATOR_ARLR	3	117	k141_232285_1	aminoglycoside	undefined	0.298330914	51.3	117	115	1.21e-34	1	NA
Tub.58-k141_321235_5-1..126	Tub.58	Probable	GOLS	1	126	k141_321235_5	multidrug	NP_459349.1|FEATURES|golS|multidrug|golS	0.997192704	61.1	126	155	2.53e-49	1	NA
Tub.4-k141_47563_5-1..128	Tub.4	Probable	GOLS	1	128	k141_47563_5	multidrug	NP_459349.1|FEATURES|golS|multidrug|golS	0.997775616	57	128	147	1.39e-46	1	NA
Tub.31-k141_435125_23-4..520	Tub.31	Probable	EMRB-QACA_FAMILY_MAJOR_FACILITATOR_TRANSPORTER	4	520	k141_435125_23	multidrug	EU408347.1.gene6.p01|FEATURES|EmrB-QacA_family_major_facilitator_transporter|multidrug|EmrB-QacA_family_major_facilitator_transporter	0.977291847	56.1	517	583	3.19e-207	1	NA
Tub.12-k141_98377_2-1..111	Tub.12	Potential	RBPA	1	111	k141_98377_2	peptide	undefined	0.259614678	50.9	112	105	8.60e-31	1	NA
Tub.12-k141_98377_2-1..111	Tub.12	Potential_loser	RBPA	1	111	k141_98377_2	multidrug	undefined	0.225848172	50.9	112	105	8.60e-31	1	NA
Tub.16-k141_19102_2-18..320	Tub.16	Probable	TETA(48)	18	320	k141_19102_2	tetracycline	APB03214.1|FEATURES|tetA(48)|tetracycline|tetA(48)	0.896152084	51	306	281	5.22e-94	1	NA
Tub.16-k141_19102_2-18..320	Tub.16	Potential_loser	TETA(48)	18	320	k141_19102_2	aminoglycoside	undefined	0.081211648	51	306	281	5.22e-94	1	NA
Tub.59-k141_758320_3-3..222	Tub.59	Potential	TRANSCRIPTIONAL_REGULATORY_PROTEIN_CPXR_CPXR	3	222	k141_758320_3	peptide	undefined	0.296589137	51.1	223	221	4.04e-73	1	NA
Tub.59-k141_758320_3-3..222	Tub.59	Potential_loser	TRANSCRIPTIONAL_REGULATORY_PROTEIN_CPXR_CPXR	3	222	k141_758320_3	unclassified	CP000675.2.gene1535.p01|FEATURES|transcriptional_regulatory_protein_CpxR_cpxR|unclassified|transcriptional_regulatory_protein_CpxR_cpxR	0.258161434	51.1	223	221	4.04e-73	1	NA
Tub.26-k141_548260_2-5..315	Tub.26	Probable	PMRF	5	315	k141_548260_2	peptide	AAC75314.1|FEATURES|PmrF|peptide|PmrF	0.923324141	66.9	311	416	4.61e-147	1	NA
Tub.15-k141_216855_2-3..120	Tub.15	Potential	TRUNCATED_PUTATIVE_RESPONSE_REGULATOR_ARLR	3	120	k141_216855_2	unclassified	NC_002745.1124086.p01|FEATURES|truncated_putative_response_regulator_ArlR|unclassified|truncated_putative_response_regulator_ArlR	0.319376255	50.4	119	123	3.21e-36	1	NA
Tub.15-k141_216855_2-3..120	Tub.15	Potential_loser	TRUNCATED_PUTATIVE_RESPONSE_REGULATOR_ARLR	3	120	k141_216855_2	aminoglycoside	undefined	0.296999271	50.4	119	123	3.21e-36	1	NA
Tub.85-k141_221958_1-5..224	Tub.85	Probable	TRANSCRIPTIONAL_REGULATORY_PROTEIN_CPXR_CPXR	5	224	k141_221958_1	unclassified	CP000675.2.gene1535.p01|FEATURES|transcriptional_regulatory_protein_CpxR_cpxR|unclassified|transcriptional_regulatory_protein_CpxR_cpxR	0.910943916	53.4	223	228	2.43e-76	1	NA
Tub.31-k141_730113_1-12..402	Tub.31	Probable	OPRM	12	402	k141_730113_1	multidrug	gi:553757603:ref:WP_023090259.1:|FEATURES|oprM|multidrug|oprM	0.999861122	54.8	394	349	2.09e-117	1	NA
Tub.82-k141_81948_2-3..120	Tub.82	Potential	TRUNCATED_PUTATIVE_RESPONSE_REGULATOR_ARLR	3	120	k141_81948_2	unclassified	NC_002745.1124086.p01|FEATURES|truncated_putative_response_regulator_ArlR|unclassified|truncated_putative_response_regulator_ArlR	0.313655576	50.4	119	122	7.01e-36	1	NA
Tub.82-k141_81948_2-3..120	Tub.82	Potential_loser	TRUNCATED_PUTATIVE_RESPONSE_REGULATOR_ARLR	3	120	k141_81948_2	aminoglycoside	undefined	0.298690639	50.4	119	122	7.01e-36	1	NA
Tub.18-k141_89811_2-7..130	Tub.18	Potential	ADP-RIBOSYLATING_TRANSFERASE_ARR	7	130	k141_89811_2	multidrug	undefined	0.398958909	70.2	124	189	8.00e-64	1	NA
Tub.18-k141_89811_2-7..130	Tub.18	Potential_loser	ADP-RIBOSYLATING_TRANSFERASE_ARR	7	130	k141_89811_2	rifamycin	AF001493.1.orf0.gene.p01|FEATURES|ADP-ribosylating_transferase_arr|rifamycin|ADP-ribosylating_transferase_arr	0.153414366	70.2	124	189	8.00e-64	1	NA
Tub.110-k141_33560_1-49..282	Tub.110	Potential	FEZ-1	49	282	k141_33560_1	aminoglycoside	undefined	0.350469443	60.7	234	300	2.09e-102	1	NA
Tub.110-k141_33560_1-49..282	Tub.110	Potential_loser	FEZ-1	49	282	k141_33560_1	multidrug	undefined	0.177965766	60.7	234	300	2.09e-102	1	NA
Tub.26-k141_562475_9-1..135	Tub.26	Potential	FOSA	1	135	k141_562475_9	fosfomycin	NP_249820.1|FEATURES|FosA|fosfomycin|FosA	0.73235631	66.2	136	191	5.56e-64	1	NA
Tub.26-k141_562475_9-1..135	Tub.26	Potential_loser	FOSA	1	135	k141_562475_9	peptide	undefined	0.237078163	66.2	136	191	5.56e-64	1	NA
Tub.30-k141_276673_105-1..126	Tub.30	Probable	GOLS	1	126	k141_276673_105	multidrug	NP_459349.1|FEATURES|golS|multidrug|golS	0.991903594	50	126	121	1.41e-36	1	NA
Tub.85-k141_360301_2-1..126	Tub.85	Probable	GOLS	1	126	k141_360301_2	multidrug	NP_459349.1|FEATURES|golS|multidrug|golS	0.996422508	57.1	126	140	9.08e-44	1	NA
Tub.16-k141_319086_2-1..395	Tub.16	Probable	RIFAMPIN_MONOOXYGENASE	1	395	k141_319086_2	rifamycin	gi:544923113:ref:WP_021332509.1:|FEATURES|rifampin_monooxygenase|rifamycin|rifampin_monooxygenase	0.999973576	69.6	395	569	3.31e-204	1	rifamycin antibiotic
Tub.94-k141_150696_2-6..245	Tub.94	Probable	OMPR	6	245	k141_150696_2	multidrug	NC_008702.1.4607594.p01|FEATURES|ompR|multidrug|ompR	0.99653107	61.3	240	285	3.22e-98	1	NA
Tub.16-k141_679525_1-18..150	Tub.16	Probable	AAC(3)-I	18	150	k141_679525_1	aminoglycoside	AJ511268.1.gene3.p01|FEATURES|aac(3)-I|aminoglycoside|aac(3)-I	0.999973973	69.9	133	181	2.84e-60	1	NA
Tub.30-k141_238485_2-36..288	Tub.30	Potential	CTX-M	36	288	k141_238485_2	beta-lactam	CAP45560|FEATURES|CTX-M-16|beta-lactam|CTX-M	0.688123997	51	255	246	8.77e-82	1	NA
Tub.30-k141_238485_2-36..288	Tub.30	Potential_loser	CTX-M	36	288	k141_238485_2	multidrug	undefined	0.198465349	51	255	246	8.77e-82	1	NA
Tub.12-k141_76105_1-1..317	Tub.12	Potential	OLEC	1	317	k141_76105_1	tetracycline	undefined	0.887102254	52.6	323	295	1.63e-99	1	NA
Tub.12-k141_76105_1-1..317	Tub.12	Potential_loser	OLEC	1	317	k141_76105_1	MLS	AAA26793|FEATURES|oleC|MLS|oleC	0.07125852	52.6	323	295	1.63e-99	1	NA
Tub.16-k141_55960_1-7..228	Tub.16	Potential	MTRA	7	228	k141_55960_1	aminoglycoside	undefined	0.528648081	68.5	222	307	2.27e-107	1	NA
Tub.16-k141_55960_1-7..228	Tub.16	Potential_loser	MTRA	7	228	k141_55960_1	multidrug	CCP46065.1|FEATURES|mtrA|multidrug|mtrA	0.270023177	68.5	222	307	2.27e-107	1	NA
Tub.31-k141_609119_2-10..209	Tub.31	Probable	MEXL	10	209	k141_609119_2	multidrug	NP_252368.1|FEATURES|MexL|multidrug|MexL	0.994769086	54	200	207	3.32e-68	1	NA
Tub.10-k141_716902_2-5..222	Tub.10	Probable	KDPE	5	222	k141_716902_2	aminoglycoside	NP_415222.1|FEATURES|kdpE|aminoglycoside|kdpE	0.988029359	52.3	218	219	1.10e-72	1	NA
Tub.34-k141_510391_2-4..226	Tub.34	Potential	MTRA	4	226	k141_510391_2	aminoglycoside	undefined	0.580750646	73.6	227	335	8.70e-118	1	NA
Tub.34-k141_510391_2-4..226	Tub.34	Potential_loser	MTRA	4	226	k141_510391_2	multidrug	CCP46065.1|FEATURES|mtrA|multidrug|mtrA	0.263129884	73.6	227	335	8.70e-118	1	NA
Tub.30-k141_205898_1-1..113	Tub.30	Probable	EMRE	1	113	k141_205898_1	multidrug	NC_008702.1.4608023.p01|FEATURES|emrE|multidrug|emrE	0.994710134	50.4	113	100	2.31e-29	1	NA
Tub.31-k141_629433_5-7..1027	Tub.31	Potential	MUXB	7	1027	k141_629433_5	aminocoumarin	NP_251217.1|FEATURES|MuxB|multidrug|MuxB	0.554223252	52.8	1063	1020	0	1	NA
Tub.31-k141_629433_5-7..1027	Tub.31	Potential_loser	MUXB	7	1027	k141_629433_5	multidrug	NP_251217.1|FEATURES|MuxB|multidrug|MuxB	0.432165913	52.8	1063	1020	0	1	NA
Tub.4-k141_730533_1-14..115	Tub.4	Potential	ADP-RIBOSYLATING_TRANSFERASE_ARR	14	115	k141_730533_1	multidrug	undefined	0.335500282	56	109	112	7.65e-34	1	NA
Tub.4-k141_730533_1-14..115	Tub.4	Potential_loser	ADP-RIBOSYLATING_TRANSFERASE_ARR	14	115	k141_730533_1	peptide	undefined	0.214461022	56	109	112	7.65e-34	1	NA
Tub.83-k141_125251_1-5..136	Tub.83	Probable	ADP-RIBOSYLATING_TRANSFERASE_ARR	5	136	k141_125251_1	rifamycin	AL939114.1.orf1.gene.p01|FEATURES|ADP-ribosylating_transferase_arr|rifamycin|ADP-ribosylating_transferase_arr	0.993757951	77.3	132	220	4.83e-76	1	NA
Tub.58-k141_319535_1-1..339	Tub.58	Potential	MEXP	1	339	k141_319535_1	multidrug	BAE06007.1|FEATURES|mexP|multidrug|mexP	0.283898943	69.9	342	451	1.16e-159	1	NA
Tub.58-k141_319535_1-1..339	Tub.58	Potential_loser	MEXP	1	339	k141_319535_1	aminoglycoside	undefined	0.212202892	69.9	342	451	1.16e-159	1	NA
Tub.83-k141_48714_75-8..282	Tub.83	Potential	SUL4	8	282	k141_48714_75	multidrug	undefined	0.268584761	50.5	275	262	5.15e-88	1	NA
Tub.83-k141_48714_75-8..282	Tub.83	Potential_loser	SUL4	8	282	k141_48714_75	peptide	undefined	0.215414603	50.5	275	262	5.15e-88	1	NA
Tub.15-k141_318446_1-9..213	Tub.15	Probable	VATF	9	213	k141_318446_1	MLS	AAF63432|FEATURES|vatF|MLS|vatF	0.935465951	52.2	209	223	2.75e-74	1	NA
Tub.58-k141_426472_2-7..226	Tub.58	Potential	MTRA	7	226	k141_426472_2	aminoglycoside	undefined	0.578548872	69.1	220	317	2.83e-111	1	NA
Tub.58-k141_426472_2-7..226	Tub.58	Potential_loser	MTRA	7	226	k141_426472_2	multidrug	CCP46065.1|FEATURES|mtrA|multidrug|mtrA	0.263491489	69.1	220	317	2.83e-111	1	NA
Tub.59-k141_92175_2-5..249	Tub.59	Probable	OMPR	5	249	k141_92175_2	multidrug	gi:909830386:gb:AKU13184.1:|FEATURES|ompR|multidrug|ompR	0.99653107	63.7	245	306	5.76e-106	1	NA
Tub.82-k141_505710_2-27..173	Tub.82	Probable	AAC(6')-I	27	173	k141_505710_2	aminoglycoside	AB164230.1.gene1.p01|FEATURES|aac(6')-I|aminoglycoside|aac(6')-I	0.985098946	52.9	155	167	4.31e-54	1	NA
Tub.83-k141_326602_2-28..1153	Tub.83	Probable	RPOB2	28	1153	k141_326602_2	multidrug	BAD59497.1|FEATURES|rpoB2|multidrug|rpoB2	0.976841402	53.2	1214	1180	0	1	NA
Tub.12-k141_410628_1-9..248	Tub.12	Probable	OMPR	9	248	k141_410628_1	multidrug	gi:909830386:gb:AKU13184.1:|FEATURES|ompR|multidrug|ompR	0.933656658	50	240	215	1.15e-70	1	NA
Tub.58-k141_73657_10-1..224	Tub.58	Probable	KDPE	1	224	k141_73657_10	aminoglycoside	NP_415222.1|FEATURES|kdpE|aminoglycoside|kdpE	0.988073199	64.4	225	298	1.16e-103	1	NA
Tub.94-k141_509129_2-3..276	Tub.94	Probable	BACA	3	276	k141_509129_2	bacitracin	YP_316450|FEATURES|bacA|bacitracin|bacA	0.981688401	73.7	274	394	2.45e-140	1	NA
Tub.30-k141_395016_1-21..160	Tub.30	Potential	DFRA3	21	160	k141_395016_1	peptide	undefined	0.300650896	52.1	142	142	6.97e-44	1	NA
Tub.30-k141_395016_1-21..160	Tub.30	Potential_loser	DFRA3	21	160	k141_395016_1	aminoglycoside	undefined	0.18938683	52.1	142	142	6.97e-44	1	NA
Tub.15-k141_473256_1-2..123	Tub.15	Potential	ADP-RIBOSYLATING_TRANSFERASE_ARR	2	123	k141_473256_1	multidrug	undefined	0.397082363	77	122	202	2.46e-68	1	NA
Tub.15-k141_473256_1-2..123	Tub.15	Potential_loser	ADP-RIBOSYLATING_TRANSFERASE_ARR	2	123	k141_473256_1	rifamycin	AF001493.1.orf0.gene.p01|FEATURES|ADP-ribosylating_transferase_arr|rifamycin|ADP-ribosylating_transferase_arr	0.163607044	77	122	202	2.46e-68	1	NA
Tub.30-k141_160205_3-3..120	Tub.30	Potential	TRUNCATED_PUTATIVE_RESPONSE_REGULATOR_ARLR	3	120	k141_160205_3	aminoglycoside	undefined	0.307233687	50.4	119	112	1.96e-32	1	NA
Tub.30-k141_160205_3-3..120	Tub.30	Potential_loser	TRUNCATED_PUTATIVE_RESPONSE_REGULATOR_ARLR	3	120	k141_160205_3	unclassified	NC_002745.1124086.p01|FEATURES|truncated_putative_response_regulator_ArlR|unclassified|truncated_putative_response_regulator_ArlR	0.277281851	50.4	119	112	1.96e-32	1	NA
Tub.12-k141_262033_2-15..334	Tub.12	Probable	TETA(48)	15	334	k141_262033_2	tetracycline	APB03214.1|FEATURES|tetA(48)|tetracycline|tetA(48)	0.8530926	52.3	323	304	5.18e-103	1	NA
Tub.12-k141_262033_2-15..334	Tub.12	Potential_loser	TETA(48)	15	334	k141_262033_2	aminoglycoside	undefined	0.112186866	52.3	323	304	5.18e-103	1	NA
Tub.59-k141_199505_2-8..81	Tub.59	Probable	TRUNCATED_PUTATIVE_RESPONSE_REGULATOR_ARLR	8	81	k141_199505_2	unclassified	NC_002745.3251084.p01|FEATURES|truncated_putative_response_regulator_ArlR|unclassified|truncated_putative_response_regulator_ArlR	0.806078946	50	74	73.9	1.06e-19	1	NA
Tub.59-k141_199505_2-8..81	Tub.59	Potential_loser	TRUNCATED_PUTATIVE_RESPONSE_REGULATOR_ARLR	8	81	k141_199505_2	peptide	undefined	0.096684434	50	74	73.9	1.06e-19	1	NA
Tub.31-k141_4324_20-5..301	Tub.31	Potential	EMRA	5	301	k141_4324_20	multidrug	gi:1033042764:ref:WP_064355128.1:|FEATURES|emrA|multidrug|emrA	0.496999147	50.8	297	279	1.32e-92	1	NA
Tub.31-k141_4324_20-5..301	Tub.31	Potential_loser	EMRA	5	301	k141_4324_20	peptide	undefined	0.138565431	50.8	297	279	1.32e-92	1	NA
Tub.13-k141_161759_1-1..109	Tub.13	Potential	RBPA	1	109	k141_161759_1	peptide	undefined	0.262488561	57.3	110	128	4.22e-40	1	NA
Tub.13-k141_161759_1-1..109	Tub.13	Potential_loser	RBPA	1	109	k141_161759_1	multidrug	undefined	0.228180259	57.3	110	128	4.22e-40	1	NA
Tub.59-k141_581358_1-3..122	Tub.59	Potential	TRUNCATED_PUTATIVE_RESPONSE_REGULATOR_ARLR	3	122	k141_581358_1	aminoglycoside	undefined	0.306417206	50	120	117	2.52e-35	1	NA
Tub.59-k141_581358_1-3..122	Tub.59	Potential_loser	TRUNCATED_PUTATIVE_RESPONSE_REGULATOR_ARLR	3	122	k141_581358_1	unclassified	NC_002745.1124086.p01|FEATURES|truncated_putative_response_regulator_ArlR|unclassified|truncated_putative_response_regulator_ArlR	0.281812556	50	120	117	2.52e-35	1	NA
Tub.18-k141_568591_2-1..145	Tub.18	Potential	DFRA3	1	145	k141_568591_2	peptide	undefined	0.300388443	51.3	150	149	5.76e-47	1	NA
Tub.18-k141_568591_2-1..145	Tub.18	Potential_loser	DFRA3	1	145	k141_568591_2	aminoglycoside	undefined	0.189670894	51.3	150	149	5.76e-47	1	NA
Tub.107-k141_56271_1-9..275	Tub.107	Probable	BACA	9	275	k141_56271_1	bacitracin	YP_550152|FEATURES|bacA|bacitracin|bacA	0.995254281	91.4	267	482	3.96e-175	1	NA
Tub.83-k141_925201_1-5..123	Tub.83	Potential	TRUNCATED_PUTATIVE_RESPONSE_REGULATOR_ARLR	5	123	k141_925201_1	unclassified	NC_002745.1124086.p01|FEATURES|truncated_putative_response_regulator_ArlR|unclassified|truncated_putative_response_regulator_ArlR	0.309671918	51.7	120	117	3.26e-34	1	NA
Tub.83-k141_925201_1-5..123	Tub.83	Potential_loser	TRUNCATED_PUTATIVE_RESPONSE_REGULATOR_ARLR	5	123	k141_925201_1	aminoglycoside	undefined	0.299821223	51.7	120	117	3.26e-34	1	NA
Tub.83-k141_220322_1-6..512	Tub.83	Probable	EMRB	6	512	k141_220322_1	multidrug	gi:757800118:ref:WP_043017320.1:|FEATURES|emrB|multidrug|emrB	0.999039387	53.3	507	525	2.25e-184	1	NA
Tub.26-k141_613808_2-13..355	Tub.26	Probable	TRIB	13	355	k141_613808_2	triclosan	NP_248847.1|FEATURES|TriB|triclosan|TriB	0.997834473	60.5	344	341	7.19e-117	1	NA
Tub.94-k141_502135_2-13..463	Tub.94	Probable	OPRM	13	463	k141_502135_2	multidrug	NC_008702.1.4607681.p01|FEATURES|oprM|multidrug|oprM	0.999387184	50	456	350	9.60e-117	1	NA
Tub.18-k141_471366_3-11..150	Tub.18	Probable	ARR-4	11	150	k141_471366_3	rifamycin	ABV26705.1|FEATURES|arr-4|rifamycin|arr-4	0.999743681	60.7	140	192	1.56e-64	1	NA
Tub.13-k141_291432_2-7..226	Tub.13	Potential	MTRA	7	226	k141_291432_2	aminoglycoside	undefined	0.591164137	75.9	220	330	1.97e-116	1	NA
Tub.13-k141_291432_2-7..226	Tub.13	Potential_loser	MTRA	7	226	k141_291432_2	multidrug	CCP46065.1|FEATURES|mtrA|multidrug|mtrA	0.261294015	75.9	220	330	1.97e-116	1	NA
Tub.31-k141_289070_7-10..502	Tub.31	Potential	EMRB	10	502	k141_289070_7	peptide	undefined	0.508664058	56.7	494	556	1.04e-196	1	NA
Tub.31-k141_289070_7-10..502	Tub.31	Potential_loser	EMRB	10	502	k141_289070_7	fluoroquinolone	undefined	0.069160092	56.7	494	556	1.04e-196	1	NA
Tub.58-k141_464846_3-13..511	Tub.58	Probable	EMRB	13	511	k141_464846_3	multidrug	gi:740320277:ref:WP_038157443.1:|FEATURES|emrB|multidrug|emrB	0.997459027	50.3	499	494	7.47e-172	1	NA
Tub.58-k141_161056_1-16..105	Tub.58	Probable	EMRE	16	105	k141_161056_1	multidrug	CP001138.1.gene1489.p01|FEATURES|emrE|multidrug|emrE	0.82434246	60	90	108	6.73e-33	1	NA
Tub.58-k141_161056_1-16..105	Tub.58	Potential_loser	ABES	16	105	k141_161056_1	aminoglycoside	undefined	0.094371891	60	90	108	6.73e-33	1	NA
Tub.105-k141_401820_9-23..482	Tub.105	Potential	PUROMYCIN_RESISTANCE_PROTEIN	23	482	k141_401820_9	nucleoside	P42670|FEATURES|puromycin_resistance_protein|nucleoside|puromycin_resistance_protein	0.6686821	50.8	461	403	6.62e-137	1	NA
Tub.105-k141_401820_9-23..482	Tub.105	Potential_loser	PUROMYCIN_RESISTANCE_PROTEIN	23	482	k141_401820_9	multidrug	undefined	0.216556419	50.8	461	403	6.62e-137	1	NA
Tub.59-k141_34772_2-3..223	Tub.59	Probable	KDPE	3	223	k141_34772_2	aminoglycoside	NP_415222.1|FEATURES|kdpE|aminoglycoside|kdpE	0.974220851	52.5	223	233	1.09e-77	1	NA
Tub.85-k141_439776_1-9..265	Tub.85	Probable	KASUGAMYCIN_RESISTANCE_PROTEIN_KSGA	9	265	k141_439776_1	aminoglycoside	YP_002396141|FEATURES|kasugamycin_resistance_protein_ksgA|aminoglycoside|kasugamycin_resistance_protein_ksgA	0.999998605	51	261	237	2.68e-78	1	NA
Tub.58-k141_389781_1-3..92	Tub.58	Probable	PSEUDOMONAS_AERUGINOSA_EMRE	3	92	k141_389781_1	aminoglycoside	NP_253677.1|FEATURES|Pseudomonas_aeruginosa_emrE|aminoglycoside|Pseudomonas_aeruginosa_emrE	0.993588758	61.1	90	105	1.03e-31	1	disinfecting agents and antiseptics
Tub.59-k141_270070_39-3..126	Tub.59	Potential	TRUNCATED_PUTATIVE_RESPONSE_REGULATOR_ARLR	3	126	k141_270070_39	unclassified	NC_002745.1124086.p01|FEATURES|truncated_putative_response_regulator_ArlR|unclassified|truncated_putative_response_regulator_ArlR	0.342964907	56	125	139	1.08e-42	1	NA
Tub.59-k141_270070_39-3..126	Tub.59	Potential_loser	TRUNCATED_PUTATIVE_RESPONSE_REGULATOR_ARLR	3	126	k141_270070_39	aminoglycoside	undefined	0.289478615	56	125	139	1.08e-42	1	NA
Tub.104-k141_540147_3-3..128	Tub.104	Probable	BLEOMYCIN_RESISTANCE_PROTEIN	3	128	k141_540147_3	glycopeptide	gi:452754543:emb:CCP89775.1:|FEATURES|bleomycin_resistance_protein|glycopeptide|bleomycin_resistance_protein	0.998964215	51.2	129	134	9.89e-42	1	NA
Tub.58-k141_642346_1-3..84	Tub.58	Potential	YKKD	3	84	k141_642346_1	multidrug	gi:489421661:ref:WP_003327389.1:|FEATURES|ykkD|multidrug|ykkD	0.787615574	50.6	85	73.6	3.83e-19	1	NA
Tub.58-k141_642346_1-3..84	Tub.58	Potential_loser	YKKD	3	84	k141_642346_1	aminoglycoside	undefined	0.087574466	50.6	85	73.6	3.83e-19	1	NA
Tub.110-k141_183473_1-49..273	Tub.110	Potential	BACA	49	273	k141_183473_1	peptide	undefined	0.273015893	50.2	231	198	4.35e-64	1	NA
Tub.110-k141_183473_1-49..273	Tub.110	Potential_loser	BACA	49	273	k141_183473_1	multidrug	undefined	0.225436924	50.2	231	198	4.35e-64	1	NA
Tub.4-k141_932979_2-37..228	Tub.4	Potential	MTRA	37	228	k141_932979_2	aminoglycoside	undefined	0.459147171	55.6	196	204	4.99e-67	1	NA
Tub.4-k141_932979_2-37..228	Tub.4	Potential_loser	MTRA	37	228	k141_932979_2	multidrug	CCP46065.1|FEATURES|mtrA|multidrug|mtrA	0.275402353	55.6	196	204	4.99e-67	1	NA
Tub.83-k141_747733_31-31..325	Tub.83	Probable	TETA(48)	31	325	k141_747733_31	tetracycline	APB03214.1|FEATURES|tetA(48)|tetracycline|tetA(48)	0.997403732	53.7	300	306	9.30e-104	1	NA
Tub.83-k141_587526_2-10..210	Tub.83	Probable	CAMP-REGULATORY_PROTEIN	10	210	k141_587526_2	unclassified	gi:490367208:ref:WP_004246872.1:|FEATURES|cAMP-regulatory_protein|unclassified|cAMP-regulatory_protein	0.995350623	52.9	206	228	2.29e-76	1	NA
Tub.1-k141_56142_2-4..325	Tub.1	Probable	MEPA	4	325	k141_56142_2	multidrug	gi:984518628:emb:CUM21384.1:|FEATURES|mepA|multidrug|mepA	0.98631474	50	322	302	5.62e-101	1	NA
Tub.58-k141_93324_3-1..278	Tub.58	Potential	BACA	1	278	k141_93324_3	peptide	undefined	0.272153269	53.2	280	262	3.64e-88	1	NA
Tub.58-k141_93324_3-1..278	Tub.58	Potential_loser	BACA	1	278	k141_93324_3	multidrug	undefined	0.224673786	53.2	280	262	3.64e-88	1	NA
Tub.59-k141_661768_1-1..125	Tub.59	Potential	TRUNCATED_PUTATIVE_RESPONSE_REGULATOR_ARLR	1	125	k141_661768_1	unclassified	NC_002745.1124086.p01|FEATURES|truncated_putative_response_regulator_ArlR|unclassified|truncated_putative_response_regulator_ArlR	0.334609781	51.2	127	136	2.43e-42	1	NA
Tub.59-k141_661768_1-1..125	Tub.59	Potential_loser	TRUNCATED_PUTATIVE_RESPONSE_REGULATOR_ARLR	1	125	k141_661768_1	aminoglycoside	undefined	0.292314583	51.2	127	136	2.43e-42	1	NA
Tub.31-k141_629494_1-2..200	Tub.31	Probable	TRANSCRIPTIONAL_REGULATORY_PROTEIN_CPXR_CPXR	2	200	k141_629494_1	unclassified	CP000647.1.gene4257.p01|FEATURES|transcriptional_regulatory_protein_CpxR_cpxR|unclassified|transcriptional_regulatory_protein_CpxR_cpxR	0.97567311	50.5	200	190	1.33e-61	1	NA
Tub.31-k141_73304_8-13..233	Tub.31	Probable	BAER	13	233	k141_73304_8	multidrug	YP_490321.1|FEATURES|baeR|multidrug|baeR	0.999579884	59.3	221	260	1.62e-88	1	NA
Tub.31-k141_61536_2-3..1034	Tub.31	Probable	ACRB	3	1034	k141_61536_2	multidrug	gi:446414948:ref:WP_000492803.1:|FEATURES|acrB|multidrug|acrB	0.866212809	57.8	1051	1085	0	1	NA
Tub.31-k141_61536_2-3..1034	Tub.31	Potential_loser	ACRB	3	1034	k141_61536_2	aminoglycoside	undefined	0.126473146	57.8	1051	1085	0	1	NA
Tub.105-k141_400194_1-1..132	Tub.105	Probable	BLEO	1	132	k141_400194_1	glycopeptide	NC_002758.1119995.p01|FEATURES|bleO|glycopeptide|bleO	0.999959346	50	136	137	3.05e-43	1	NA
Tub.58-k141_166876_1-226..1125	Tub.58	Probable	RPOB2	226	1125	k141_166876_1	multidrug	BAD59497.1|FEATURES|rpoB2|multidrug|rpoB2	0.944120915	50.9	960	883	1.08e-307	1	NA
Tub.105-k141_153031_2-9..107	Tub.105	Potential	EMRE	9	107	k141_153031_2	aminoglycoside	undefined	0.34318076	50.5	99	81.6	6.23e-22	1	NA
Tub.105-k141_153031_2-9..107	Tub.105	Potential_loser	EMRE	9	107	k141_153031_2	peptide	undefined	0.242824902	50.5	99	81.6	6.23e-22	1	NA
Tub.104-k141_53804_1-4..131	Tub.104	Probable	ADP-RIBOSYLATING_TRANSFERASE_ARR	4	131	k141_53804_1	rifamycin	AF001493.1.orf0.gene.p01|FEATURES|ADP-ribosylating_transferase_arr|rifamycin|ADP-ribosylating_transferase_arr	0.999441445	58.6	128	160	3.45e-52	1	NA
Tub.59-k141_567901_2-12..1025	Tub.59	Potential	MDTB	12	1025	k141_567901_2	multidrug	gi:553863833:ref:WP_023138386.1:|FEATURES|mdtB|multidrug|mdtB	0.621609347	59.2	1045	1097	0	1	NA
Tub.59-k141_567901_2-12..1025	Tub.59	Potential_loser	MDTB	12	1025	k141_567901_2	aminocoumarin	gi:553863833:ref:WP_023138386.1:|FEATURES|mdtB|multidrug|mdtB	0.370726824	59.2	1045	1097	0	1	NA
Tub.1-k141_39745_2-1..127	Tub.1	Probable	GOLS	1	127	k141_39745_2	multidrug	NP_459349.1|FEATURES|golS|multidrug|golS	0.996833958	58.3	127	152	5.34e-49	1	NA
Tub.82-k141_303878_1-17..143	Tub.82	Probable	ADP-RIBOSYLATING_TRANSFERASE_ARR	17	143	k141_303878_1	rifamycin	AF001493.1.orf0.gene.p01|FEATURES|ADP-ribosylating_transferase_arr|rifamycin|ADP-ribosylating_transferase_arr	0.999635877	58.3	127	166	3.24e-54	1	NA
Tub.18-k141_37676_2-1..134	Tub.18	Probable	GOLS	1	134	k141_37676_2	multidrug	NP_459349.1|FEATURES|golS|multidrug|golS	0.995588525	53.7	134	134	8.15e-42	1	NA
Tub.70-k141_287359_1-8..81	Tub.70	Probable	TRUNCATED_PUTATIVE_RESPONSE_REGULATOR_ARLR	8	81	k141_287359_1	unclassified	NC_002745.3251084.p01|FEATURES|truncated_putative_response_regulator_ArlR|unclassified|truncated_putative_response_regulator_ArlR	0.907569824	51.4	74	77.8	4.05e-21	1	NA
Tub.104-k141_251169_1-3..472	Tub.104	Probable	RIFAMPIN_MONOOXYGENASE	3	472	k141_251169_1	rifamycin	gi:663760960:ref:WP_030535072.1:|FEATURES|rifampin_monooxygenase|rifamycin|rifampin_monooxygenase	0.999973576	67.1	471	658	2.38e-237	1	rifamycin antibiotic
Tub.85-k141_310616_2-3..117	Tub.85	Potential	TRUNCATED_PUTATIVE_RESPONSE_REGULATOR_ARLR	3	117	k141_310616_2	aminoglycoside	undefined	0.307159105	50.9	116	108	4.43e-32	1	NA
Tub.85-k141_310616_2-3..117	Tub.85	Potential_loser	TRUNCATED_PUTATIVE_RESPONSE_REGULATOR_ARLR	3	117	k141_310616_2	unclassified	NC_002745.1124086.p01|FEATURES|truncated_putative_response_regulator_ArlR|unclassified|truncated_putative_response_regulator_ArlR	0.277707737	50.9	116	108	4.43e-32	1	NA
Tub.59-k141_417249_2-4..223	Tub.59	Probable	KDPE	4	223	k141_417249_2	aminoglycoside	NP_415222.1|FEATURES|kdpE|aminoglycoside|kdpE	0.973489574	54.8	221	231	1.44e-77	1	NA
Tub.12-k141_264498_3-11..209	Tub.12	Probable	MEXL	11	209	k141_264498_3	multidrug	NP_252368.1|FEATURES|MexL|multidrug|MexL	0.994769086	51.8	199	186	6.11e-60	1	NA
Tub.58-k141_335520_1-1..126	Tub.58	Probable	GOLS	1	126	k141_335520_1	multidrug	NP_459349.1|FEATURES|golS|multidrug|golS	0.995747636	55.6	126	142	1.11e-44	1	NA
Tub.13-k141_81341_3-2..128	Tub.13	Potential	ADP-RIBOSYLATING_TRANSFERASE_ARR	2	128	k141_81341_3	multidrug	undefined	0.367857603	54.3	129	149	7.31e-48	1	NA
Tub.13-k141_81341_3-2..128	Tub.13	Potential_loser	ADP-RIBOSYLATING_TRANSFERASE_ARR	2	128	k141_81341_3	rifamycin	AF001493.1.orf0.gene.p01|FEATURES|ADP-ribosylating_transferase_arr|rifamycin|ADP-ribosylating_transferase_arr	0.296391331	54.3	129	149	7.31e-48	1	NA
Tub.26-k141_259654_2-12..210	Tub.26	Probable	CAMP-REGULATORY_PROTEIN	12	210	k141_259654_2	unclassified	gi:490367208:ref:WP_004246872.1:|FEATURES|cAMP-regulatory_protein|unclassified|cAMP-regulatory_protein	0.995420394	64.4	202	271	1.66e-93	1	NA
Tub.82-k141_20290_3-1..291	Tub.82	Probable	BACA	1	291	k141_20290_3	bacitracin	YP_584847|FEATURES|bacA|bacitracin|bacA	0.987874896	63.6	291	359	3.33e-126	1	NA
Tub.12-k141_225_1-1..109	Tub.12	Potential	RBPA	1	109	k141_225_1	peptide	undefined	0.260987213	52.3	109	111	1.75e-33	1	NA
Tub.12-k141_225_1-1..109	Tub.12	Potential_loser	RBPA	1	109	k141_225_1	multidrug	undefined	0.227101281	52.3	109	111	1.75e-33	1	NA
Tub.10-k141_150894_1-10..315	Tub.10	Probable	TETA(48)	10	315	k141_150894_1	tetracycline	APB03214.1|FEATURES|tetA(48)|tetracycline|tetA(48)	0.996987586	54.6	306	298	7.53e-101	1	NA
Tub.12-k141_520388_2-17..342	Tub.12	Probable	TETA(48)	17	342	k141_520388_2	tetracycline	APB03214.1|FEATURES|tetA(48)|tetracycline|tetA(48)	0.9974507	60.7	326	366	4.33e-127	1	NA
Tub.31-k141_54556_3-12..404	Tub.31	Probable	ROSA	12	404	k141_54556_3	fosmidomycin	ZP_04612558|FEATURES|rosA|fosmidomycin|rosA	0.99726406	56.6	394	417	2.62e-145	1	NA
Tub.31-k141_692859_4-17..404	Tub.31	Probable	ROSA	17	404	k141_692859_4	fosmidomycin	YP_001477378|FEATURES|rosA|fosmidomycin|rosA	0.997884001	56.1	392	439	5.14e-154	1	NA
Tub.31-k141_725747_1-25..341	Tub.31	Potential	ROSA	25	341	k141_725747_1	peptide	undefined	0.342140377	75.7	317	462	8.39e-165	1	NA
Tub.31-k141_725747_1-25..341	Tub.31	Potential_loser	ROSA	25	341	k141_725747_1	multidrug	undefined	0.175614549	75.7	317	462	8.39e-165	1	NA
Tub.85-k141_570656_1-19..208	Tub.85	Probable	MEXL	19	208	k141_570656_1	multidrug	NP_252368.1|FEATURES|MexL|multidrug|MexL	0.99437874	52.6	190	191	8.16e-62	1	NA
Tub.31-k141_410290_1-12..499	Tub.31	Probable	EMRB	12	499	k141_410290_1	multidrug	CP001138.1.gene2906.p01|FEATURES|emrB|multidrug|emrB	0.999425173	52.6	489	475	4.05e-165	1	NA
Tub.58-k141_596538_2-19..388	Tub.58	Potential	EMRA	19	388	k141_596538_2	multidrug	gi:647264872:ref:WP_025712751.1:|FEATURES|emrA|multidrug|emrA	0.469585338	50.3	370	320	1.52e-107	1	NA
Tub.58-k141_596538_2-19..388	Tub.58	Potential_loser	EMRA	19	388	k141_596538_2	peptide	undefined	0.118843067	50.3	370	320	1.52e-107	1	NA
Tub.4-k141_769405_1-17..81	Tub.4	Potential	TRUNCATED_PUTATIVE_RESPONSE_REGULATOR_ARLR	17	81	k141_769405_1	unclassified	NC_002745.3251084.p01|FEATURES|truncated_putative_response_regulator_ArlR|unclassified|truncated_putative_response_regulator_ArlR	0.736613279	50	66	62.4	2.83e-15	1	NA
Tub.4-k141_769405_1-17..81	Tub.4	Potential_loser	TRUNCATED_PUTATIVE_RESPONSE_REGULATOR_ARLR	17	81	k141_769405_1	peptide	undefined	0.126919951	50	66	62.4	2.83e-15	1	NA
Tub.31-k141_269259_2-7..1029	Tub.31	Potential	MUXB	7	1029	k141_269259_2	multidrug	NP_251217.1|FEATURES|MuxB|multidrug|MuxB	0.358293059	50	1066	923	0	1	NA
Tub.31-k141_269259_2-7..1029	Tub.31	Potential_loser	MUXB	7	1029	k141_269259_2	peptide	undefined	0.170334478	50	1066	923	0	1	NA
Tub.51-k141_266412_4-1..271	Tub.51	Probable	BACA	1	271	k141_266412_4	bacitracin	NP_840140|FEATURES|bacA|bacitracin|bacA	0.987979656	75.7	272	420	1.98e-150	1	NA
Tub.83-k141_444594_4-9..310	Tub.83	Probable	PMRF	9	310	k141_444594_4	peptide	AAC75314.1|FEATURES|PmrF|peptide|PmrF	0.920752162	51.8	303	300	1.72e-101	1	NA
Tub.34-k141_415856_1-14..102	Tub.34	Potential	RBPA	14	102	k141_415856_1	peptide	undefined	0.25283093	58.7	92	99	9.82e-29	1	NA
Tub.34-k141_415856_1-14..102	Tub.34	Potential_loser	RBPA	14	102	k141_415856_1	multidrug	undefined	0.224015144	58.7	92	99	9.82e-29	1	NA
Tub.99-k141_161180_1-17..133	Tub.99	Probable	ADP-RIBOSYLATING_TRANSFERASE_ARR	17	133	k141_161180_1	rifamycin	AF001493.1.orf0.gene.p01|FEATURES|ADP-ribosylating_transferase_arr|rifamycin|ADP-ribosylating_transferase_arr	0.998235093	57.3	117	152	5.40e-49	1	NA
Tub.107-k141_128697_2-7..81	Tub.107	Probable	TRUNCATED_PUTATIVE_RESPONSE_REGULATOR_ARLR	7	81	k141_128697_2	unclassified	NC_002745.3251084.p01|FEATURES|truncated_putative_response_regulator_ArlR|unclassified|truncated_putative_response_regulator_ArlR	0.865213485	50	76	73.2	2.02e-17	1	NA
Tub.107-k141_128697_2-7..81	Tub.107	Potential_loser	TRUNCATED_PUTATIVE_RESPONSE_REGULATOR_ARLR	7	81	k141_128697_2	peptide	undefined	0.0692325	50	76	73.2	2.02e-17	1	NA
Tub.31-k141_23986_2-124..1063	Tub.31	Probable	MTRD	124	1063	k141_23986_2	multidrug	NP_274718.1|FEATURES|mtrD|multidrug|mtrD	0.972395439	58	942	1013	0	1	NA
Tub.85-k141_446691_3-1..271	Tub.85	Potential	BACA	1	271	k141_446691_3	peptide	undefined	0.272360899	52.7	273	243	1.02e-80	1	NA
Tub.85-k141_446691_3-1..271	Tub.85	Potential_loser	BACA	1	271	k141_446691_3	multidrug	undefined	0.224733419	52.7	273	243	1.02e-80	1	NA
Tub.83-k141_123160_1-18..313	Tub.83	Probable	TETA(48)	18	313	k141_123160_1	tetracycline	APB03214.1|FEATURES|tetA(48)|tetracycline|tetA(48)	0.996442915	53	298	287	9.84e-97	1	NA
Tub.83-k141_339878_1-5..78	Tub.83	Probable	TRUNCATED_PUTATIVE_RESPONSE_REGULATOR_ARLR	5	78	k141_339878_1	unclassified	NC_002745.3251084.p01|FEATURES|truncated_putative_response_regulator_ArlR|unclassified|truncated_putative_response_regulator_ArlR	0.863414894	50.7	75	77.4	1.95e-19	1	NA
Tub.83-k141_339878_1-5..78	Tub.83	Potential_loser	TRUNCATED_PUTATIVE_RESPONSE_REGULATOR_ARLR	5	78	k141_339878_1	peptide	undefined	0.070095245	50.7	75	77.4	1.95e-19	1	NA
Tub.16-k141_674723_1-5..163	Tub.16	Potential	DFRA22	5	163	k141_674723_1	peptide	undefined	0.341713828	50.3	159	145	2.27e-45	1	NA
Tub.16-k141_674723_1-5..163	Tub.16	Potential_loser	DFRA22	5	163	k141_674723_1	multidrug	undefined	0.141965518	50.3	159	145	2.27e-45	1	NA
Tub.59-k141_407502_2-1..143	Tub.59	Probable	GOLS	1	143	k141_407502_2	multidrug	NP_459349.1|FEATURES|golS|multidrug|golS	0.997494948	55.5	146	152	2.84e-48	1	NA
Tub.51-k141_146469_2-5..222	Tub.51	Probable	KDPE	5	222	k141_146469_2	aminoglycoside	NP_415222.1|FEATURES|kdpE|aminoglycoside|kdpE	0.972647347	52.8	218	228	4.01e-76	1	NA
Tub.10-k141_190177_1-28..267	Tub.10	Potential	CLASS_A	28	267	k141_190177_1	multidrug	undefined	0.321046463	50.8	242	231	1.35e-75	1	NA
Tub.10-k141_190177_1-28..267	Tub.10	Potential_loser	CLASS_A	28	267	k141_190177_1	peptide	undefined	0.17413134	50.8	242	231	1.35e-75	1	NA
Tub.59-k141_376918_1-9..132	Tub.59	Potential	TRUNCATED_PUTATIVE_RESPONSE_REGULATOR_ARLR	9	132	k141_376918_1	unclassified	NC_002745.1124086.p01|FEATURES|truncated_putative_response_regulator_ArlR|unclassified|truncated_putative_response_regulator_ArlR	0.309517929	52.8	125	127	4.85e-39	1	NA
Tub.59-k141_376918_1-9..132	Tub.59	Potential_loser	TRUNCATED_PUTATIVE_RESPONSE_REGULATOR_ARLR	9	132	k141_376918_1	aminoglycoside	undefined	0.299864296	52.8	125	127	4.85e-39	1	NA
Tub.94-k141_556670_1-45..274	Tub.94	Potential	BACA	45	274	k141_556670_1	peptide	undefined	0.268317009	51.3	234	193	4.94e-62	1	NA
Tub.94-k141_556670_1-45..274	Tub.94	Potential_loser	BACA	45	274	k141_556670_1	multidrug	undefined	0.223458706	51.3	234	193	4.94e-62	1	NA
Tub.59-k141_183391_1-27..223	Tub.59	Probable	KDPE	27	223	k141_183391_1	aminoglycoside	NP_415222.1|FEATURES|kdpE|aminoglycoside|kdpE	0.952018852	50.3	199	192	3.03e-62	1	NA
Tub.58-k141_411839_2-3..224	Tub.58	Potential	MTRA	3	224	k141_411839_2	aminoglycoside	undefined	0.475148509	51.3	224	218	1.75e-71	1	NA
Tub.58-k141_411839_2-3..224	Tub.58	Potential_loser	MTRA	3	224	k141_411839_2	multidrug	CCP46065.1|FEATURES|mtrA|multidrug|mtrA	0.274519377	51.3	224	218	1.75e-71	1	NA
Tub.31-k141_35689_2-24..362	Tub.31	Probable	EFRB	24	362	k141_35689_2	multidrug	CDO61516.1|FEATURES|efrB|multidrug|efrB	0.858829418	51.9	339	348	7.46e-116	1	NA
Tub.31-k141_35689_2-24..362	Tub.31	Potential_loser	EFRB	24	362	k141_35689_2	aminoglycoside	undefined	0.073815627	51.9	339	348	7.46e-116	1	NA
Tub.18-k141_518236_1-1..145	Tub.18	Probable	GOLS	1	145	k141_518236_1	multidrug	NP_459349.1|FEATURES|golS|multidrug|golS	0.997775616	56.6	145	155	7.30e-50	1	NA
Tub.51-k141_2765_1-1..969	Tub.51	Potential	ACRB	1	969	k141_2765_1	multidrug	gi:727178815:ref:WP_033642107.1:|FEATURES|acrB|multidrug|acrB	0.67509568	55.8	970	1023	0	1	NA
Tub.51-k141_2765_1-1..969	Tub.51	Potential_loser	ACRB	1	969	k141_2765_1	aminoglycoside	undefined	0.250478255	55.8	970	1023	0	1	NA
Tub.64-k141_359121_1-1..147	Tub.64	Probable	GOLS	1	147	k141_359121_1	multidrug	NP_459349.1|FEATURES|golS|multidrug|golS	0.997775616	55.8	147	157	1.63e-50	1	NA
Tub.11-k141_154144_1-2..150	Tub.11	Probable	ARR-7	2	150	k141_154144_1	rifamycin	CAZ48628.1|FEATURES|arr-7|rifamycin|arr-7	0.99949099	54.4	149	180	1.20e-59	1	NA
Tub.31-k141_820492_22-8..520	Tub.31	Probable	EMRB-QACA_FAMILY_MAJOR_FACILITATOR_TRANSPORTER	8	520	k141_820492_22	multidrug	EU408347.1.gene6.p01|FEATURES|EmrB-QacA_family_major_facilitator_transporter|multidrug|EmrB-QacA_family_major_facilitator_transporter	0.970665058	57.9	513	592	1.58e-210	1	NA
Tub.18-k141_22087_1-1..109	Tub.18	Potential	RBPA	1	109	k141_22087_1	peptide	undefined	0.255928755	59.1	110	134	1.55e-42	1	NA
Tub.18-k141_22087_1-1..109	Tub.18	Potential_loser	RBPA	1	109	k141_22087_1	multidrug	undefined	0.225008369	59.1	110	134	1.55e-42	1	NA
Tub.30-k141_442055_1-5..222	Tub.30	Probable	KDPE	5	222	k141_442055_1	aminoglycoside	NP_415222.1|FEATURES|kdpE|aminoglycoside|kdpE	0.987008471	52.3	218	220	3.87e-73	1	NA
Tub.34-k141_404279_1-6..106	Tub.34	Potential	RBPA	6	106	k141_404279_1	peptide	undefined	0.255037806	53.9	102	108	5.26e-32	1	NA
Tub.34-k141_404279_1-6..106	Tub.34	Potential_loser	RBPA	6	106	k141_404279_1	multidrug	undefined	0.224739398	53.9	102	108	5.26e-32	1	NA
Tub.105-k141_457832_2-3..156	Tub.105	Probable	AAC(6')-I	3	156	k141_457832_2	aminoglycoside	AB116646.1.gene1.p01|FEATURES|aac(6')-I|aminoglycoside|aac(6')-I	0.988812996	51.5	163	150	1.92e-47	1	NA
Tub.4-k141_499887_2-1..455	Tub.4	Probable	TOLC	1	455	k141_499887_2	multidrug	gi:966433657:ref:WP_058474090.1:|FEATURES|TolC|multidrug|TolC	0.993367957	86.2	455	761	2.43e-279	1	NA
Tub.99-k141_126357_1-1..126	Tub.99	Probable	GOLS	1	126	k141_126357_1	multidrug	NP_459349.1|FEATURES|golS|multidrug|golS	0.997775616	54	126	139	1.34e-43	1	NA
Tub.58-k141_285381_2-4..222	Tub.58	Probable	KDPE	4	222	k141_285381_2	aminoglycoside	NP_415222.1|FEATURES|kdpE|aminoglycoside|kdpE	0.97261213	51.4	220	231	2.90e-77	1	NA
Tub.104-k141_206690_2-28..613	Tub.104	Probable	MULTIDRUG_ABC_TRANSPORTER	28	613	k141_206690_2	multidrug	gi:926294973:ref:WP_053631154.1:|FEATURES|multidrug_ABC_transporter|multidrug|multidrug_ABC_transporter	0.984947724	65	588	711	1.10e-254	1	NA
Tub.59-k141_678079_2-5..512	Tub.59	Probable	EMRB	5	512	k141_678079_2	multidrug	gi:908735593:ref:WP_049858177.1:|FEATURES|emrB|multidrug|emrB	0.998925362	53.3	508	532	1.43e-186	1	NA
Tub.4-k141_365143_2-3..78	Tub.4	Probable	TRUNCATED_PUTATIVE_RESPONSE_REGULATOR_ARLR	3	78	k141_365143_2	unclassified	NC_002745.3251084.p01|FEATURES|truncated_putative_response_regulator_ArlR|unclassified|truncated_putative_response_regulator_ArlR	0.803197015	51.3	76	69.3	1.78e-17	1	NA
Tub.4-k141_365143_2-3..78	Tub.4	Potential_loser	TRUNCATED_PUTATIVE_RESPONSE_REGULATOR_ARLR	3	78	k141_365143_2	peptide	undefined	0.097976526	51.3	76	69.3	1.78e-17	1	NA
Tub.18-k141_64864_1-2..128	Tub.18	Probable	GOLS	2	128	k141_64864_1	multidrug	NP_459349.1|FEATURES|golS|multidrug|golS	0.997492966	56.7	127	151	2.94e-48	1	NA
Tub.31-k141_24671_7-2..498	Tub.31	Potential	EMRB	2	498	k141_24671_7	peptide	undefined	0.477838368	50.4	500	502	1.18e-175	1	NA
Tub.31-k141_24671_7-2..498	Tub.31	Potential_loser	EMRB	2	498	k141_24671_7	fluoroquinolone	undefined	0.143122343	50.4	500	502	1.18e-175	1	NA
Tub.4-k141_853266_4-4..273	Tub.4	Probable	BACA	4	273	k141_853266_4	bacitracin	YP_002552549|FEATURES|bacA|bacitracin|bacA	0.994948779	75.2	270	396	3.39e-141	1	NA
Tub.94-k141_465165_1-13..149	Tub.94	Probable	AAC(3)-I	13	149	k141_465165_1	aminoglycoside	gi:639206639:ref:WP_024544906.1:|FEATURES|aac(3)-I|aminoglycoside|aac(3)-I	0.999973467	60.6	137	151	2.01e-48	1	NA
Tub.83-k141_569781_1-3..118	Tub.83	Potential	TRUNCATED_PUTATIVE_RESPONSE_REGULATOR_ARLR	3	118	k141_569781_1	aminoglycoside	undefined	0.305697503	50.8	120	109	7.33e-31	1	NA
Tub.83-k141_569781_1-3..118	Tub.83	Potential_loser	TRUNCATED_PUTATIVE_RESPONSE_REGULATOR_ARLR	3	118	k141_569781_1	unclassified	NC_002745.1124086.p01|FEATURES|truncated_putative_response_regulator_ArlR|unclassified|truncated_putative_response_regulator_ArlR	0.285524726	50.8	120	109	7.33e-31	1	NA
Tub.31-k141_498826_5-9..261	Tub.31	Probable	KASUGAMYCIN_RESISTANCE_PROTEIN_KSGA	9	261	k141_498826_5	aminoglycoside	A7FMC1|FEATURES|kasugamycin_resistance_protein_ksgA|aminoglycoside|kasugamycin_resistance_protein_ksgA	0.99999983	51.4	253	242	2.19e-80	1	NA
Tub.12-k141_166277_2-1..274	Tub.12	Probable	BACA	1	274	k141_166277_2	bacitracin	ZP_03552050|FEATURES|bacA|bacitracin|bacA	0.995267806	90.5	274	488	3.19e-177	1	NA
Tub.94-k141_407890_4-1..547	Tub.94	Probable	ROSB	1	547	k141_407890_4	fosmidomycin	gi:1001786599:ref:WP_061324791.1:|FEATURES|rosB|fosmidomycin|rosB	0.999855337	52.5	547	517	6.23e-180	1	NA
Tub.88-k141_334579_3-8..282	Tub.88	Potential	SUL4	8	282	k141_334579_3	multidrug	undefined	0.272036067	51.3	275	265	2.16e-89	1	NA
Tub.88-k141_334579_3-8..282	Tub.88	Potential_loser	SUL4	8	282	k141_334579_3	peptide	undefined	0.213850888	51.3	275	265	2.16e-89	1	NA
Tub.105-k141_148572_1-4..228	Tub.105	Potential	MTRA	4	228	k141_148572_1	aminoglycoside	undefined	0.584105267	76.9	225	344	8.27e-121	1	NA
Tub.105-k141_148572_1-4..228	Tub.105	Potential_loser	MTRA	4	228	k141_148572_1	multidrug	CCP46065.1|FEATURES|mtrA|multidrug|mtrA	0.262544505	76.9	225	344	8.27e-121	1	NA
Tub.82-k141_426357_1-16..174	Tub.82	Probable	AAC(6')-31	16	174	k141_426357_1	aminoglycoside	gi:950228232:ref:WP_057272322.1:|FEATURES|aac(6')-31|aminoglycoside|aac(6')-31	0.999904651	57.2	159	195	5.95e-65	1	NA
Tub.18-k141_44037_1-161..883	Tub.18	Probable	RPHB	161	883	k141_44037_1	rifamycin	APB03222.1|FEATURES|rphB|rifamycin|rphB	0.987829974	64.7	723	927	0	1	NA
Tub.16-k141_249606_1-22..154	Tub.16	Probable	AAC(3)-I	22	154	k141_249606_1	aminoglycoside	AJ511268.1.gene3.p01|FEATURES|aac(3)-I|aminoglycoside|aac(3)-I	0.999962795	63.2	133	171	3.63e-56	1	NA
Tub.18-k141_597663_3-1..130	Tub.18	Potential	DFRA3	1	130	k141_597663_3	peptide	undefined	0.293748802	51.1	133	129	9.63e-40	1	NA
Tub.18-k141_597663_3-1..130	Tub.18	Potential_loser	DFRA3	1	130	k141_597663_3	aminoglycoside	undefined	0.195116947	51.1	133	129	9.63e-40	1	NA
Tub.11-k141_98126_2-16..403	Tub.11	Probable	ROSA	16	403	k141_98126_2	fosmidomycin	YP_001401993|FEATURES|rosA|fosmidomycin|rosA	0.999235631	63.2	391	471	4.91e-166	1	NA
Tub.18-k141_766830_5-1..879	Tub.18	Probable	MEXF	1	879	k141_766830_5	multidrug	gi:491017944:ref:WP_004879650.1:|FEATURES|mexF|multidrug|mexF	0.999999513	64.8	879	1120	0	1	fluoroquinolone antibiotic; tetracycline antibiotic
Tub.59-k141_365391_1-18..402	Tub.59	Probable	ROSA	18	402	k141_365391_1	fosmidomycin	ZP_04631862|FEATURES|rosA|fosmidomycin|rosA	0.998931923	62.8	387	467	7.99e-165	1	NA
Tub.85-k141_230342_1-283..1154	Tub.85	Probable	RPOB2	283	1154	k141_230342_1	multidrug	BAD59497.1|FEATURES|rpoB2|multidrug|rpoB2	0.986839551	55.5	989	991	0	1	NA
Tub.4-k141_177393_1-3..78	Tub.4	Potential	TRUNCATED_PUTATIVE_RESPONSE_REGULATOR_ARLR	3	78	k141_177393_1	unclassified	NC_002745.3251084.p01|FEATURES|truncated_putative_response_regulator_ArlR|unclassified|truncated_putative_response_regulator_ArlR	0.797200954	51.3	76	68.6	1.13e-15	1	NA
Tub.4-k141_177393_1-3..78	Tub.4	Potential_loser	TRUNCATED_PUTATIVE_RESPONSE_REGULATOR_ARLR	3	78	k141_177393_1	peptide	undefined	0.100653035	51.3	76	68.6	1.13e-15	1	NA
Tub.110-k141_219667_1-19..224	Tub.110	Potential	MTRA	19	224	k141_219667_1	aminoglycoside	undefined	0.563599764	53.1	207	212	1.80e-69	1	NA
Tub.110-k141_219667_1-19..224	Tub.110	Potential_loser	MTRA	19	224	k141_219667_1	multidrug	CCP46065.1|FEATURES|mtrA|multidrug|mtrA	0.265559505	53.1	207	212	1.80e-69	1	NA
Tub.16-k141_211414_2-6..310	Tub.16	Potential	OLEC	6	310	k141_211414_2	tetracycline	undefined	0.8877965	50.2	305	281	2.67e-94	1	NA
Tub.16-k141_211414_2-6..310	Tub.16	Potential_loser	OLEC	6	310	k141_211414_2	MLS	AAA26793|FEATURES|oleC|MLS|oleC	0.071192961	50.2	305	281	2.67e-94	1	NA
Tub.11-k141_11615_5-7..81	Tub.11	Probable	TRUNCATED_PUTATIVE_RESPONSE_REGULATOR_ARLR	7	81	k141_11615_5	unclassified	NC_002745.3251084.p01|FEATURES|truncated_putative_response_regulator_ArlR|unclassified|truncated_putative_response_regulator_ArlR	0.893762936	52	75	80.5	2.67e-20	1	NA
Tub.11-k141_11615_5-7..81	Tub.11	Potential_loser	TRUNCATED_PUTATIVE_RESPONSE_REGULATOR_ARLR	7	81	k141_11615_5	peptide	undefined	0.055288383	52	75	80.5	2.67e-20	1	NA
Tub.104-k141_597205_2-7..224	Tub.104	Potential	MTRA	7	224	k141_597205_2	aminoglycoside	undefined	0.424204861	50.2	223	205	3.07e-67	1	NA
Tub.104-k141_597205_2-7..224	Tub.104	Potential_loser	MTRA	7	224	k141_597205_2	multidrug	CCP46065.1|FEATURES|mtrA|multidrug|mtrA	0.275935224	50.2	223	205	3.07e-67	1	NA
Tub.94-k141_341017_1-33..361	Tub.94	Probable	EFRB	33	361	k141_341017_1	multidrug	CDO61516.1|FEATURES|efrB|multidrug|efrB	0.858829418	51	337	327	9.28e-111	1	NA
Tub.94-k141_341017_1-33..361	Tub.94	Potential_loser	EFRB	33	361	k141_341017_1	aminoglycoside	undefined	0.073815627	51	337	327	9.28e-111	1	NA
Tub.88-k141_54049_4-3..1025	Tub.88	Potential	ACRB	3	1025	k141_54049_4	multidrug	gi:446414955:ref:WP_000492810.1:|FEATURES|acrB|multidrug|acrB	0.70680238	57	1044	1092	0	1	NA
Tub.88-k141_54049_4-3..1025	Tub.88	Potential_loser	ACRB	3	1025	k141_54049_4	aminoglycoside	undefined	0.231274506	57	1044	1092	0	1	NA
Tub.18-k141_535245_2-6..143	Tub.18	Probable	ADP-RIBOSYLATING_TRANSFERASE_ARR	6	143	k141_535245_2	rifamycin	AF001493.1.orf0.gene.p01|FEATURES|ADP-ribosylating_transferase_arr|rifamycin|ADP-ribosylating_transferase_arr	0.999601198	60.1	138	177	2.33e-58	1	NA
Tub.18-k141_549549_1-2..117	Tub.18	Potential	ADP-RIBOSYLATING_TRANSFERASE_ARR	2	117	k141_549549_1	multidrug	undefined	0.37410118	79.3	116	198	3.76e-67	1	NA
Tub.18-k141_549549_1-2..117	Tub.18	Potential_loser	ADP-RIBOSYLATING_TRANSFERASE_ARR	2	117	k141_549549_1	rifamycin	AL939114.1.orf1.gene.p01|FEATURES|ADP-ribosylating_transferase_arr|rifamycin|ADP-ribosylating_transferase_arr	0.187235663	79.3	116	198	3.76e-67	1	NA
Tub.58-k141_382150_2-33..374	Tub.58	Probable	MEXE	33	374	k141_382150_2	multidrug	gi:696364907:ref:WP_032939988.1:|FEATURES|mexE|multidrug|mexE	0.99179081	50.3	346	295	1.65e-96	1	NA
Tub.4-k141_932865_1-1..112	Tub.4	Potential	RBPA	1	112	k141_932865_1	peptide	undefined	0.257449706	51.3	113	114	7.91e-32	1	NA
Tub.4-k141_932865_1-1..112	Tub.4	Potential_loser	RBPA	1	112	k141_932865_1	multidrug	undefined	0.22525133	51.3	113	114	7.91e-32	1	NA
Tub.58-k141_42111_7-1..1046	Tub.58	Probable	MEXF	1	1046	k141_42111_7	multidrug	gi:505289664:ref:WP_015476766.1:|FEATURES|mexF|multidrug|mexF	0.993517423	66.8	1047	1320	0	1	fluoroquinolone antibiotic; tetracycline antibiotic
Tub.12-k141_270760_1-7..150	Tub.12	Probable	ARR-4	7	150	k141_270760_1	rifamycin	ABV26705.1|FEATURES|arr-4|rifamycin|arr-4	0.999742272	59.7	144	194	4.49e-65	1	NA
Tub.59-k141_499330_2-1..224	Tub.59	Probable	KDPE	1	224	k141_499330_2	aminoglycoside	NP_415222.1|FEATURES|kdpE|aminoglycoside|kdpE	0.988194436	62.6	227	296	5.92e-103	1	NA
Tub.59-k141_435155_1-5..513	Tub.59	Probable	EMRB	5	513	k141_435155_1	multidrug	gi:828164785:ref:WP_047255785.1:|FEATURES|emrB|multidrug|emrB	0.991784948	51.8	512	515	1.75e-180	1	NA
Tub.12-k141_407604_3-1..393	Tub.12	Probable	TETA	1	393	k141_407604_3	tetracycline	gi:947880287:ref:WP_056540658.1:|FEATURES|tetA|tetracycline|tetA	0.999998257	57.8	393	445	1.24e-156	1	tetracycline antibiotic
Tub.83-k141_446249_1-3..119	Tub.83	Potential	TRUNCATED_PUTATIVE_RESPONSE_REGULATOR_ARLR	3	119	k141_446249_1	unclassified	NC_002745.1124086.p01|FEATURES|truncated_putative_response_regulator_ArlR|unclassified|truncated_putative_response_regulator_ArlR	0.303569279	50	118	115	2.78e-33	1	NA
Tub.83-k141_446249_1-3..119	Tub.83	Potential_loser	TRUNCATED_PUTATIVE_RESPONSE_REGULATOR_ARLR	3	119	k141_446249_1	aminoglycoside	undefined	0.301497731	50	118	115	2.78e-33	1	NA
Tub.82-k141_167768_2-7..315	Tub.82	Probable	PMRF	7	315	k141_167768_2	peptide	AAC75314.1|FEATURES|PmrF|peptide|PmrF	0.87584906	50.8	309	290	4.76e-98	1	NA
Tub.82-k141_167768_2-7..315	Tub.82	Potential_loser	PMRF	7	315	k141_167768_2	fosfomycin	undefined	0.026187096	50.8	309	290	4.76e-98	1	NA
Tub.107-k141_79921_1-9..81	Tub.107	Probable	TRUNCATED_PUTATIVE_RESPONSE_REGULATOR_ARLR	9	81	k141_79921_1	unclassified	NC_002745.3251084.p01|FEATURES|truncated_putative_response_regulator_ArlR|unclassified|truncated_putative_response_regulator_ArlR	0.907569824	53.4	73	81.3	1.35e-20	1	NA
Tub.88-k141_190740_2-1..163	Tub.88	Potential	CAMP-REGULATORY_PROTEIN	1	163	k141_190740_2	unclassified	CP004022.1.gene2827.p01|FEATURES|cAMP-regulatory_protein|unclassified|cAMP-regulatory_protein	0.376124476	50.6	168	174	1.16e-55	1	NA
Tub.88-k141_190740_2-1..163	Tub.88	Potential_loser	CAMP-REGULATORY_PROTEIN	1	163	k141_190740_2	aminoglycoside	undefined	0.185824666	50.6	168	174	1.16e-55	1	NA
Tub.83-k141_335839_2-7..143	Tub.83	Probable	ADP-RIBOSYLATING_TRANSFERASE_ARR	7	143	k141_335839_2	rifamycin	AF001493.1.orf0.gene.p01|FEATURES|ADP-ribosylating_transferase_arr|rifamycin|ADP-ribosylating_transferase_arr	0.999662088	75.9	137	226	1.08e-77	1	NA
Tub.31-k141_270697_1-14..81	Tub.31	Potential	TRUNCATED_PUTATIVE_RESPONSE_REGULATOR_ARLR	14	81	k141_270697_1	unclassified	NC_002745.3251084.p01|FEATURES|truncated_putative_response_regulator_ArlR|unclassified|truncated_putative_response_regulator_ArlR	0.790502573	50	68	70.5	2.05e-18	1	NA
Tub.31-k141_270697_1-14..81	Tub.31	Potential_loser	TRUNCATED_PUTATIVE_RESPONSE_REGULATOR_ARLR	14	81	k141_270697_1	peptide	undefined	0.103620275	50	68	70.5	2.05e-18	1	NA
Tub.51-k141_126272_1-23..384	Tub.51	Potential	OQXA	23	384	k141_126272_1	multidrug	YP_001693237.1|FEATURES|oqxA|multidrug|oqxA	0.705539117	64.6	362	446	2.70e-157	1	NA
Tub.51-k141_126272_1-23..384	Tub.51	Potential_loser	OQXA	23	384	k141_126272_1	peptide	undefined	0.062720494	64.6	362	446	2.70e-157	1	NA
Tub.83-k141_25685_8-1..1025	Tub.83	Potential	MUXB	1	1025	k141_25685_8	aminocoumarin	NP_251217.1|FEATURES|MuxB|multidrug|MuxB	0.726156411	64.6	1025	1250	0	1	NA
Tub.83-k141_25685_8-1..1025	Tub.83	Potential_loser	MUXB	1	1025	k141_25685_8	multidrug	NP_251217.1|FEATURES|MuxB|multidrug|MuxB	0.249490909	64.6	1025	1250	0	1	NA
Tub.105-k141_452490_2-3..107	Tub.105	Potential	EMRE	3	107	k141_452490_2	aminoglycoside	undefined	0.355838805	50.5	105	91.7	7.16e-26	1	NA
Tub.105-k141_452490_2-3..107	Tub.105	Potential_loser	EMRE	3	107	k141_452490_2	peptide	undefined	0.239358755	50.5	105	91.7	7.16e-26	1	NA
Tub.85-k141_204001_8-5..224	Tub.85	Probable	KDPE	5	224	k141_204001_8	aminoglycoside	NP_415222.1|FEATURES|kdpE|aminoglycoside|kdpE	0.988194436	64.3	224	305	2.38e-106	1	NA
Tub.105-k141_186846_3-2..150	Tub.105	Probable	AAC(6')-I	2	150	k141_186846_3	aminoglycoside	AB116646.1.gene1.p01|FEATURES|aac(6')-I|aminoglycoside|aac(6')-I	0.989469983	50.3	157	152	3.08e-48	1	NA
Tub.31-k141_90839_2-20..223	Tub.31	Probable	KDPE	20	223	k141_90839_2	aminoglycoside	NP_415222.1|FEATURES|kdpE|aminoglycoside|kdpE	0.946494642	51	206	191	7.67e-62	1	NA
Tub.82-k141_30820_6-13..466	Tub.82	Probable	OPRA	13	466	k141_30820_6	multidrug	BAM10414.1|FEATURES|OprA|multidrug|OprA	0.968626711	50.4	460	389	2.37e-132	1	NA
Tub.82-k141_349258_4-6..500	Tub.82	Probable	EMRB	6	500	k141_349258_4	multidrug	gi:835413504:ref:WP_047499457.1:|FEATURES|emrB|multidrug|emrB	0.997104355	51.7	495	493	1.62e-171	1	NA
Tub.82-k141_90035_6-1..1057	Tub.82	Probable	MEXF	1	1057	k141_90035_6	multidrug	gi:504907940:ref:WP_015095042.1:|FEATURES|mexF|multidrug|mexF	0.9999996	68.9	1057	1375	0	1	fluoroquinolone antibiotic; tetracycline antibiotic
Tub.34-k141_711133_2-1..103	Tub.34	Potential	RBPA	1	103	k141_711133_2	peptide	undefined	0.252348417	51	104	97.1	1.02e-27	1	NA
Tub.34-k141_711133_2-1..103	Tub.34	Potential_loser	RBPA	1	103	k141_711133_2	multidrug	undefined	0.223883621	51	104	97.1	1.02e-27	1	NA
Tub.51-k141_278888_2-6..225	Tub.51	Potential	MTRA	6	225	k141_278888_2	aminoglycoside	undefined	0.504050603	55.9	222	239	2.91e-80	1	NA
Tub.51-k141_278888_2-6..225	Tub.51	Potential_loser	MTRA	6	225	k141_278888_2	multidrug	CCP46065.1|FEATURES|mtrA|multidrug|mtrA	0.272350757	55.9	222	239	2.91e-80	1	NA
Tub.4-k141_9261_1-9..265	Tub.4	Probable	BACA	9	265	k141_9261_1	bacitracin	ZP_04577926|FEATURES|bacA|bacitracin|bacA	0.985853462	64	258	331	2.15e-115	1	NA
Tub.11-k141_133097_2-21..492	Tub.11	Potential	PUROMYCIN_RESISTANCE_PROTEIN	21	492	k141_133097_2	nucleoside	P42670|FEATURES|puromycin_resistance_protein|nucleoside|puromycin_resistance_protein	0.6686821	52	479	451	7.47e-155	1	NA
Tub.11-k141_133097_2-21..492	Tub.11	Potential_loser	PUROMYCIN_RESISTANCE_PROTEIN	21	492	k141_133097_2	multidrug	undefined	0.216556419	52	479	451	7.47e-155	1	NA
Tub.16-k141_471792_3-29..525	Tub.16	Probable	MULTIDRUG_ABC_TRANSPORTER	29	525	k141_471792_3	multidrug	gi:917166849:ref:WP_051773561.1:|FEATURES|multidrug_ABC_transporter|multidrug|multidrug_ABC_transporter	0.997448188	56.3	499	523	6.44e-182	1	NA
Tub.104-k141_409375_3-40..1150	Tub.104	Probable	RPOB2	40	1150	k141_409375_3	multidrug	BAD59497.1|FEATURES|rpoB2|multidrug|rpoB2	0.980276603	58.4	1141	1241	0	1	NA
Tub.83-k141_424617_1-16..238	Tub.83	Probable	SUL2	16	238	k141_424617_1	sulfonamide	gi:916164813:ref:WP_050960181.1:|FEATURES|sul2|sulfonamide|sul2	0.982803377	59	229	242	5.13e-81	1	NA
Tub.83-k141_725306_2-8..81	Tub.83	Probable	TRUNCATED_PUTATIVE_RESPONSE_REGULATOR_ARLR	8	81	k141_725306_2	unclassified	NC_002745.3251084.p01|FEATURES|truncated_putative_response_regulator_ArlR|unclassified|truncated_putative_response_regulator_ArlR	0.854153707	51.4	74	75.9	1.70e-18	1	NA
Tub.83-k141_725306_2-8..81	Tub.83	Potential_loser	TRUNCATED_PUTATIVE_RESPONSE_REGULATOR_ARLR	8	81	k141_725306_2	peptide	undefined	0.074514685	51.4	74	75.9	1.70e-18	1	NA
Tub.10-k141_573645_1-4..195	Tub.10	Potential	MTRA	4	195	k141_573645_1	aminoglycoside	undefined	0.532706386	72.4	192	276	9.26e-96	1	NA
Tub.10-k141_573645_1-4..195	Tub.10	Potential_loser	MTRA	4	195	k141_573645_1	multidrug	CCP46065.1|FEATURES|mtrA|multidrug|mtrA	0.269577269	72.4	192	276	9.26e-96	1	NA
Tub.23-k141_85971_2-2..287	Tub.23	Potential	EMRA	2	287	k141_85971_2	multidrug	gi:838616135:gb:KLW00339.1:|FEATURES|emrA|multidrug|emrA	0.332992199	50	286	257	5.14e-84	1	NA
Tub.23-k141_85971_2-2..287	Tub.23	Potential_loser	EMRA	2	287	k141_85971_2	peptide	undefined	0.170137349	50	286	257	5.14e-84	1	NA
Tub.31-k141_280619_6-1..1032	Tub.31	Potential	ACRB	1	1032	k141_280619_6	multidrug	gi:727178815:ref:WP_033642107.1:|FEATURES|acrB|multidrug|acrB	0.677161227	59	1032	1159	0	1	fluoroquinolone antibiotic; tetracycline antibiotic
Tub.31-k141_280619_6-1..1032	Tub.31	Potential_loser	ACRB	1	1032	k141_280619_6	aminoglycoside	undefined	0.135727905	59	1032	1159	0	1	fluoroquinolone antibiotic; tetracycline antibiotic
Tub.70-k141_8130_1-10..136	Tub.70	Probable	GOLS	10	136	k141_8130_1	multidrug	NP_459349.1|FEATURES|golS|multidrug|golS	0.997775616	51.2	127	126	1.49e-38	1	NA
Tub.1-k141_299365_3-2..228	Tub.1	Probable	TRANSCRIPTIONAL_REGULATORY_PROTEIN_CPXR_CPXR	2	228	k141_299365_3	unclassified	CP000647.1.gene4257.p01|FEATURES|transcriptional_regulatory_protein_CpxR_cpxR|unclassified|transcriptional_regulatory_protein_CpxR_cpxR	0.841908925	50	228	214	2.02e-70	1	NA
Tub.1-k141_299365_3-2..228	Tub.1	Potential_loser	TRANSCRIPTIONAL_REGULATORY_PROTEIN_CPXR_CPXR	2	228	k141_299365_3	aminoglycoside	undefined	0.055541182	50	228	214	2.02e-70	1	NA
Tub.85-k141_810914_1-21..247	Tub.85	Probable	BACA	21	247	k141_810914_1	bacitracin	ZP_04577926|FEATURES|bacA|bacitracin|bacA	0.952205894	75	228	329	2.00e-115	1	NA
Tub.105-k141_70163_2-3..128	Tub.105	Probable	BLEOMYCIN_RESISTANCE_PROTEIN	3	128	k141_70163_2	glycopeptide	gi:452754543:emb:CCP89775.1:|FEATURES|bleomycin_resistance_protein|glycopeptide|bleomycin_resistance_protein	0.999370601	51.2	129	140	6.41e-44	1	NA
Tub.64-k141_208949_1-1..128	Tub.64	Probable	GOLS	1	128	k141_208949_1	multidrug	NP_459349.1|FEATURES|golS|multidrug|golS	0.997710188	59.4	128	156	4.17e-50	1	NA
Tub.15-k141_166682_1-2..119	Tub.15	Potential	TRUNCATED_PUTATIVE_RESPONSE_REGULATOR_ARLR	2	119	k141_166682_1	unclassified	NC_002745.1124086.p01|FEATURES|truncated_putative_response_regulator_ArlR|unclassified|truncated_putative_response_regulator_ArlR	0.319376255	50	118	123	3.80e-37	1	NA
Tub.15-k141_166682_1-2..119	Tub.15	Potential_loser	TRUNCATED_PUTATIVE_RESPONSE_REGULATOR_ARLR	2	119	k141_166682_1	aminoglycoside	undefined	0.296999271	50	118	123	3.80e-37	1	NA
Tub.15-k141_78323_1-1..109	Tub.15	Potential	RBPA	1	109	k141_78323_1	peptide	undefined	0.262488561	60.9	110	144	2.53e-46	1	NA
Tub.15-k141_78323_1-1..109	Tub.15	Potential_loser	RBPA	1	109	k141_78323_1	multidrug	undefined	0.228180259	60.9	110	144	2.53e-46	1	NA
Tub.26-k141_446474_1-7..78	Tub.26	Potential	TRUNCATED_PUTATIVE_RESPONSE_REGULATOR_ARLR	7	78	k141_446474_1	unclassified	NC_002745.3251084.p01|FEATURES|truncated_putative_response_regulator_ArlR|unclassified|truncated_putative_response_regulator_ArlR	0.791468745	50	72	61.6	3.08e-14	1	NA
Tub.26-k141_446474_1-7..78	Tub.26	Potential_loser	TRUNCATED_PUTATIVE_RESPONSE_REGULATOR_ARLR	7	78	k141_446474_1	peptide	undefined	0.103193556	50	72	61.6	3.08e-14	1	NA
Tub.104-k141_119828_13-2..150	Tub.104	Probable	AAC(6')-I	2	150	k141_119828_13	aminoglycoside	AB116646.1.gene1.p01|FEATURES|aac(6')-I|aminoglycoside|aac(6')-I	0.98797584	50.3	157	152	3.08e-48	1	NA
Tub.85-k141_247873_2-5..214	Tub.85	Probable	VATF	5	214	k141_247873_2	MLS	AAF63432|FEATURES|vatF|MLS|vatF	0.967988958	53.8	210	246	1.14e-83	1	NA
Tub.34-k141_544243_2-7..139	Tub.34	Potential	DFRA22	7	139	k141_544243_2	peptide	undefined	0.341713828	51.9	133	133	1.18e-40	1	NA
Tub.34-k141_544243_2-7..139	Tub.34	Potential_loser	DFRA22	7	139	k141_544243_2	multidrug	undefined	0.141965518	51.9	133	133	1.18e-40	1	NA
Tub.88-k141_90878_1-1..277	Tub.88	Potential	BACA	1	277	k141_90878_1	peptide	undefined	0.273015893	51.1	278	239	2.25e-79	1	NA
Tub.88-k141_90878_1-1..277	Tub.88	Potential_loser	BACA	1	277	k141_90878_1	multidrug	undefined	0.225436924	51.1	278	239	2.25e-79	1	NA
Tub.30-k141_595831_1-7..224	Tub.30	Potential	MTRA	7	224	k141_595831_1	aminoglycoside	undefined	0.591164137	50	222	207	1.98e-67	1	NA
Tub.30-k141_595831_1-7..224	Tub.30	Potential_loser	MTRA	7	224	k141_595831_1	multidrug	CCP46065.1|FEATURES|mtrA|multidrug|mtrA	0.261294015	50	222	207	1.98e-67	1	NA
Tub.51-k141_110995_7-4..222	Tub.51	Probable	KDPE	4	222	k141_110995_7	aminoglycoside	NP_415222.1|FEATURES|kdpE|aminoglycoside|kdpE	0.977508667	52.5	219	242	1.34e-81	1	NA
Tub.64-k141_328546_1-4..80	Tub.64	Probable	TRUNCATED_PUTATIVE_RESPONSE_REGULATOR_ARLR	4	80	k141_328546_1	unclassified	NC_002745.3251084.p01|FEATURES|truncated_putative_response_regulator_ArlR|unclassified|truncated_putative_response_regulator_ArlR	0.893618953	50.6	77	79.7	2.89e-21	1	NA
Tub.64-k141_328546_1-4..80	Tub.64	Potential_loser	TRUNCATED_PUTATIVE_RESPONSE_REGULATOR_ARLR	4	80	k141_328546_1	peptide	undefined	0.055359505	50.6	77	79.7	2.89e-21	1	NA
Tub.31-k141_90317_1-9..387	Tub.31	Probable	AMPC	9	387	k141_90317_1	beta-lactam	AAF86692|FEATURES|ampC|beta-lactam|ampC	0.802195395	57.9	382	437	1.11e-153	1	NA
Tub.31-k141_90317_1-9..387	Tub.31	Potential_loser	AMPC	9	387	k141_90317_1	glycopeptide	undefined	0.077084133	57.9	382	437	1.11e-153	1	NA
Tub.82-k141_162953_11-1..651	Tub.82	Potential	ARNA	1	651	k141_162953_11	peptide	undefined	0.856391287	62.9	652	862	2.51e-312	1	NA
Tub.82-k141_162953_11-1..651	Tub.82	Potential_loser	ARNA	1	651	k141_162953_11	glycopeptide	undefined	0.053509103	62.9	652	862	2.51e-312	1	NA
Tub.94-k141_160972_2-5..222	Tub.94	Probable	KDPE	5	222	k141_160972_2	aminoglycoside	NP_415222.1|FEATURES|kdpE|aminoglycoside|kdpE	0.985054925	52.8	218	228	5.05e-76	1	NA
Tub.18-k141_254119_1-10..243	Tub.18	Probable	TLRB_CONFERRING_TYLOSIN_RESISTANCE	10	243	k141_254119_1	MLS	AAD12162.1|FEATURES|tlrB_conferring_tylosin_resistance|MLS|tlrB_conferring_tylosin_resistance	0.967966884	50.9	234	201	2.18e-64	1	NA
Tub.31-k141_195408_1-1..877	Tub.31	Potential	ACRF	1	877	k141_195408_1	peptide	undefined	0.252174385	50.3	896	787	8.21e-274	1	NA
Tub.31-k141_195408_1-1..877	Tub.31	Potential_loser	ACRF	1	877	k141_195408_1	aminoglycoside	undefined	0.240944755	50.3	896	787	8.21e-274	1	NA
Tub.18-k141_451131_1-1..146	Tub.18	Probable	GOLS	1	146	k141_451131_1	multidrug	NP_459349.1|FEATURES|golS|multidrug|golS	0.996168714	51.4	146	138	6.61e-43	1	NA
Tub.58-k141_246492_1-74..1122	Tub.58	Probable	RPOB2	74	1122	k141_246492_1	multidrug	BAD59497.1|FEATURES|rpoB2|multidrug|rpoB2	0.962721502	50.1	1059	988	0	1	NA
Tub.58-k141_269083_1-3..118	Tub.58	Potential	TRUNCATED_PUTATIVE_RESPONSE_REGULATOR_ARLR	3	118	k141_269083_1	unclassified	NC_002745.1124086.p01|FEATURES|truncated_putative_response_regulator_ArlR|unclassified|truncated_putative_response_regulator_ArlR	0.336712569	53.4	118	122	4.81e-36	1	NA
Tub.58-k141_269083_1-3..118	Tub.58	Potential_loser	TRUNCATED_PUTATIVE_RESPONSE_REGULATOR_ARLR	3	118	k141_269083_1	aminoglycoside	undefined	0.291615336	53.4	118	122	4.81e-36	1	NA
Tub.58-k141_618946_2-9..473	Tub.58	Potential	OPME	9	473	k141_618946_2	multidrug	BAE06009.1|FEATURES|opmE|multidrug|opmE	0.471926724	73.3	469	618	1.31e-221	1	NA
Tub.58-k141_618946_2-9..473	Tub.58	Potential_loser	OPME	9	473	k141_618946_2	aminoglycoside	undefined	0.16295828	73.3	469	618	1.31e-221	1	NA
Tub.58-k141_555466_1-71..1014	Tub.58	Potential	ACRB	71	1014	k141_555466_1	multidrug	YP_002240037|FEATURES|acrB|multidrug|acrB	0.713120996	68.5	944	1243	0	1	NA
Tub.58-k141_555466_1-71..1014	Tub.58	Potential_loser	ACRB	71	1014	k141_555466_1	aminoglycoside	undefined	0.200043598	68.5	944	1243	0	1	NA
Tub.16-k141_146248_2-13..101	Tub.16	Potential	ABES	13	101	k141_146248_2	aminoglycoside	undefined	0.391141888	50.6	89	96.7	5.97e-28	1	NA
Tub.16-k141_146248_2-13..101	Tub.16	Potential_loser	ABES	13	101	k141_146248_2	multidrug	NC_010410.6003348.p01|FEATURES|abeS|multidrug|abeS	0.309766934	50.6	89	96.7	5.97e-28	1	NA
Tub.85-k141_478733_3-1..505	Tub.85	Probable	QEPA	1	505	k141_478733_3	fluoroquinolone	gi:1039291348:ref:WP_064768701.1:|FEATURES|qepA|fluoroquinolone|qepA	0.985910137	50.2	508	438	2.06e-150	1	NA
Tub.85-k141_538281_2-8..280	Tub.85	Potential	BACA	8	280	k141_538281_2	peptide	undefined	0.272201629	51.1	274	241	4.36e-80	1	NA
Tub.85-k141_538281_2-8..280	Tub.85	Potential_loser	BACA	8	280	k141_538281_2	multidrug	undefined	0.224687571	51.1	274	241	4.36e-80	1	NA
Tub.51-k141_111236_1-1..126	Tub.51	Probable	GOLS	1	126	k141_111236_1	multidrug	NP_459349.1|FEATURES|golS|multidrug|golS	0.997567425	57.9	126	151	1.36e-48	1	NA
Tub.18-k141_166232_2-17..388	Tub.18	Potential	OQXA	17	388	k141_166232_2	multidrug	YP_001693237.1|FEATURES|oqxA|multidrug|oqxA	0.428329869	53.1	382	363	2.13e-124	1	NA
Tub.18-k141_166232_2-17..388	Tub.18	Potential_loser	OQXA	17	388	k141_166232_2	aminoglycoside	undefined	0.213048307	53.1	382	363	2.13e-124	1	NA
Tub.11-k141_220428_4-15..218	Tub.11	Probable	VATF	15	218	k141_220428_4	MLS	AAF63432|FEATURES|vatF|MLS|vatF	0.999999892	52.7	205	224	4.60e-75	1	NA
Tub.51-k141_104150_2-17..109	Tub.51	Potential	RBPA	17	109	k141_104150_2	peptide	undefined	0.257154224	52.6	95	89.7	4.13e-25	1	NA
Tub.51-k141_104150_2-17..109	Tub.51	Potential_loser	RBPA	17	109	k141_104150_2	multidrug	undefined	0.225205868	52.6	95	89.7	4.13e-25	1	NA
Tub.105-k141_558309_1-33..171	Tub.105	Probable	ERM(37)	33	171	k141_558309_1	MLS	CCP44758.1|FEATURES|Erm(37)|MLS|Erm(37)	0.999697088	52.4	147	131	4.61e-40	1	NA
Tub.105-k141_499383_15-38..1153	Tub.105	Probable	RPOB2	38	1153	k141_499383_15	multidrug	BAD59497.1|FEATURES|rpoB2|multidrug|rpoB2	0.990760674	67.1	1123	1459	0	1	NA
Tub.4-k141_801292_5-18..326	Tub.4	Probable	TETA(48)	18	326	k141_801292_5	tetracycline	APB03214.1|FEATURES|tetA(48)|tetracycline|tetA(48)	0.996838663	51.1	311	291	5.78e-98	1	NA
Tub.4-k141_353940_2-9..244	Tub.4	Probable	KASUGAMYCIN_RESISTANCE_PROTEIN_KSGA	9	244	k141_353940_2	aminoglycoside	ZP_02902942|FEATURES|kasugamycin_resistance_protein_ksgA|aminoglycoside|kasugamycin_resistance_protein_ksgA	0.999999737	50.4	236	219	6.43e-72	1	NA
Tub.85-k141_256606_28-1..126	Tub.85	Probable	GOLS	1	126	k141_256606_28	multidrug	NP_459349.1|FEATURES|golS|multidrug|golS	0.993605986	53.2	126	124	1.43e-37	1	NA
Tub.88-k141_156524_2-1..143	Tub.88	Probable	GOLS	1	143	k141_156524_2	multidrug	NP_459349.1|FEATURES|golS|multidrug|golS	0.997775616	56.2	146	155	3.50e-49	1	NA
Tub.11-k141_314613_1-1..196	Tub.11	Probable	KDPE	1	196	k141_314613_1	aminoglycoside	NP_415222.1|FEATURES|kdpE|aminoglycoside|kdpE	0.945340175	50.7	201	176	3.34e-56	1	NA
Tub.15-k141_281205_1-6..78	Tub.15	Probable	TRUNCATED_PUTATIVE_RESPONSE_REGULATOR_ARLR	6	78	k141_281205_1	unclassified	NC_002745.3251084.p01|FEATURES|truncated_putative_response_regulator_ArlR|unclassified|truncated_putative_response_regulator_ArlR	0.859230425	51.4	74	73.6	1.14e-17	1	NA
Tub.15-k141_281205_1-6..78	Tub.15	Potential_loser	TRUNCATED_PUTATIVE_RESPONSE_REGULATOR_ARLR	6	78	k141_281205_1	peptide	undefined	0.072097553	51.4	74	73.6	1.14e-17	1	NA
Tub.104-k141_332966_1-6..111	Tub.104	Potential	RBPA	6	111	k141_332966_1	peptide	undefined	0.252785424	52.3	107	108	7.55e-32	1	NA
Tub.104-k141_332966_1-6..111	Tub.104	Potential_loser	RBPA	6	111	k141_332966_1	multidrug	undefined	0.224003769	52.3	107	108	7.55e-32	1	NA
Tub.31-k141_410348_1-3..1018	Tub.31	Potential	MEXK	3	1018	k141_410348_1	triclosan	undefined	0.540559524	50.3	1031	976	0	1	NA
Tub.31-k141_410348_1-3..1018	Tub.31	Potential_loser	MEXK	3	1018	k141_410348_1	multidrug	AAG07064.1|FEATURES|MexK|multidrug|MexK	0.170752461	50.3	1031	976	0	1	NA
Tub.104-k141_248181_2-15..331	Tub.104	Probable	TETA(48)	15	331	k141_248181_2	tetracycline	APB03214.1|FEATURES|tetA(48)|tetracycline|tetA(48)	0.9000279	53.8	320	325	5.92e-111	1	NA
Tub.4-k141_759737_1-8..156	Tub.4	Probable	AAC(3)-I	8	156	k141_759737_1	aminoglycoside	AJ511268.1.gene3.p01|FEATURES|aac(3)-I|aminoglycoside|aac(3)-I	0.999999753	56.4	149	154	7.67e-49	1	NA
Tub.85-k141_170182_4-4..223	Tub.85	Probable	KDPE	4	223	k141_170182_4	aminoglycoside	NP_415222.1|FEATURES|kdpE|aminoglycoside|kdpE	0.978040192	54.5	224	252	1.15e-85	1	NA
Tub.16-k141_722456_2-6..143	Tub.16	Probable	ADP-RIBOSYLATING_TRANSFERASE_ARR	6	143	k141_722456_2	rifamycin	AF001493.1.orf0.gene.p01|FEATURES|ADP-ribosylating_transferase_arr|rifamycin|ADP-ribosylating_transferase_arr	0.9997136	77.5	138	237	2.17e-82	1	NA
Tub.18-k141_667261_3-1..150	Tub.18	Probable	AAC(3)-I	1	150	k141_667261_3	aminoglycoside	AJ511268.1.gene3.p01|FEATURES|aac(3)-I|aminoglycoside|aac(3)-I	0.999141076	51.3	150	143	5.30e-45	1	NA
Tub.12-k141_260760_1-1..223	Tub.12	Probable	KDPE	1	223	k141_260760_1	aminoglycoside	NP_415222.1|FEATURES|kdpE|aminoglycoside|kdpE	0.988194436	51.1	223	219	9.18e-73	1	NA
Tub.58-k141_173485_7-1..1030	Tub.58	Probable	ACRB	1	1030	k141_173485_7	multidrug	gi:495735716:ref:WP_008460295.1:|FEATURES|acrB|multidrug|acrB	0.984678299	56.7	1030	1108	0	1	NA
Tub.51-k141_34409_3-1..109	Tub.51	Potential	RBPA	1	109	k141_34409_3	peptide	undefined	0.262488561	53.2	109	108	4.07e-32	1	NA
Tub.51-k141_34409_3-1..109	Tub.51	Potential_loser	RBPA	1	109	k141_34409_3	multidrug	undefined	0.228180259	53.2	109	108	4.07e-32	1	NA
Tub.82-k141_352438_1-14..507	Tub.82	Probable	QEPA	14	507	k141_352438_1	fluoroquinolone	gi:1039004533:ref:WP_064760451.1:|FEATURES|qepA|fluoroquinolone|qepA	0.991697324	52.5	497	452	1.23e-155	1	NA
Tub.85-k141_134330_2-12..233	Tub.85	Probable	BAER	12	233	k141_134330_2	multidrug	YP_490321.1|FEATURES|baeR|multidrug|baeR	0.997590583	56.3	222	251	5.68e-85	1	NA
Tub.30-k141_359005_12-19..388	Tub.30	Potential	EMRA	19	388	k141_359005_12	multidrug	gi:695792093:ref:WP_032706315.1:|FEATURES|emrA|multidrug|emrA	0.401327022	50	370	311	7.43e-104	1	NA
Tub.30-k141_359005_12-19..388	Tub.30	Potential_loser	EMRA	19	388	k141_359005_12	peptide	undefined	0.148353491	50	370	311	7.43e-104	1	NA
Tub.30-k141_103987_1-2..153	Tub.30	Potential	TETC	2	153	k141_103987_1	aminoglycoside	undefined	0.370354401	50	154	137	2.59e-40	1	NA
Tub.30-k141_103987_1-2..153	Tub.30	Potential_loser	TETC	2	153	k141_103987_1	tetracycline	AY171578.gene.p01|FEATURES|tetC|tetracycline|tetC	0.221728097	50	154	137	2.59e-40	1	NA
Tub.16-k141_67873_7-3..1160	Tub.16	Probable	RPOB2	3	1160	k141_67873_7	multidrug	BAD59497.1|FEATURES|rpoB2|multidrug|rpoB2	0.995364685	78.9	1190	1860	0	1	NA
Tub.94-k141_292695_8-6..233	Tub.94	Probable	BAER	6	233	k141_292695_8	multidrug	YP_490321.1|FEATURES|baeR|multidrug|baeR	0.99971343	57.9	228	262	1.99e-89	1	NA
Tub.82-k141_10635_2-4..227	Tub.82	Potential	MTRA	4	227	k141_10635_2	aminoglycoside	undefined	0.58722412	74.6	224	343	1.65e-121	1	NA
Tub.82-k141_10635_2-4..227	Tub.82	Potential_loser	MTRA	4	227	k141_10635_2	multidrug	CCP46065.1|FEATURES|mtrA|multidrug|mtrA	0.261984108	74.6	224	343	1.65e-121	1	NA
Tub.31-k141_275150_2-3..121	Tub.31	Potential	TRUNCATED_PUTATIVE_RESPONSE_REGULATOR_ARLR	3	121	k141_275150_2	aminoglycoside	undefined	0.305507224	50	120	117	7.84e-34	1	NA
Tub.31-k141_275150_2-3..121	Tub.31	Potential_loser	TRUNCATED_PUTATIVE_RESPONSE_REGULATOR_ARLR	3	121	k141_275150_2	unclassified	NC_002745.1124086.p01|FEATURES|truncated_putative_response_regulator_ArlR|unclassified|truncated_putative_response_regulator_ArlR	0.286455536	50	120	117	7.84e-34	1	NA
Tub.85-k141_365118_6-1..230	Tub.85	Potential	TRANSCRIPTIONAL_REGULATORY_PROTEIN_CPXR_CPXR	1	230	k141_365118_6	unclassified	CP001138.1.gene4273.p01|FEATURES|transcriptional_regulatory_protein_CpxR_cpxR|unclassified|transcriptional_regulatory_protein_CpxR_cpxR	0.381603299	50	238	207	6.38e-68	1	NA
Tub.85-k141_365118_6-1..230	Tub.85	Potential_loser	TRANSCRIPTIONAL_REGULATORY_PROTEIN_CPXR_CPXR	1	230	k141_365118_6	peptide	undefined	0.246561499	50	238	207	6.38e-68	1	NA
Tub.94-k141_90049_1-9..264	Tub.94	Probable	KASUGAMYCIN_RESISTANCE_PROTEIN_KSGA	9	264	k141_90049_1	aminoglycoside	YP_001439344|FEATURES|kasugamycin_resistance_protein_ksgA|aminoglycoside|kasugamycin_resistance_protein_ksgA	0.999999907	52.7	256	249	2.81e-83	1	NA
Tub.83-k141_24437_8-7..150	Tub.83	Probable	ARR-4	7	150	k141_24437_8	rifamycin	ABV26705.1|FEATURES|arr-4|rifamycin|arr-4	0.999709609	56.9	144	185	1.27e-61	1	NA
Tub.30-k141_104518_1-3..833	Tub.30	Potential	ACRB	3	833	k141_104518_1	multidrug	gi:446414960:ref:WP_000492815.1:|FEATURES|acrB|multidrug|acrB	0.769953252	54.2	849	842	6.73e-296	1	NA
Tub.30-k141_104518_1-3..833	Tub.30	Potential_loser	ACRB	3	833	k141_104518_1	aminoglycoside	undefined	0.162651153	54.2	849	842	6.73e-296	1	NA
Tub.34-k141_37548_1-17..323	Tub.34	Probable	TETA(48)	17	323	k141_37548_1	tetracycline	APB03214.1|FEATURES|tetA(48)|tetracycline|tetA(48)	0.801186191	51.1	309	288	2.77e-96	1	NA
Tub.34-k141_37548_1-17..323	Tub.34	Potential_loser	TETA(48)	17	323	k141_37548_1	aminoglycoside	undefined	0.14669295	51.1	309	288	2.77e-96	1	NA
Tub.99-k141_177002_1-37..221	Tub.99	Potential	MTRA	37	221	k141_177002_1	aminoglycoside	undefined	0.422370175	50	190	172	5.80e-55	1	NA
Tub.99-k141_177002_1-37..221	Tub.99	Potential_loser	MTRA	37	221	k141_177002_1	multidrug	CCP46065.1|FEATURES|mtrA|multidrug|mtrA	0.275920727	50	190	172	5.80e-55	1	NA
Tub.12-k141_520388_3-19..269	Tub.12	Probable	TETB(48)	19	269	k141_520388_3	tetracycline	APB03215.1|FEATURES|tetB(48)|tetracycline|tetB(48)	0.996944743	52.2	251	258	1.29e-86	1	NA
Tub.58-k141_255901_1-5..210	Tub.58	Probable	CAMP-REGULATORY_PROTEIN	5	210	k141_255901_1	unclassified	gi:499731375:ref:WP_011412109.1:|FEATURES|cAMP-regulatory_protein|unclassified|cAMP-regulatory_protein	0.995203465	63.9	208	279	2.04e-96	1	NA
Tub.58-k141_44965_1-1..128	Tub.58	Probable	GOLS	1	128	k141_44965_1	multidrug	NP_459349.1|FEATURES|golS|multidrug|golS	0.992477007	51.6	128	126	1.44e-38	1	NA
Tub.18-k141_655722_2-15..200	Tub.18	Probable	VATF	15	200	k141_655722_2	MLS	AAF63432|FEATURES|vatF|MLS|vatF	0.999999996	53.5	187	209	1.26e-69	1	NA
Tub.26-k141_617830_8-9..208	Tub.26	Probable	MEXL	9	208	k141_617830_8	multidrug	NP_252368.1|FEATURES|MexL|multidrug|MexL	0.994769086	63	200	249	5.16e-85	1	NA
Tub.94-k141_250810_3-1..109	Tub.94	Potential	RBPA	1	109	k141_250810_3	peptide	undefined	0.262488561	54.1	109	113	4.26e-34	1	NA
Tub.94-k141_250810_3-1..109	Tub.94	Potential_loser	RBPA	1	109	k141_250810_3	multidrug	undefined	0.228180259	54.1	109	113	4.26e-34	1	NA
Tub.59-k141_160996_12-3..436	Tub.59	Probable	MEPA	3	436	k141_160996_12	multidrug	gi:313638554:gb:EFS03703.1:|FEATURES|mepA|multidrug|mepA	0.99592108	50.5	434	416	6.61e-143	1	NA
Tub.11-k141_268791_1-23..156	Tub.11	Probable	DFRA1	23	156	k141_268791_1	diaminopyrimidine	AAY43143|FEATURES|dfrA1|diaminopyrimidine|dfrA1	0.999997858	64.9	134	182	1.64e-60	1	NA
Tub.59-k141_744999_1-19..381	Tub.59	Probable	ROSA	19	381	k141_744999_1	fosmidomycin	YP_001605796|FEATURES|rosA|fosmidomycin|rosA	0.998682969	65.8	363	445	1.17e-156	1	NA
Tub.58-k141_502847_3-1..291	Tub.58	Probable	BACA	1	291	k141_502847_3	bacitracin	YP_584847|FEATURES|bacA|bacitracin|bacA	0.963577218	57.9	292	301	3.05e-103	1	NA
Tub.10-k141_432704_1-6..145	Tub.10	Probable	ARR-4	6	145	k141_432704_1	rifamycin	ABV26705.1|FEATURES|arr-4|rifamycin|arr-4	0.999746391	58.6	140	186	1.47e-61	1	NA
Tub.59-k141_380155_1-20..1014	Tub.59	Potential	MEXW	20	1014	k141_380155_1	peptide	undefined	0.229209469	50.3	998	914	0	1	NA
Tub.59-k141_380155_1-20..1014	Tub.59	Potential_loser	MEXW	20	1014	k141_380155_1	multidrug	YP_001186705|FEATURES|mexW|multidrug|mexW	0.193117121	50.3	998	914	0	1	NA
Tub.51-k141_33694_1-1..157	Tub.51	Probable	AAC(6')-II	1	157	k141_33694_1	aminoglycoside	M29695.1.gene2.p01|FEATURES|aac(6')-II|aminoglycoside|aac(6')-II	0.998673481	51.3	160	160	6.09e-51	1	NA
Tub.85-k141_738981_1-2..126	Tub.85	Potential	ADP-RIBOSYLATING_TRANSFERASE_ARR	2	126	k141_738981_1	multidrug	undefined	0.387687926	72.8	125	193	2.18e-64	1	NA
Tub.85-k141_738981_1-2..126	Tub.85	Potential_loser	ADP-RIBOSYLATING_TRANSFERASE_ARR	2	126	k141_738981_1	rifamycin	AF001493.1.orf0.gene.p01|FEATURES|ADP-ribosylating_transferase_arr|rifamycin|ADP-ribosylating_transferase_arr	0.23442663	72.8	125	193	2.18e-64	1	NA
Tub.83-k141_633128_11-4..321	Tub.83	Potential	OLEC	4	321	k141_633128_11	tetracycline	undefined	0.895580161	51.1	319	301	7.65e-102	1	NA
Tub.83-k141_633128_11-4..321	Tub.83	Potential_loser	OLEC	4	321	k141_633128_11	MLS	AAA26793|FEATURES|oleC|MLS|oleC	0.070394451	51.1	319	301	7.65e-102	1	NA
Tub.11-k141_126614_1-16..234	Tub.11	Potential	BACA	16	234	k141_126614_1	peptide	undefined	0.245078475	59.4	219	248	7.49e-84	1	NA
Tub.11-k141_126614_1-16..234	Tub.11	Potential_loser	BACA	16	234	k141_126614_1	tetracycline	undefined	0.178949209	59.4	219	248	7.49e-84	1	NA
Tub.31-k141_68468_49-4..375	Tub.31	Probable	ROSA	4	375	k141_68468_49	fosmidomycin	ZP_04623896|FEATURES|rosA|fosmidomycin|rosA	0.998786247	66.7	372	491	9.67e-175	1	NA
Tub.30-k141_729718_3-5..503	Tub.30	Potential	EMRB	5	503	k141_729718_3	diaminopyrimidine	undefined	0.329859529	54.2	500	516	3.49e-181	1	NA
Tub.30-k141_729718_3-5..503	Tub.30	Potential_loser	EMRB	5	503	k141_729718_3	antibacterial_free_fatty_acids	undefined	0.212182095	54.2	500	516	3.49e-181	1	NA
Tub.104-k141_128240_2-27..174	Tub.104	Probable	AAC(6')-I	27	174	k141_128240_2	aminoglycoside	AB164230.1.gene1.p01|FEATURES|aac(6')-I|aminoglycoside|aac(6')-I	0.999664437	54.2	155	169	1.32e-54	1	NA
Tub.30-k141_552090_2-37..225	Tub.30	Probable	KDPE	37	225	k141_552090_2	aminoglycoside	NP_415222.1|FEATURES|kdpE|aminoglycoside|kdpE	0.982306667	52.9	191	200	3.19e-65	1	NA
Tub.82-k141_314567_1-4..227	Tub.82	Potential	MTRA	4	227	k141_314567_1	aminoglycoside	undefined	0.572713975	70.5	224	325	4.37e-114	1	NA
Tub.82-k141_314567_1-4..227	Tub.82	Potential_loser	MTRA	4	227	k141_314567_1	multidrug	CCP46065.1|FEATURES|mtrA|multidrug|mtrA	0.2643384	70.5	224	325	4.37e-114	1	NA
Tub.105-k141_317822_1-2..156	Tub.105	Probable	AAC(6')-I	2	156	k141_317822_1	aminoglycoside	AB116646.1.gene1.p01|FEATURES|aac(6')-I|aminoglycoside|aac(6')-I	0.988468029	50	164	149	4.40e-47	1	NA
Tub.31-k141_315366_2-1..123	Tub.31	Potential	TRUNCATED_PUTATIVE_RESPONSE_REGULATOR_ARLR	1	123	k141_315366_2	aminoglycoside	undefined	0.305507224	51.6	124	117	8.08e-34	1	NA
Tub.31-k141_315366_2-1..123	Tub.31	Potential_loser	TRUNCATED_PUTATIVE_RESPONSE_REGULATOR_ARLR	1	123	k141_315366_2	unclassified	NC_002745.1124086.p01|FEATURES|truncated_putative_response_regulator_ArlR|unclassified|truncated_putative_response_regulator_ArlR	0.286455536	51.6	124	117	8.08e-34	1	NA
Tub.31-k141_117258_10-39..368	Tub.31	Potential	EMRA	39	368	k141_117258_10	peptide	gi:485748393:ref:WP_001374608.1:|FEATURES|emrA|multidrug|emrA	0.255269739	50.8	331	301	7.30e-100	1	NA
Tub.31-k141_117258_10-39..368	Tub.31	Potential_loser	EMRA	39	368	k141_117258_10	multidrug	gi:485748393:ref:WP_001374608.1:|FEATURES|emrA|multidrug|emrA	0.204971707	50.8	331	301	7.30e-100	1	NA
Tub.51-k141_134550_1-23..453	Tub.51	Probable	QEPA	23	453	k141_134550_1	fluoroquinolone	gi:1039004533:ref:WP_064760451.1:|FEATURES|qepA|fluoroquinolone|qepA	0.991697324	60.1	434	478	5.47e-167	1	NA
Tub.58-k141_331042_2-10..369	Tub.58	Potential	MTRC	10	369	k141_331042_2	peptide	undefined	0.380101195	51.2	363	313	8.78e-104	1	NA
Tub.58-k141_331042_2-10..369	Tub.58	Potential_loser	MTRC	10	369	k141_331042_2	aminoglycoside	undefined	0.195769239	51.2	363	313	8.78e-104	1	NA
Tub.94-k141_212277_3-9..260	Tub.94	Potential	KASUGAMYCIN_RESISTANCE_PROTEIN_KSGA	9	260	k141_212277_3	aminoglycoside	YP_002240485|FEATURES|kasugamycin_resistance_protein_ksgA|aminoglycoside|kasugamycin_resistance_protein_ksgA	0.632118596	51	257	224	1.43e-73	1	NA
Tub.94-k141_212277_3-9..260	Tub.94	Potential_loser	KASUGAMYCIN_RESISTANCE_PROTEIN_KSGA	9	260	k141_212277_3	multidrug	undefined	0.14359012	51	257	224	1.43e-73	1	NA
Tub.4-k141_187953_3-4..261	Tub.4	Potential	BACA	4	261	k141_187953_3	multidrug	undefined	0.574528029	51.9	260	242	1.59e-80	1	NA
Tub.4-k141_187953_3-4..261	Tub.4	Potential_loser	BACA	4	261	k141_187953_3	fluoroquinolone	undefined	0.200347509	51.9	260	242	1.59e-80	1	NA
Tub.31-k141_757061_2-11..210	Tub.31	Probable	CAMP-REGULATORY_PROTEIN	11	210	k141_757061_2	unclassified	gi:446164891:ref:WP_000242746.1:|FEATURES|cAMP-regulatory_protein|unclassified|cAMP-regulatory_protein	0.994726934	50.7	205	216	3.44e-71	1	NA
Tub.26-k141_366358_5-7..478	Tub.26	Potential	OPMB	7	478	k141_366358_5	multidrug	NP_251215.1|FEATURES|OpmB|multidrug|OpmB	0.715456745	61.9	473	531	2.77e-187	1	NA
Tub.26-k141_366358_5-7..478	Tub.26	Potential_loser	OPMB	7	478	k141_366358_5	aminoglycoside	undefined	0.100618757	61.9	473	531	2.77e-187	1	NA
Tub.58-k141_272211_35-1..277	Tub.58	Probable	BACA	1	277	k141_272211_35	bacitracin	YP_981592|FEATURES|bacA|bacitracin|bacA	0.994012745	93.9	277	509	1.67e-185	1	NA
Tub.18-k141_373022_1-7..150	Tub.18	Probable	ARR-4	7	150	k141_373022_1	rifamycin	ABV26705.1|FEATURES|arr-4|rifamycin|arr-4	0.999772548	58.3	144	186	8.87e-62	1	NA
Tub.88-k141_400685_2-1..153	Tub.88	Probable	AAC(3)-I	1	153	k141_400685_2	aminoglycoside	gi:639206639:ref:WP_024544906.1:|FEATURES|aac(3)-I|aminoglycoside|aac(3)-I	0.999999983	62.7	153	197	2.22e-66	1	NA
Tub.59-k141_735722_1-8..184	Tub.59	Probable	VATF	8	184	k141_735722_1	MLS	AAF63432|FEATURES|vatF|MLS|vatF	0.99999998	56.5	177	219	3.35e-73	1	NA
Tub.31-k141_69101_3-40..374	Tub.31	Probable	MEXE	40	374	k141_69101_3	multidrug	YP_406903|FEATURES|mexE|multidrug|mexE	0.996876148	50.7	337	282	1.54e-91	1	NA
Tub.31-k141_256638_7-3..210	Tub.31	Probable	CAMP-REGULATORY_PROTEIN	3	210	k141_256638_7	unclassified	gi:490367208:ref:WP_004246872.1:|FEATURES|cAMP-regulatory_protein|unclassified|cAMP-regulatory_protein	0.995356695	52.1	213	231	9.86e-78	1	NA
Tub.105-k141_203489_3-19..195	Tub.105	Probable	AAC(2')-I	19	195	k141_203489_3	aminoglycoside	U41471.1.gene1.p01|FEATURES|aac(2')-I|aminoglycoside|aac(2')-I	0.996192551	51.4	177	173	9.37e-56	1	NA
Tub.30-k141_71115_7-7..1029	Tub.30	Potential	MUXB	7	1029	k141_71115_7	aminocoumarin	undefined	0.544458808	52.6	1067	988	0	1	NA
Tub.30-k141_71115_7-7..1029	Tub.30	Potential_loser	MUXB	7	1029	k141_71115_7	multidrug	NP_251217.1|FEATURES|MuxB|multidrug|MuxB	0.442185457	52.6	1067	988	0	1	NA
Tub.58-k141_228942_1-1..110	Tub.58	Potential	QACH	1	110	k141_228942_1	aminoglycoside	AAZ42322.1|FEATURES|qacH|fluoroquinolone|qacH	0.425089328	55.5	110	128	3.20e-40	1	disinfecting agents and antiseptics
Tub.58-k141_228942_1-1..110	Tub.58	Potential_loser	QACH	1	110	k141_228942_1	peptide	undefined	0.1342177	55.5	110	128	3.20e-40	1	disinfecting agents and antiseptics
Tub.82-k141_262600_3-1..317	Tub.82	Probable	TETA(48)	1	317	k141_262600_3	tetracycline	APB03214.1|FEATURES|tetA(48)|tetracycline|tetA(48)	0.997088978	52.8	322	309	6.53e-105	1	NA
Tub.94-k141_117829_1-74..399	Tub.94	Probable	ROSA	74	399	k141_117829_1	fosmidomycin	ZP_04621517|FEATURES|rosA|fosmidomycin|rosA	0.998653251	66.3	326	422	7.44e-148	1	NA
Tub.51-k141_270196_3-5..209	Tub.51	Probable	VATB	5	209	k141_270196_3	MLS	YP_001785579|FEATURES|vatB|MLS|vatB	1	59.5	205	260	2.46e-89	1	NA
Tub.4-k141_513781_1-32..160	Tub.4	Potential	DFRA3	32	160	k141_513781_1	peptide	undefined	0.283522285	51.5	132	117	8.98e-35	1	NA
Tub.4-k141_513781_1-32..160	Tub.4	Potential_loser	DFRA3	32	160	k141_513781_1	aminoglycoside	undefined	0.200541264	51.5	132	117	8.98e-35	1	NA
Tub.83-k141_33595_1-2..143	Tub.83	Probable	ADP-RIBOSYLATING_TRANSFERASE_ARR	2	143	k141_33595_1	rifamycin	AF001493.1.orf0.gene.p01|FEATURES|ADP-ribosylating_transferase_arr|rifamycin|ADP-ribosylating_transferase_arr	0.998379315	73.2	142	221	1.36e-75	1	NA
Tub.59-k141_443824_1-4..159	Tub.59	Potential	CLASS_A	4	159	k141_443824_1	multidrug	undefined	0.271557587	60.1	158	194	1.08e-64	1	NA
Tub.59-k141_443824_1-4..159	Tub.59	Potential_loser	CLASS_A	4	159	k141_443824_1	peptide	undefined	0.216776897	60.1	158	194	1.08e-64	1	NA
Tub.1-k141_233730_1-7..276	Tub.1	Probable	BACA	7	276	k141_233730_1	bacitracin	ZP_04577926|FEATURES|bacA|bacitracin|bacA	0.992981455	64.7	272	337	8.85e-118	1	NA
Tub.18-k141_747643_1-4..148	Tub.18	Probable	AAC(3)-I	4	148	k141_747643_1	aminoglycoside	AAB20441|FEATURES|aac(3)-I|aminoglycoside|aac(3)-I	0.999999832	64.1	145	176	1.80e-57	1	NA
Tub.4-k141_619835_1-32..161	Tub.4	Potential	CAMP-REGULATORY_PROTEIN	32	161	k141_619835_1	peptide	undefined	0.239667665	65.4	130	176	4.48e-58	1	NA
Tub.4-k141_619835_1-32..161	Tub.4	Potential_loser	CAMP-REGULATORY_PROTEIN	32	161	k141_619835_1	aminoglycoside	undefined	0.198335943	65.4	130	176	4.48e-58	1	NA
Tub.104-k141_63194_2-10..1150	Tub.104	Probable	RPOB2	10	1150	k141_63194_2	multidrug	BAD59497.1|FEATURES|rpoB2|multidrug|rpoB2	0.978533154	57.4	1176	1216	0	1	NA
Tub.16-k141_116816_2-4..228	Tub.16	Potential	MTRA	4	228	k141_116816_2	aminoglycoside	undefined	0.552226693	75.1	229	334	6.14e-118	1	NA
Tub.16-k141_116816_2-4..228	Tub.16	Potential_loser	MTRA	4	228	k141_116816_2	multidrug	CCP46065.1|FEATURES|mtrA|multidrug|mtrA	0.267097192	75.1	229	334	6.14e-118	1	NA
Tub.31-k141_757830_4-1..128	Tub.31	Probable	GOLS	1	128	k141_757830_4	multidrug	NP_459349.1|FEATURES|golS|multidrug|golS	0.997204928	58.6	128	158	7.26e-51	1	NA
Tub.59-k141_490699_1-127..962	Tub.59	Potential	MDTC	127	962	k141_490699_1	multidrug	gi:446590225:ref:WP_000667571.1:|FEATURES|mdtC|multidrug|mdtC	0.604477161	55.4	838	844	5.95e-297	1	NA
Tub.59-k141_490699_1-127..962	Tub.59	Potential_loser	MDTC	127	962	k141_490699_1	aminocoumarin	gi:446590225:ref:WP_000667571.1:|FEATURES|mdtC|multidrug|mdtC	0.367516101	55.4	838	844	5.95e-297	1	NA
Tub.4-k141_109990_2-22..175	Tub.4	Probable	AAC(6')-I	22	175	k141_109990_2	aminoglycoside	AB164230.1.gene1.p01|FEATURES|aac(6')-I|aminoglycoside|aac(6')-I	0.988118495	50.6	168	166	3.34e-53	1	NA
Tub.10-k141_670750_1-322..1121	Tub.10	Probable	RPOB2	322	1121	k141_670750_1	multidrug	BAD59497.1|FEATURES|rpoB2|multidrug|rpoB2	0.995364685	51.9	937	896	2.20e-314	1	NA
Tub.64-k141_66888_1-20..343	Tub.64	Probable	ROSA	20	343	k141_66888_1	fosmidomycin	ZP_04621517|FEATURES|rosA|fosmidomycin|rosA	0.997788138	63.5	326	385	1.28e-133	1	NA
Tub.58-k141_298314_1-1..128	Tub.58	Probable	GOLS	1	128	k141_298314_1	multidrug	NP_459349.1|FEATURES|golS|multidrug|golS	0.99651105	57.8	128	148	4.46e-47	1	NA
Tub.88-k141_238253_32-7..78	Tub.88	Probable	TRUNCATED_PUTATIVE_RESPONSE_REGULATOR_ARLR	7	78	k141_238253_32	unclassified	NC_002745.3251084.p01|FEATURES|truncated_putative_response_regulator_ArlR|unclassified|truncated_putative_response_regulator_ArlR	0.907569824	50.7	73	74.7	5.55e-18	1	NA
Tub.18-k141_426045_2-1..112	Tub.18	Potential	RBPA	1	112	k141_426045_2	peptide	undefined	0.262488561	74.3	113	168	5.91e-56	1	NA
Tub.18-k141_426045_2-1..112	Tub.18	Potential_loser	RBPA	1	112	k141_426045_2	multidrug	undefined	0.228180259	74.3	113	168	5.91e-56	1	NA
Tub.85-k141_780184_1-3..119	Tub.85	Potential	TRUNCATED_PUTATIVE_RESPONSE_REGULATOR_ARLR	3	119	k141_780184_1	unclassified	NC_002745.1124086.p01|FEATURES|truncated_putative_response_regulator_ArlR|unclassified|truncated_putative_response_regulator_ArlR	0.31319892	51.7	118	120	3.92e-36	1	NA
Tub.85-k141_780184_1-3..119	Tub.85	Potential_loser	TRUNCATED_PUTATIVE_RESPONSE_REGULATOR_ARLR	3	119	k141_780184_1	aminoglycoside	undefined	0.29882179	51.7	118	120	3.92e-36	1	NA
Tub.51-k141_13103_1-1..274	Tub.51	Probable	BACA	1	274	k141_13103_1	bacitracin	YP_985461|FEATURES|bacA|bacitracin|bacA	0.99354602	74.2	275	399	2.50e-142	1	NA
Tub.34-k141_486513_1-8..226	Tub.34	Potential	MTRA	8	226	k141_486513_1	aminoglycoside	undefined	0.553971129	67.6	219	303	5.98e-106	1	NA
Tub.34-k141_486513_1-8..226	Tub.34	Potential_loser	MTRA	8	226	k141_486513_1	multidrug	CCP46065.1|FEATURES|mtrA|multidrug|mtrA	0.266858067	67.6	219	303	5.98e-106	1	NA
Tub.104-k141_345567_1-51..227	Tub.104	Potential	MTRA	51	227	k141_345567_1	aminoglycoside	undefined	0.391201404	50	184	177	1.13e-56	1	NA
Tub.104-k141_345567_1-51..227	Tub.104	Potential_loser	MTRA	51	227	k141_345567_1	multidrug	CCP46065.1|FEATURES|mtrA|multidrug|mtrA	0.274948216	50	184	177	1.13e-56	1	NA
Tub.4-k141_171928_2-5..143	Tub.4	Probable	ARR-4	5	143	k141_171928_2	rifamycin	ABV26705.1|FEATURES|arr-4|rifamycin|arr-4	0.999780389	59	139	183	1.03e-60	1	NA
Tub.58-k141_235939_1-30..224	Tub.58	Probable	KDPE	30	224	k141_235939_1	aminoglycoside	NP_415222.1|FEATURES|kdpE|aminoglycoside|kdpE	0.983305246	65.3	202	268	2.26e-92	1	NA
Tub.26-k141_88354_1-8..81	Tub.26	Probable	TRUNCATED_PUTATIVE_RESPONSE_REGULATOR_ARLR	8	81	k141_88354_1	unclassified	NC_002745.3251084.p01|FEATURES|truncated_putative_response_regulator_ArlR|unclassified|truncated_putative_response_regulator_ArlR	0.907569824	51.4	74	78.6	2.56e-20	1	NA
Tub.10-k141_591226_2-28..175	Tub.10	Probable	AAC(6')-I	28	175	k141_591226_2	aminoglycoside	AB164230.1.gene1.p01|FEATURES|aac(6')-I|aminoglycoside|aac(6')-I	0.987458787	52.9	157	159	1.05e-50	1	NA
Tub.31-k141_28973_1-3..118	Tub.31	Potential	TRUNCATED_PUTATIVE_RESPONSE_REGULATOR_ARLR	3	118	k141_28973_1	aminoglycoside	undefined	0.30430774	50.4	117	119	6.24e-32	1	NA
Tub.31-k141_28973_1-3..118	Tub.31	Potential_loser	TRUNCATED_PUTATIVE_RESPONSE_REGULATOR_ARLR	3	118	k141_28973_1	unclassified	NC_002745.1124086.p01|FEATURES|truncated_putative_response_regulator_ArlR|unclassified|truncated_putative_response_regulator_ArlR	0.292035181	50.4	117	119	6.24e-32	1	NA
Tub.82-k141_171440_2-9..276	Tub.82	Probable	CHRB	9	276	k141_171440_2	MLS	AAS79458.1|FEATURES|chrB|MLS|chrB	0.984954881	50.6	271	254	1.14e-84	1	NA
Tub.12-k141_217505_1-11..501	Tub.12	Potential	EMRB	11	501	k141_217505_1	peptide	undefined	0.342985462	51	492	489	3.11e-170	1	NA
Tub.12-k141_217505_1-11..501	Tub.12	Potential_loser	EMRB	11	501	k141_217505_1	diaminopyrimidine	undefined	0.27643172	51	492	489	3.11e-170	1	NA
Tub.104-k141_75902_11-1..663	Tub.104	Potential	OTRA	1	663	k141_75902_11	multidrug	undefined	0.349508249	51.7	677	608	2.54e-212	1	tetracycline antibiotic
Tub.104-k141_75902_11-1..663	Tub.104	Potential_loser	OTRA	1	663	k141_75902_11	aminoglycoside	undefined	0.20041356	51.7	677	608	2.54e-212	1	tetracycline antibiotic
Tub.51-k141_272995_1-13..455	Tub.51	Probable	EMRB-QACA_FAMILY_MAJOR_FACILITATOR_TRANSPORTER	13	455	k141_272995_1	multidrug	CP001918.1.gene4071.p01|FEATURES|EmrB-QacA_family_major_facilitator_transporter|multidrug|EmrB-QacA_family_major_facilitator_transporter	0.970989173	54.1	444	447	2.36e-154	1	NA
Tub.10-k141_319450_1-1..196	Tub.10	Probable	VANR	1	196	k141_319450_1	glycopeptide	gi:950257734:ref:WP_057294159.1:|FEATURES|vanR|glycopeptide|vanR	0.999987973	93.4	196	357	7.04e-128	1	NA
Tub.58-k141_455767_2-1..524	Tub.58	Probable	ROSB	1	524	k141_455767_2	fosmidomycin	YP_001477377|FEATURES|rosB|fosmidomycin|rosB	0.999841776	53.2	524	501	6.15e-174	1	NA
Tub.94-k141_430619_2-24..272	Tub.94	Probable	BACA	24	272	k141_430619_2	bacitracin	YP_970399|FEATURES|bacA|bacitracin|bacA	0.98210651	71.5	249	369	1.03e-130	1	NA
Tub.94-k141_137156_2-7..1027	Tub.94	Potential	MUXB	7	1027	k141_137156_2	multidrug	NP_251217.1|FEATURES|MuxB|multidrug|MuxB	0.544782097	53.1	1063	1024	0	1	NA
Tub.94-k141_137156_2-7..1027	Tub.94	Potential_loser	MUXB	7	1027	k141_137156_2	aminocoumarin	NP_251217.1|FEATURES|MuxB|multidrug|MuxB	0.449849059	53.1	1063	1024	0	1	NA
Tub.105-k141_187484_7-22..175	Tub.105	Probable	AAC(6')-I	22	175	k141_187484_7	aminoglycoside	AB164230.1.gene1.p01|FEATURES|aac(6')-I|aminoglycoside|aac(6')-I	0.999491428	50.3	163	151	1.32e-47	1	NA
Tub.104-k141_474367_2-4..228	Tub.104	Potential	MTRA	4	228	k141_474367_2	aminoglycoside	undefined	0.591164137	81.8	225	382	4.81e-137	1	NA
Tub.104-k141_474367_2-4..228	Tub.104	Potential_loser	MTRA	4	228	k141_474367_2	multidrug	CCP46065.1|FEATURES|mtrA|multidrug|mtrA	0.261294015	81.8	225	382	4.81e-137	1	NA
Tub.12-k141_46769_1-34..155	Tub.12	Probable	AAC(6')-I	34	155	k141_46769_1	aminoglycoside	AB116646.1.gene1.p01|FEATURES|aac(6')-I|aminoglycoside|aac(6')-I	0.988369088	53.1	130	132	6.22e-41	1	NA
Tub.64-k141_422670_1-12..112	Tub.64	Potential	RBPA	12	112	k141_422670_1	peptide	undefined	0.262488561	69.6	102	147	6.42e-48	1	NA
Tub.64-k141_422670_1-12..112	Tub.64	Potential_loser	RBPA	12	112	k141_422670_1	multidrug	undefined	0.228180259	69.6	102	147	6.42e-48	1	NA
Tub.58-k141_166582_2-7..226	Tub.58	Potential	MTRA	7	226	k141_166582_2	aminoglycoside	undefined	0.579387624	70.9	220	318	9.88e-112	1	NA
Tub.58-k141_166582_2-7..226	Tub.58	Potential_loser	MTRA	7	226	k141_166582_2	multidrug	CCP46065.1|FEATURES|mtrA|multidrug|mtrA	0.263360291	70.9	220	318	9.88e-112	1	NA
Tub.83-k141_605903_2-9..81	Tub.83	Probable	TRUNCATED_PUTATIVE_RESPONSE_REGULATOR_ARLR	9	81	k141_605903_2	unclassified	NC_002745.3251084.p01|FEATURES|truncated_putative_response_regulator_ArlR|unclassified|truncated_putative_response_regulator_ArlR	0.865794034	50.7	73	77.8	3.89e-19	1	NA
Tub.83-k141_605903_2-9..81	Tub.83	Potential_loser	TRUNCATED_PUTATIVE_RESPONSE_REGULATOR_ARLR	9	81	k141_605903_2	peptide	undefined	0.068953765	50.7	73	77.8	3.89e-19	1	NA
Tub.31-k141_840480_2-21..311	Tub.31	Probable	TLA-1	21	311	k141_840480_2	beta-lactam	AAD37403.1|FEATURES|TLA-1|beta-lactam|TLA-1	0.889121293	52.9	291	308	1.99e-105	1	NA
Tub.31-k141_840480_2-21..311	Tub.31	Potential_loser	TLA-1	21	311	k141_840480_2	aminoglycoside	undefined	0.052368831	52.9	291	308	1.99e-105	1	NA
Tub.85-k141_404813_1-3..118	Tub.85	Potential	TRUNCATED_PUTATIVE_RESPONSE_REGULATOR_ARLR	3	118	k141_404813_1	unclassified	NC_002745.1124086.p01|FEATURES|truncated_putative_response_regulator_ArlR|unclassified|truncated_putative_response_regulator_ArlR	0.342964907	55.6	117	130	1.15e-40	1	NA
Tub.85-k141_404813_1-3..118	Tub.85	Potential_loser	TRUNCATED_PUTATIVE_RESPONSE_REGULATOR_ARLR	3	118	k141_404813_1	aminoglycoside	undefined	0.289478615	55.6	117	130	1.15e-40	1	NA
Tub.59-k141_361175_3-4..140	Tub.59	Potential	LEN	4	140	k141_361175_3	aminoglycoside	undefined	0.292375171	50	138	116	1.67e-34	1	NA
Tub.59-k141_361175_3-4..140	Tub.59	Potential_loser	LEN	4	140	k141_361175_3	multidrug	undefined	0.237938995	50	138	116	1.67e-34	1	NA
Tub.82-k141_57368_92-1..301	Tub.82	Potential	THIN-B	1	301	k141_57368_92	aminoglycoside	undefined	0.231077387	66.1	301	390	2.30e-137	1	NA
Tub.82-k141_57368_92-1..301	Tub.82	Potential_loser	THIN-B	1	301	k141_57368_92	peptide	undefined	0.220786568	66.1	301	390	2.30e-137	1	NA
Tub.85-k141_342556_2-4..227	Tub.85	Potential	MTRA	4	227	k141_342556_2	aminoglycoside	undefined	0.591164137	70.1	224	325	4.58e-114	1	NA
Tub.85-k141_342556_2-4..227	Tub.85	Potential_loser	MTRA	4	227	k141_342556_2	multidrug	CCP46065.1|FEATURES|mtrA|multidrug|mtrA	0.261294015	70.1	224	325	4.58e-114	1	NA
Tub.83-k141_620252_1-15..215	Tub.83	Probable	VATF	15	215	k141_620252_1	MLS	AAF63432|FEATURES|vatF|MLS|vatF	0.99999951	54.5	202	226	1.14e-75	1	NA
Tub.31-k141_798559_1-6..143	Tub.31	Potential	ADP-RIBOSYLATING_TRANSFERASE_ARR	6	143	k141_798559_1	multidrug	undefined	0.434163111	52.2	138	156	3.12e-50	1	NA
Tub.31-k141_798559_1-6..143	Tub.31	Potential_loser	ADP-RIBOSYLATING_TRANSFERASE_ARR	6	143	k141_798559_1	peptide	undefined	0.137490118	52.2	138	156	3.12e-50	1	NA
Tub.12-k141_112713_2-13..1004	Tub.12	Potential	MEXW	13	1004	k141_112713_2	MLS	undefined	0.940794987	56.1	999	1043	0	1	NA
Tub.26-k141_474820_1-29..227	Tub.26	Potential	MTRA	29	227	k141_474820_1	aminoglycoside	undefined	0.43722705	50.7	203	191	3.90e-62	1	NA
Tub.26-k141_474820_1-29..227	Tub.26	Potential_loser	MTRA	29	227	k141_474820_1	multidrug	CCP46065.1|FEATURES|mtrA|multidrug|mtrA	0.275977441	50.7	203	191	3.90e-62	1	NA
Tub.104-k141_407599_6-28..310	Tub.104	Potential	OLEC	28	310	k141_407599_6	tetracycline	undefined	0.869517101	50	284	271	2.34e-90	1	NA
Tub.104-k141_407599_6-28..310	Tub.104	Potential_loser	OLEC	28	310	k141_407599_6	MLS	AAA26793|FEATURES|oleC|MLS|oleC	0.072155328	50	284	271	2.34e-90	1	NA
Tub.104-k141_299725_4-1..226	Tub.104	Potential	MTRA	1	226	k141_299725_4	aminoglycoside	undefined	0.550076252	71.7	226	328	1.81e-115	1	NA
Tub.104-k141_299725_4-1..226	Tub.104	Potential_loser	MTRA	1	226	k141_299725_4	multidrug	CCP46065.1|FEATURES|mtrA|multidrug|mtrA	0.267379738	71.7	226	328	1.81e-115	1	NA
Tub.1-k141_252352_3-1..225	Tub.1	Probable	KDPE	1	225	k141_252352_3	aminoglycoside	NP_415222.1|FEATURES|kdpE|aminoglycoside|kdpE	0.987264064	61.3	225	278	8.99e-96	1	NA
Tub.59-k141_369786_2-34..225	Tub.59	Probable	KDPE	34	225	k141_369786_2	aminoglycoside	NP_415222.1|FEATURES|kdpE|aminoglycoside|kdpE	0.978466191	60.1	193	246	6.81e-84	1	NA
Tub.59-k141_487211_4-1..272	Tub.59	Probable	BACA	1	272	k141_487211_4	bacitracin	YP_932216|FEATURES|bacA|bacitracin|bacA	0.993742745	60.7	272	321	2.82e-111	1	NA
Tub.105-k141_312786_17-10..1150	Tub.105	Probable	RPOB2	10	1150	k141_312786_17	multidrug	BAD59497.1|FEATURES|rpoB2|multidrug|rpoB2	0.979544099	57.4	1176	1216	0	1	NA
Tub.59-k141_536448_3-61..388	Tub.59	Potential	MDTA	61	388	k141_536448_3	multidrug	CP001918.1.gene3439.p01|FEATURES|mdtA|multidrug|mdtA	0.372555085	54	328	323	9.77e-108	1	NA
Tub.59-k141_536448_3-61..388	Tub.59	Potential_loser	MDTA	61	388	k141_536448_3	aminoglycoside	undefined	0.222378031	54	328	323	9.77e-108	1	NA
Tub.31-k141_339712_2-12..210	Tub.31	Probable	CAMP-REGULATORY_PROTEIN	12	210	k141_339712_2	unclassified	gi:490367208:ref:WP_004246872.1:|FEATURES|cAMP-regulatory_protein|unclassified|cAMP-regulatory_protein	0.995207046	53.9	204	224	6.59e-75	1	NA
Tub.16-k141_696203_4-4..228	Tub.16	Potential	MTRA	4	228	k141_696203_4	aminoglycoside	undefined	0.591164137	83.6	225	386	2.83e-138	1	NA
Tub.16-k141_696203_4-4..228	Tub.16	Potential_loser	MTRA	4	228	k141_696203_4	multidrug	CCP46065.1|FEATURES|mtrA|multidrug|mtrA	0.261294015	83.6	225	386	2.83e-138	1	NA
Tub.31-k141_196340_4-8..234	Tub.31	Probable	BAER	8	234	k141_196340_4	multidrug	YP_490321.1|FEATURES|baeR|multidrug|baeR	0.997590583	61.2	232	274	3.61e-94	1	NA
Tub.13-k141_302903_1-6..107	Tub.13	Potential	RBPA	6	107	k141_302903_1	peptide	undefined	0.258875599	54.4	103	112	6.61e-34	1	NA
Tub.13-k141_302903_1-6..107	Tub.13	Potential_loser	RBPA	6	107	k141_302903_1	multidrug	undefined	0.225519006	54.4	103	112	6.61e-34	1	NA
Tub.104-k141_315976_6-18..175	Tub.104	Probable	AAC(6')-I	18	175	k141_315976_6	aminoglycoside	AB164230.1.gene1.p01|FEATURES|aac(6')-I|aminoglycoside|aac(6')-I	0.999511253	51.8	170	158	3.66e-50	1	NA
Tub.82-k141_117395_2-1..159	Tub.82	Probable	AAC(6')-I	1	159	k141_117395_2	aminoglycoside	FJ503047.1.gene1.p01|FEATURES|aac(6')-I|aminoglycoside|aac(6')-I	0.999985878	50.6	168	167	6.67e-54	1	NA
Tub.18-k141_497172_1-17..325	Tub.18	Potential	MEXJ	17	325	k141_497172_1	triclosan	undefined	0.537988922	53.4	311	283	1.54e-94	1	NA
Tub.18-k141_497172_1-17..325	Tub.18	Potential_loser	MEXJ	17	325	k141_497172_1	multidrug	NP_252367.1|FEATURES|MexJ|multidrug|MexJ	0.155124356	53.4	311	283	1.54e-94	1	NA
Tub.51-k141_79696_4-113..1012	Tub.51	Potential	MDTC	113	1012	k141_79696_4	multidrug	gi:446590187:ref:WP_000667533.1:|FEATURES|mdtC|multidrug|mdtC	0.509587552	59.1	915	1012	0	1	NA
Tub.51-k141_79696_4-113..1012	Tub.51	Potential_loser	MDTC	113	1012	k141_79696_4	aminocoumarin	gi:446590187:ref:WP_000667533.1:|FEATURES|mdtC|multidrug|mdtC	0.482340179	59.1	915	1012	0	1	NA
Tub.82-k141_319611_2-25..174	Tub.82	Probable	AAC(6')-I	25	174	k141_319611_2	aminoglycoside	AB164230.1.gene1.p01|FEATURES|aac(6')-I|aminoglycoside|aac(6')-I	0.999698013	54.1	157	176	1.14e-57	1	NA
Tub.4-k141_712149_1-1..137	Tub.4	Potential	DFRA22	1	137	k141_712149_1	peptide	undefined	0.341713828	53.8	145	137	4.80e-42	1	NA
Tub.4-k141_712149_1-1..137	Tub.4	Potential_loser	DFRA22	1	137	k141_712149_1	multidrug	undefined	0.141965518	53.8	145	137	4.80e-42	1	NA
Tub.70-k141_80508_1-15..114	Tub.70	Probable	BLEOMYCIN_RESISTANCE_PROTEIN	15	114	k141_80508_1	glycopeptide	gi:1016525167:ref:WP_063102497.1:|FEATURES|bleomycin_resistance_protein|glycopeptide|bleomycin_resistance_protein	0.997449902	54.4	103	120	4.41e-37	1	NA
Tub.26-k141_366358_7-1..1021	Tub.26	Potential	MUXB	1	1021	k141_366358_7	aminocoumarin	NP_251217.1|FEATURES|MuxB|multidrug|MuxB	0.726094197	71.8	1022	1366	0	1	NA
Tub.26-k141_366358_7-1..1021	Tub.26	Potential_loser	MUXB	1	1021	k141_366358_7	multidrug	NP_251217.1|FEATURES|MuxB|multidrug|MuxB	0.249640983	71.8	1022	1366	0	1	NA
Tub.104-k141_449158_3-8..155	Tub.104	Probable	AAC(6')-I	8	155	k141_449158_3	aminoglycoside	AB116646.1.gene1.p01|FEATURES|aac(6')-I|aminoglycoside|aac(6')-I	0.999655421	55.5	155	169	3.95e-55	1	NA
Tub.51-k141_26736_5-3..226	Tub.51	Potential	MTRA	3	226	k141_26736_5	aminoglycoside	undefined	0.566359409	67	224	299	3.42e-104	1	NA
Tub.51-k141_26736_5-3..226	Tub.51	Potential_loser	MTRA	3	226	k141_26736_5	multidrug	CCP46065.1|FEATURES|mtrA|multidrug|mtrA	0.265181287	67	224	299	3.42e-104	1	NA
Tub.4-k141_631694_2-10..276	Tub.4	Probable	BACA	10	276	k141_631694_2	bacitracin	YP_316450|FEATURES|bacA|bacitracin|bacA	0.982192055	73.8	267	385	1.10e-136	1	NA
Tub.12-k141_353162_2-9..215	Tub.12	Probable	VATF	9	215	k141_353162_2	MLS	AAF63432|FEATURES|vatF|MLS|vatF	0.999994231	51	208	217	4.62e-72	1	NA
Tub.30-k141_301946_2-1..127	Tub.30	Probable	GOLS	1	127	k141_301946_2	multidrug	NP_459349.1|FEATURES|golS|multidrug|golS	0.997775616	60.6	127	159	3.94e-51	1	NA
Tub.85-k141_716047_6-1..170	Tub.85	Probable	AAC(6')-II	1	170	k141_716047_6	aminoglycoside	L06163.1.gene1.p01|FEATURES|aac(6')-II|aminoglycoside|aac(6')-II	0.999795563	50	170	169	1.05e-54	1	NA
Tub.83-k141_740824_1-2..118	Tub.83	Potential	TRUNCATED_PUTATIVE_RESPONSE_REGULATOR_ARLR	2	118	k141_740824_1	unclassified	NC_002745.1124086.p01|FEATURES|truncated_putative_response_regulator_ArlR|unclassified|truncated_putative_response_regulator_ArlR	0.309671918	50	118	117	1.50e-34	1	NA
Tub.83-k141_740824_1-2..118	Tub.83	Potential_loser	TRUNCATED_PUTATIVE_RESPONSE_REGULATOR_ARLR	2	118	k141_740824_1	aminoglycoside	undefined	0.299821223	50	118	117	1.50e-34	1	NA
Tub.104-k141_40652_2-7..224	Tub.104	Potential	MTRA	7	224	k141_40652_2	aminoglycoside	undefined	0.428780557	50	222	209	1.40e-68	1	NA
Tub.104-k141_40652_2-7..224	Tub.104	Potential_loser	MTRA	7	224	k141_40652_2	multidrug	CCP46065.1|FEATURES|mtrA|multidrug|mtrA	0.275958852	50	222	209	1.40e-68	1	NA
Tub.31-k141_722292_2-11..459	Tub.31	Potential	EMRB	11	459	k141_722292_2	diaminopyrimidine	undefined	0.510714387	53.2	449	471	9.37e-164	1	NA
Tub.31-k141_722292_2-11..459	Tub.31	Potential_loser	EMRB	11	459	k141_722292_2	antibacterial_free_fatty_acids	undefined	0.187154159	53.2	449	471	9.37e-164	1	NA
Tub.23-k141_145955_1-7..163	Tub.23	Potential	CAMP-REGULATORY_PROTEIN	7	163	k141_145955_1	unclassified	CP004022.1.gene2827.p01|FEATURES|cAMP-regulatory_protein|unclassified|cAMP-regulatory_protein	0.416793087	56.2	162	180	3.92e-59	1	NA
Tub.23-k141_145955_1-7..163	Tub.23	Potential_loser	CAMP-REGULATORY_PROTEIN	7	163	k141_145955_1	aminoglycoside	undefined	0.178311629	56.2	162	180	3.92e-59	1	NA
Tub.31-k141_571280_1-12..386	Tub.31	Probable	ROSA	12	386	k141_571280_1	fosmidomycin	YP_001401993|FEATURES|rosA|fosmidomycin|rosA	0.998206756	63.7	377	456	6.56e-161	1	NA
Tub.58-k141_57217_1-5..147	Tub.58	Potential	DFRA3	5	147	k141_57217_1	peptide	undefined	0.296770871	52.3	149	152	4.09e-48	1	NA
Tub.58-k141_57217_1-5..147	Tub.58	Potential_loser	DFRA3	5	147	k141_57217_1	aminoglycoside	undefined	0.19289946	52.3	149	152	4.09e-48	1	NA
Tub.4-k141_969755_2-1..220	Tub.4	Potential	VANR	1	220	k141_969755_2	glycopeptide	gi:944468330:ref:WP_055698749.1:|FEATURES|vanR|glycopeptide|vanR	0.397937356	50.4	226	197	8.88e-64	1	NA
Tub.4-k141_969755_2-1..220	Tub.4	Potential_loser	VANR	1	220	k141_969755_2	peptide	undefined	0.203009769	50.4	226	197	8.88e-64	1	NA
Tub.82-k141_166257_1-1..280	Tub.82	Potential	BACA	1	280	k141_166257_1	peptide	undefined	0.273015893	50.7	292	253	3.57e-84	1	NA
Tub.82-k141_166257_1-1..280	Tub.82	Potential_loser	BACA	1	280	k141_166257_1	multidrug	undefined	0.225436924	50.7	292	253	3.57e-84	1	NA
Tub.85-k141_258096_2-7..370	Tub.85	Probable	ROSA	7	370	k141_258096_2	fosmidomycin	ZP_04621517|FEATURES|rosA|fosmidomycin|rosA	0.998968041	69.2	364	479	6.63e-170	1	NA
Tub.58-k141_428732_2-1..325	Tub.58	Potential	MEXS	1	325	k141_428732_2	multidrug	ADT64081.1|FEATURES|MexS|multidrug|MexS	0.307165992	55.5	328	363	1.28e-125	1	NA
Tub.58-k141_428732_2-1..325	Tub.58	Potential_loser	MEXS	1	325	k141_428732_2	peptide	undefined	0.205244414	55.5	328	363	1.28e-125	1	NA
Tub.104-k141_55912_5-1..217	Tub.104	Probable	VANR	1	217	k141_55912_5	glycopeptide	gi:943675889:ref:WP_055502070.1:|FEATURES|vanR|glycopeptide|vanR	0.999971646	53	217	221	3.23e-73	1	NA
Tub.10-k141_372283_1-5..231	Tub.10	Probable	VANR	5	231	k141_372283_1	glycopeptide	gi:971852285:ref:WP_058921193.1:|FEATURES|vanR|glycopeptide|vanR	0.999567771	53.3	229	230	8.20e-77	1	NA
Tub.83-k141_759230_5-8..223	Tub.83	Potential	MTRA	8	223	k141_759230_5	aminoglycoside	undefined	0.478324282	50.7	217	196	9.27e-64	1	NA
Tub.83-k141_759230_5-8..223	Tub.83	Potential_loser	MTRA	8	223	k141_759230_5	multidrug	CCP46065.1|FEATURES|mtrA|multidrug|mtrA	0.274316437	50.7	217	196	9.27e-64	1	NA
Tub.82-k141_416990_3-1..224	Tub.82	Probable	KDPE	1	224	k141_416990_3	aminoglycoside	NP_415222.1|FEATURES|kdpE|aminoglycoside|kdpE	0.975902557	52.2	224	229	7.97e-77	1	NA
Tub.18-k141_647834_2-4..190	Tub.18	Potential	MTRA	4	190	k141_647834_2	aminoglycoside	undefined	0.540508154	71.7	191	268	1.98e-92	1	NA
Tub.18-k141_647834_2-4..190	Tub.18	Potential_loser	MTRA	4	190	k141_647834_2	multidrug	CCP46065.1|FEATURES|mtrA|multidrug|mtrA	0.268617313	71.7	191	268	1.98e-92	1	NA
Tub.105-k141_97918_4-7..224	Tub.105	Potential	MTRA	7	224	k141_97918_4	aminoglycoside	undefined	0.444463801	50.5	222	206	2.09e-67	1	NA
Tub.105-k141_97918_4-7..224	Tub.105	Potential_loser	MTRA	7	224	k141_97918_4	multidrug	CCP46065.1|FEATURES|mtrA|multidrug|mtrA	0.275883099	50.5	222	206	2.09e-67	1	NA
Tub.31-k141_125642_1-12..271	Tub.31	Probable	BACA	12	271	k141_125642_1	bacitracin	NP_840140|FEATURES|bacA|bacitracin|bacA	0.987688145	76.2	261	405	7.84e-145	1	NA
Tub.26-k141_107463_2-20..472	Tub.26	Probable	OPRN	20	472	k141_107463_2	multidrug	gi:553795209:ref:WP_023125875.1:|FEATURES|oprN|multidrug|oprN	0.999998627	76.6	458	667	1.79e-241	1	NA
Tub.31-k141_755723_1-24..362	Tub.31	Probable	EFRB	24	362	k141_755723_1	multidrug	CDO61516.1|FEATURES|efrB|multidrug|efrB	0.85418235	51	339	343	4.65e-113	1	NA
Tub.31-k141_755723_1-24..362	Tub.31	Potential_loser	EFRB	24	362	k141_755723_1	aminoglycoside	undefined	0.075898971	51	339	343	4.65e-113	1	NA
Tub.88-k141_345330_2-1..188	Tub.88	Probable	VANR	1	188	k141_345330_2	glycopeptide	gi:943675889:ref:WP_055502070.1:|FEATURES|vanR|glycopeptide|vanR	0.999978991	91	188	330	3.01e-117	1	NA
Tub.16-k141_1012393_2-1..220	Tub.16	Potential	BACA	1	220	k141_1012393_2	multidrug	undefined	0.403097988	52.7	220	213	7.39e-70	1	NA
Tub.16-k141_1012393_2-1..220	Tub.16	Potential_loser	BACA	1	220	k141_1012393_2	peptide	undefined	0.193205929	52.7	220	213	7.39e-70	1	NA
Tub.1-k141_129938_2-6..512	Tub.1	Probable	EMRB	6	512	k141_129938_2	multidrug	gi:757800118:ref:WP_043017320.1:|FEATURES|emrB|multidrug|emrB	0.998658384	52.2	513	514	9.40e-180	1	NA
Tub.16-k141_502875_1-21..222	Tub.16	Probable	KDPE	21	222	k141_502875_1	aminoglycoside	NP_415222.1|FEATURES|kdpE|aminoglycoside|kdpE	0.979374697	50.2	207	181	6.59e-58	1	NA
Tub.4-k141_953083_4-7..286	Tub.4	Potential	SUL4	7	286	k141_953083_4	multidrug	undefined	0.273209729	52.1	282	273	1.05e-91	1	NA
Tub.4-k141_953083_4-7..286	Tub.4	Potential_loser	SUL4	7	286	k141_953083_4	peptide	undefined	0.213302542	52.1	282	273	1.05e-91	1	NA
Tub.26-k141_639097_2-12..386	Tub.26	Potential	CLASS_C	12	386	k141_639097_2	beta-lactam	gi:985600749:ref:WP_060840246.1:|FEATURES|class_C|beta-lactam|class_C	0.750480929	65.3	375	488	8.17e-174	1	NA
Tub.26-k141_639097_2-12..386	Tub.26	Potential_loser	CLASS_C	12	386	k141_639097_2	aminoglycoside	undefined	0.075681483	65.3	375	488	8.17e-174	1	NA
Tub.51-k141_51574_5-3..107	Tub.51	Potential	ABES	3	107	k141_51574_5	aminoglycoside	NC_010410.6003348.p01|FEATURES|abeS|multidrug|abeS	0.484635637	60	105	133	3.40e-42	1	disinfecting agents and antiseptics
Tub.51-k141_51574_5-3..107	Tub.51	Potential_loser	ABES	3	107	k141_51574_5	peptide	undefined	0.162092494	60	105	133	3.40e-42	1	disinfecting agents and antiseptics
Tub.104-k141_133040_1-37..224	Tub.104	Potential	MTRA	37	224	k141_133040_1	aminoglycoside	undefined	0.507693579	74	192	282	5.89e-98	1	NA
Tub.104-k141_133040_1-37..224	Tub.104	Potential_loser	MTRA	37	224	k141_133040_1	multidrug	CCP46065.1|FEATURES|mtrA|multidrug|mtrA	0.272061569	74	192	282	5.89e-98	1	NA
Tub.4-k141_939958_2-1..160	Tub.4	Potential	DFRA3	1	160	k141_939958_2	peptide	undefined	0.295504165	50.3	163	155	1.39e-49	1	NA
Tub.4-k141_939958_2-1..160	Tub.4	Potential_loser	DFRA3	1	160	k141_939958_2	aminoglycoside	undefined	0.193810801	50.3	163	155	1.39e-49	1	NA
Tub.31-k141_554704_6-4..207	Tub.31	Probable	VATB	4	207	k141_554704_6	MLS	U19459.gene.p01|FEATURES|vatB|MLS|vatB	1	54.4	204	248	8.93e-85	1	NA
Tub.31-k141_176117_1-46..275	Tub.31	Probable	AAC(3)-IIIA	46	275	k141_176117_1	aminoglycoside	L06161.1.gene1.p01|FEATURES|aac(3)-IIIa|aminoglycoside|aac(3)-IIIa	0.828683267	61.3	230	280	4.22e-96	1	NA
Tub.31-k141_176117_1-46..275	Tub.31	Potential_loser	AAC(3)-IIIA	46	275	k141_176117_1	peptide	undefined	0.058120871	61.3	230	280	4.22e-96	1	NA
Tub.31-k141_392906_6-5..225	Tub.31	Probable	KDPE	5	225	k141_392906_6	aminoglycoside	NP_415222.1|FEATURES|kdpE|aminoglycoside|kdpE	0.984404198	63.3	226	279	2.79e-96	1	NA
Tub.15-k141_73769_2-3..142	Tub.15	Potential	DFRA3	3	142	k141_73769_2	peptide	undefined	0.300650896	52.9	140	145	1.78e-45	1	NA
Tub.15-k141_73769_2-3..142	Tub.15	Potential_loser	DFRA3	3	142	k141_73769_2	aminoglycoside	undefined	0.18938683	52.9	140	145	1.78e-45	1	NA
Tub.31-k141_149547_2-1..105	Tub.31	Potential	ABES	1	105	k141_149547_2	aminoglycoside	NC_010410.6003348.p01|FEATURES|abeS|multidrug|abeS	0.387122308	65.7	105	130	5.19e-41	1	disinfecting agents and antiseptics
Tub.31-k141_149547_2-1..105	Tub.31	Potential_loser	ABES	1	105	k141_149547_2	peptide	undefined	0.18432017	65.7	105	130	5.19e-41	1	disinfecting agents and antiseptics
Tub.4-k141_228372_1-17..226	Tub.4	Potential	MTRA	17	226	k141_228372_1	aminoglycoside	undefined	0.575935029	74.3	210	312	1.44e-109	1	NA
Tub.4-k141_228372_1-17..226	Tub.4	Potential_loser	MTRA	17	226	k141_228372_1	multidrug	CCP46065.1|FEATURES|mtrA|multidrug|mtrA	0.263886846	74.3	210	312	1.44e-109	1	NA
Tub.88-k141_369343_2-1..153	Tub.88	Probable	AAC(3)-I	1	153	k141_369343_2	aminoglycoside	gi:639206639:ref:WP_024544906.1:|FEATURES|aac(3)-I|aminoglycoside|aac(3)-I	0.999999987	66.7	153	203	2.00e-68	1	NA
Tub.16-k141_598380_1-6..181	Tub.16	Probable	VATB	6	181	k141_598380_1	MLS	YP_002861121|FEATURES|vatB|MLS|vatB	0.999999973	51.4	177	189	7.83e-62	1	NA
Tub.94-k141_537984_2-1..243	Tub.94	Probable	OMPR	1	243	k141_537984_2	multidrug	NC_008702.1.4607594.p01|FEATURES|ompR|multidrug|ompR	0.996321676	58	243	276	7.95e-94	1	NA
Tub.85-k141_291121_1-1..130	Tub.85	Probable	GOLS	1	130	k141_291121_1	multidrug	NP_459349.1|FEATURES|golS|multidrug|golS	0.997568878	56.9	130	152	1.07e-48	1	NA
Tub.59-k141_739010_6-5..321	Tub.59	Potential	OLEC	5	321	k141_739010_6	tetracycline	undefined	0.895559084	50.9	318	298	7.13e-101	1	NA
Tub.59-k141_739010_6-5..321	Tub.59	Potential_loser	OLEC	5	321	k141_739010_6	MLS	AAA26793|FEATURES|oleC|MLS|oleC	0.070397108	50.9	318	298	7.13e-101	1	NA
Tub.85-k141_695009_1-1..126	Tub.85	Probable	GOLS	1	126	k141_695009_1	multidrug	NP_459349.1|FEATURES|golS|multidrug|golS	0.997568878	57.1	126	152	1.35e-48	1	NA
Tub.31-k141_518360_1-3..118	Tub.31	Potential	TRUNCATED_PUTATIVE_RESPONSE_REGULATOR_ARLR	3	118	k141_518360_1	aminoglycoside	undefined	0.303655073	50.4	117	120	1.62e-36	1	NA
Tub.31-k141_518360_1-3..118	Tub.31	Potential_loser	TRUNCATED_PUTATIVE_RESPONSE_REGULATOR_ARLR	3	118	k141_518360_1	unclassified	NC_002745.1124086.p01|FEATURES|truncated_putative_response_regulator_ArlR|unclassified|truncated_putative_response_regulator_ArlR	0.294844782	50.4	117	120	1.62e-36	1	NA
Tub.26-k141_376272_2-1..126	Tub.26	Probable	GOLS	1	126	k141_376272_2	multidrug	NP_459349.1|FEATURES|golS|multidrug|golS	0.997775616	57.1	126	145	3.50e-46	1	NA
Tub.16-k141_198807_1-6..81	Tub.16	Probable	TRUNCATED_PUTATIVE_RESPONSE_REGULATOR_ARLR	6	81	k141_198807_1	unclassified	NC_002745.3251084.p01|FEATURES|truncated_putative_response_regulator_ArlR|unclassified|truncated_putative_response_regulator_ArlR	0.904118731	51.3	76	80.5	1.17e-21	1	NA
Tub.85-k141_186369_1-16..223	Tub.85	Potential	MTRA	16	223	k141_186369_1	aminoglycoside	undefined	0.473377555	50.7	213	212	4.49e-70	1	NA
Tub.85-k141_186369_1-16..223	Tub.85	Potential_loser	MTRA	16	223	k141_186369_1	multidrug	CCP46065.1|FEATURES|mtrA|multidrug|mtrA	0.274632227	50.7	213	212	4.49e-70	1	NA
Tub.58-k141_523513_1-2..89	Tub.58	Potential	ABES	2	89	k141_523513_1	aminoglycoside	undefined	0.312805453	51.1	88	84.7	2.41e-23	1	disinfecting agents and antiseptics
Tub.58-k141_523513_1-2..89	Tub.58	Potential_loser	ABES	2	89	k141_523513_1	multidrug	NC_010410.6003348.p01|FEATURES|abeS|multidrug|abeS	0.284583831	51.1	88	84.7	2.41e-23	1	disinfecting agents and antiseptics
Tub.105-k141_82857_3-25..1153	Tub.105	Probable	RPOB2	25	1153	k141_82857_3	multidrug	BAD59497.1|FEATURES|rpoB2|multidrug|rpoB2	0.981783284	56.8	1209	1250	0	1	NA
Tub.85-k141_156077_1-1..551	Tub.85	Probable	ROSB	1	551	k141_156077_1	fosmidomycin	gi:896190680:ref:WP_049199932.1:|FEATURES|rosB|fosmidomycin|rosB	0.99981976	51.7	565	488	4.50e-168	1	NA
Tub.82-k141_91115_2-2..139	Tub.82	Probable	GOLS	2	139	k141_91115_2	multidrug	NP_459349.1|FEATURES|golS|multidrug|golS	0.997775616	53.6	138	155	1.20e-49	1	NA
Tub.31-k141_577689_2-7..209	Tub.31	Probable	MEXL	7	209	k141_577689_2	multidrug	NP_252368.1|FEATURES|MexL|multidrug|MexL	0.991433212	50	204	186	4.63e-60	1	NA
Tub.83-k141_895534_3-27..279	Tub.83	Potential	FEZ-1	27	279	k141_895534_3	aminoglycoside	undefined	0.350469443	54.9	255	268	1.74e-90	1	NA
Tub.83-k141_895534_3-27..279	Tub.83	Potential_loser	FEZ-1	27	279	k141_895534_3	multidrug	undefined	0.177965766	54.9	255	268	1.74e-90	1	NA
Tub.83-k141_427453_2-7..224	Tub.83	Potential	MTRA	7	224	k141_427453_2	aminoglycoside	undefined	0.498825153	50.7	221	211	1.12e-69	1	NA
Tub.83-k141_427453_2-7..224	Tub.83	Potential_loser	MTRA	7	224	k141_427453_2	multidrug	CCP46065.1|FEATURES|mtrA|multidrug|mtrA	0.272782644	50.7	221	211	1.12e-69	1	NA
Tub.82-k141_265944_1-1..1026	Tub.82	Probable	ACRB	1	1026	k141_265944_1	multidrug	gi:446414955:ref:WP_000492810.1:|FEATURES|acrB|multidrug|acrB	0.981591154	57.7	1065	1097	0	1	NA
Tub.59-k141_31338_1-2..149	Tub.59	Probable	AAC(3)-I	2	149	k141_31338_1	aminoglycoside	AJ511268.1.gene3.p01|FEATURES|aac(3)-I|aminoglycoside|aac(3)-I	0.999999908	60.1	148	175	1.09e-57	1	NA
Tub.12-k141_274040_2-19..341	Tub.12	Probable	TETA(48)	19	341	k141_274040_2	tetracycline	APB03214.1|FEATURES|tetA(48)|tetracycline|tetA(48)	0.995794075	51.4	325	308	1.39e-104	1	NA
Tub.104-k141_87623_2-25..1153	Tub.104	Probable	RPOB2	25	1153	k141_87623_2	multidrug	BAD59497.1|FEATURES|rpoB2|multidrug|rpoB2	0.980865907	56.8	1209	1250	0	1	NA
Tub.104-k141_354746_1-1..98	Tub.104	Potential	RBPA	1	98	k141_354746_1	peptide	undefined	0.254382179	61.6	99	115	2.37e-35	1	NA
Tub.104-k141_354746_1-1..98	Tub.104	Potential_loser	RBPA	1	98	k141_354746_1	multidrug	undefined	0.224481973	61.6	99	115	2.37e-35	1	NA
Tub.16-k141_550001_1-5..151	Tub.16	Probable	AAC(3)-I	5	151	k141_550001_1	aminoglycoside	gi:639206639:ref:WP_024544906.1:|FEATURES|aac(3)-I|aminoglycoside|aac(3)-I	0.999821501	52.4	147	148	8.53e-47	1	NA
Tub.11-k141_49201_2-3..197	Tub.11	Probable	TRANSCRIPTIONAL_REGULATORY_PROTEIN_CPXR_CPXR	3	197	k141_49201_2	unclassified	CP004022.1.gene3215.p01|FEATURES|transcriptional_regulatory_protein_CpxR_cpxR|unclassified|transcriptional_regulatory_protein_CpxR_cpxR	0.836836983	51	196	182	8.27e-59	1	NA
Tub.11-k141_49201_2-3..197	Tub.11	Potential_loser	TRANSCRIPTIONAL_REGULATORY_PROTEIN_CPXR_CPXR	3	197	k141_49201_2	peptide	undefined	0.040198926	51	196	182	8.27e-59	1	NA
Tub.18-k141_169158_2-34..377	Tub.18	Potential	MEXE	34	377	k141_169158_2	peptide	undefined	0.209376907	55.6	349	338	2.88e-114	1	NA
Tub.18-k141_169158_2-34..377	Tub.18	Potential_loser	MEXE	34	377	k141_169158_2	fosfomycin	undefined	0.1957246	55.6	349	338	2.88e-114	1	NA
Tub.18-k141_578721_2-17..133	Tub.18	Probable	ADP-RIBOSYLATING_TRANSFERASE_ARR	17	133	k141_578721_2	rifamycin	AF001493.1.orf0.gene.p01|FEATURES|ADP-ribosylating_transferase_arr|rifamycin|ADP-ribosylating_transferase_arr	0.994802911	56.4	117	148	3.19e-47	1	NA
Tub.82-k141_299970_8-3..120	Tub.82	Potential	TRUNCATED_PUTATIVE_RESPONSE_REGULATOR_ARLR	3	120	k141_299970_8	unclassified	NC_002745.1124086.p01|FEATURES|truncated_putative_response_regulator_ArlR|unclassified|truncated_putative_response_regulator_ArlR	0.307723083	50.4	119	120	3.62e-35	1	NA
Tub.82-k141_299970_8-3..120	Tub.82	Potential_loser	TRUNCATED_PUTATIVE_RESPONSE_REGULATOR_ARLR	3	120	k141_299970_8	aminoglycoside	undefined	0.300363966	50.4	119	120	3.62e-35	1	NA
Tub.12-k141_16582_2-4..223	Tub.12	Potential	MTRA	4	223	k141_16582_2	aminoglycoside	undefined	0.477593336	50.4	226	218	6.30e-72	1	NA
Tub.12-k141_16582_2-4..223	Tub.12	Potential_loser	MTRA	4	223	k141_16582_2	multidrug	CCP46065.1|FEATURES|mtrA|multidrug|mtrA	0.27436475	50.4	226	218	6.30e-72	1	NA
Tub.85-k141_490296_1-5..136	Tub.85	Probable	ADP-RIBOSYLATING_TRANSFERASE_ARR	5	136	k141_490296_1	rifamycin	AL939114.1.orf1.gene.p01|FEATURES|ADP-ribosylating_transferase_arr|rifamycin|ADP-ribosylating_transferase_arr	0.99616971	66.7	132	189	4.51e-63	1	NA
Tub.105-k141_217040_2-5..228	Tub.105	Potential	MTRA	5	228	k141_217040_2	aminoglycoside	undefined	0.566530469	71.4	224	322	3.09e-113	1	NA
Tub.105-k141_217040_2-5..228	Tub.105	Potential_loser	MTRA	5	228	k141_217040_2	multidrug	CCP46065.1|FEATURES|mtrA|multidrug|mtrA	0.265159237	71.4	224	322	3.09e-113	1	NA
Tub.11-k141_226192_2-5..220	Tub.11	Probable	KDPE	5	220	k141_226192_2	aminoglycoside	NP_415222.1|FEATURES|kdpE|aminoglycoside|kdpE	0.988194436	62.4	218	283	4.04e-98	1	NA
Tub.31-k141_400102_3-1..146	Tub.31	Probable	GOLS	1	146	k141_400102_3	multidrug	NP_459349.1|FEATURES|golS|multidrug|golS	0.996068995	53.4	146	147	2.44e-46	1	NA
Tub.58-k141_211800_2-9..423	Tub.58	Potential	EMRB	9	423	k141_211800_2	peptide	undefined	0.502167555	50.6	415	414	2.27e-141	1	NA
Tub.58-k141_211800_2-9..423	Tub.58	Potential_loser	EMRB	9	423	k141_211800_2	fluoroquinolone	undefined	0.069620814	50.6	415	414	2.27e-141	1	NA
Tub.94-k141_317724_3-1..391	Tub.94	Probable	TETA	1	391	k141_317724_3	tetracycline	gi:947880287:ref:WP_056540658.1:|FEATURES|tetA|tetracycline|tetA	0.999998898	54.7	391	412	1.53e-143	1	tetracycline antibiotic
Tub.58-k141_558390_1-3..124	Tub.58	Potential	TRUNCATED_PUTATIVE_RESPONSE_REGULATOR_ARLR	3	124	k141_558390_1	unclassified	NC_002745.1124086.p01|FEATURES|truncated_putative_response_regulator_ArlR|unclassified|truncated_putative_response_regulator_ArlR	0.318044609	51.6	124	116	3.91e-35	1	NA
Tub.58-k141_558390_1-3..124	Tub.58	Potential_loser	TRUNCATED_PUTATIVE_RESPONSE_REGULATOR_ARLR	3	124	k141_558390_1	aminoglycoside	undefined	0.297402363	51.6	124	116	3.91e-35	1	NA
Tub.34-k141_439345_1-1..152	Tub.34	Potential	TETC	1	152	k141_439345_1	aminoglycoside	undefined	0.367419102	50.3	153	133	2.73e-40	1	NA
Tub.34-k141_439345_1-1..152	Tub.34	Potential_loser	TETC	1	152	k141_439345_1	tetracycline	AY171578.gene.p01|FEATURES|tetC|tetracycline|tetC	0.21547994	50.3	153	133	2.73e-40	1	NA
Tub.15-k141_335373_1-4..204	Tub.15	Potential	MTRA	4	204	k141_335373_1	aminoglycoside	undefined	0.531206292	74.6	201	301	2.41e-105	1	NA
Tub.15-k141_335373_1-4..204	Tub.15	Potential_loser	MTRA	4	204	k141_335373_1	multidrug	CCP46065.1|FEATURES|mtrA|multidrug|mtrA	0.269742435	74.6	201	301	2.41e-105	1	NA
Tub.82-k141_69029_7-23..1153	Tub.82	Probable	RPOB2	23	1153	k141_69029_7	multidrug	BAD59497.1|FEATURES|rpoB2|multidrug|rpoB2	0.985552774	60.2	1206	1324	0	1	NA
Tub.85-k141_418174_3-3..465	Tub.85	Probable	OPRM	3	465	k141_418174_3	multidrug	NC_008702.1.4606278.p01|FEATURES|oprM|multidrug|oprM	0.858354647	51.6	469	379	3.81e-128	1	NA
Tub.85-k141_418174_3-3..465	Tub.85	Potential_loser	OPRM	3	465	k141_418174_3	aminoglycoside	undefined	0.072709705	51.6	469	379	3.81e-128	1	NA
Tub.18-k141_206513_2-17..131	Tub.18	Probable	ADP-RIBOSYLATING_TRANSFERASE_ARR	17	131	k141_206513_2	rifamycin	AF001493.1.orf0.gene.p01|FEATURES|ADP-ribosylating_transferase_arr|rifamycin|ADP-ribosylating_transferase_arr	0.923500924	61.7	115	163	1.72e-53	1	NA
Tub.104-k141_395852_2-14..286	Tub.104	Probable	AAC(3)-VIII	14	286	k141_395852_2	aminoglycoside	CAG34024|FEATURES|aac(3)-VIII|aminoglycoside|aac(3)-VIII	0.975760905	50	274	258	1.37e-86	1	NA
Tub.83-k141_450803_13-8..287	Tub.83	Potential	SUL4	8	287	k141_450803_13	multidrug	undefined	0.269065487	50	280	264	1.39e-88	1	NA
Tub.83-k141_450803_13-8..287	Tub.83	Potential_loser	SUL4	8	287	k141_450803_13	peptide	undefined	0.215200197	50	280	264	1.39e-88	1	NA
Tub.15-k141_352311_1-4..118	Tub.15	Potential	TRUNCATED_PUTATIVE_RESPONSE_REGULATOR_ARLR	4	118	k141_352311_1	aminoglycoside	undefined	0.304166314	50.9	116	114	5.10e-34	1	NA
Tub.15-k141_352311_1-4..118	Tub.15	Potential_loser	TRUNCATED_PUTATIVE_RESPONSE_REGULATOR_ARLR	4	118	k141_352311_1	unclassified	NC_002745.1124086.p01|FEATURES|truncated_putative_response_regulator_ArlR|unclassified|truncated_putative_response_regulator_ArlR	0.292657289	50.9	116	114	5.10e-34	1	NA
Tub.30-k141_274337_2-47..548	Tub.30	Probable	ROSB	47	548	k141_274337_2	fosmidomycin	YP_001477377|FEATURES|rosB|fosmidomycin|rosB	0.999758104	52.1	516	457	1.15e-156	1	NA
Tub.99-k141_296666_1-17..143	Tub.99	Probable	ADP-RIBOSYLATING_TRANSFERASE_ARR	17	143	k141_296666_1	rifamycin	AF001493.1.orf0.gene.p01|FEATURES|ADP-ribosylating_transferase_arr|rifamycin|ADP-ribosylating_transferase_arr	0.999848281	58.3	127	166	1.01e-54	1	NA
Tub.31-k141_758786_2-1..274	Tub.31	Probable	BACA	1	274	k141_758786_2	bacitracin	YP_985461|FEATURES|bacA|bacitracin|bacA	0.986171021	73.8	275	400	8.73e-143	1	NA
Tub.58-k141_461091_26-1..374	Tub.58	Probable	ACRA	1	374	k141_461091_26	multidrug	CAC35724|FEATURES|acrA|multidrug|acrA	0.999998426	52.8	379	329	3.76e-110	1	NA
Tub.31-k141_168166_2-1..110	Tub.31	Potential	QACH	1	110	k141_168166_2	peptide	undefined	0.274413272	50.9	110	117	5.82e-36	1	disinfecting agents and antiseptics
Tub.31-k141_168166_2-1..110	Tub.31	Potential_loser	QACH	1	110	k141_168166_2	aminoglycoside	AAZ42322.1|FEATURES|qacH|fluoroquinolone|qacH	0.214811886	50.9	110	117	5.82e-36	1	disinfecting agents and antiseptics
Tub.51-k141_328783_2-1..1013	Tub.51	Potential	MEXW	1	1013	k141_328783_2	multidrug	YP_001186705|FEATURES|mexW|multidrug|mexW	0.671247082	51.3	1013	943	0	1	NA
Tub.51-k141_328783_2-1..1013	Tub.51	Potential_loser	MEXW	1	1013	k141_328783_2	MLS	undefined	0.212769536	51.3	1013	943	0	1	NA
Tub.31-k141_280619_7-14..374	Tub.31	Probable	MEXE	14	374	k141_280619_7	multidrug	YP_406903|FEATURES|mexE|multidrug|mexE	0.999995161	51.1	366	325	5.23e-109	1	NA
Tub.82-k141_80979_8-6..286	Tub.82	Potential	SUL4	6	286	k141_80979_8	multidrug	undefined	0.266089312	51.8	284	273	9.13e-92	1	NA
Tub.82-k141_80979_8-6..286	Tub.82	Potential_loser	SUL4	6	286	k141_80979_8	peptide	undefined	0.216464678	51.8	284	273	9.13e-92	1	NA
Tub.105-k141_185612_2-20..228	Tub.105	Potential	MTRA	20	228	k141_185612_2	aminoglycoside	undefined	0.543467388	70.3	209	296	1.62e-103	1	NA
Tub.105-k141_185612_2-20..228	Tub.105	Potential_loser	MTRA	20	228	k141_185612_2	multidrug	CCP46065.1|FEATURES|mtrA|multidrug|mtrA	0.268246941	70.3	209	296	1.62e-103	1	NA
Tub.88-k141_246464_1-5..78	Tub.88	Probable	TRUNCATED_PUTATIVE_RESPONSE_REGULATOR_ARLR	5	78	k141_246464_1	unclassified	NC_002745.3251084.p01|FEATURES|truncated_putative_response_regulator_ArlR|unclassified|truncated_putative_response_regulator_ArlR	0.907569824	50.7	75	74.7	2.51e-19	1	NA
Tub.83-k141_130024_2-5..81	Tub.83	Probable	TRUNCATED_PUTATIVE_RESPONSE_REGULATOR_ARLR	5	81	k141_130024_2	unclassified	NC_002745.3251084.p01|FEATURES|truncated_putative_response_regulator_ArlR|unclassified|truncated_putative_response_regulator_ArlR	0.872702355	50.6	77	79	1.02e-19	1	NA
Tub.83-k141_130024_2-5..81	Tub.83	Potential_loser	TRUNCATED_PUTATIVE_RESPONSE_REGULATOR_ARLR	5	81	k141_130024_2	peptide	undefined	0.065623731	50.6	77	79	1.02e-19	1	NA
Tub.12-k141_311020_2-8..81	Tub.12	Probable	TRUNCATED_PUTATIVE_RESPONSE_REGULATOR_ARLR	8	81	k141_311020_2	unclassified	NC_002745.3251084.p01|FEATURES|truncated_putative_response_regulator_ArlR|unclassified|truncated_putative_response_regulator_ArlR	0.907569824	51.4	74	79.3	1.08e-21	1	NA
Tub.83-k141_781555_1-3..111	Tub.83	Potential	TRUNCATED_PUTATIVE_RESPONSE_REGULATOR_ARLR	3	111	k141_781555_1	aminoglycoside	undefined	0.302270899	50.9	110	114	1.87e-34	1	NA
Tub.83-k141_781555_1-3..111	Tub.83	Potential_loser	TRUNCATED_PUTATIVE_RESPONSE_REGULATOR_ARLR	3	111	k141_781555_1	unclassified	NC_002745.1124086.p01|FEATURES|truncated_putative_response_regulator_ArlR|unclassified|truncated_putative_response_regulator_ArlR	0.300525776	50.9	110	114	1.87e-34	1	NA
Tub.31-k141_85439_1-4..113	Tub.31	Potential	TRUNCATED_PUTATIVE_RESPONSE_REGULATOR_ARLR	4	113	k141_85439_1	aminoglycoside	undefined	0.307542671	53.1	113	113	4.38e-34	1	NA
Tub.31-k141_85439_1-4..113	Tub.31	Potential_loser	TRUNCATED_PUTATIVE_RESPONSE_REGULATOR_ARLR	4	113	k141_85439_1	unclassified	NC_002745.1124086.p01|FEATURES|truncated_putative_response_regulator_ArlR|unclassified|truncated_putative_response_regulator_ArlR	0.275484168	53.1	113	113	4.38e-34	1	NA
Tub.83-k141_661906_1-4..118	Tub.83	Potential	TRUNCATED_PUTATIVE_RESPONSE_REGULATOR_ARLR	4	118	k141_661906_1	unclassified	NC_002745.1124086.p01|FEATURES|truncated_putative_response_regulator_ArlR|unclassified|truncated_putative_response_regulator_ArlR	0.309671918	50.9	116	117	5.56e-34	1	NA
Tub.83-k141_661906_1-4..118	Tub.83	Potential_loser	TRUNCATED_PUTATIVE_RESPONSE_REGULATOR_ARLR	4	118	k141_661906_1	aminoglycoside	undefined	0.299821223	50.9	116	117	5.56e-34	1	NA
Tub.85-k141_611174_2-1..972	Tub.85	Probable	MTRD	1	972	k141_611174_2	multidrug	NP_274718.1|FEATURES|mtrD|multidrug|mtrD	0.917710587	56.4	974	1042	0	1	NA
Tub.34-k141_771855_2-2..151	Tub.34	Potential	TETC	2	151	k141_771855_2	aminoglycoside	undefined	0.374314617	52.3	151	143	7.01e-42	1	NA
Tub.34-k141_771855_2-2..151	Tub.34	Potential_loser	TETC	2	151	k141_771855_2	tetracycline	AY171578.gene.p01|FEATURES|tetC|tetracycline|tetC	0.231229011	52.3	151	143	7.01e-42	1	NA
Tub.1-k141_224561_3-9..261	Tub.1	Potential	KASUGAMYCIN_RESISTANCE_PROTEIN_KSGA	9	261	k141_224561_3	aminoglycoside	YP_002396141|FEATURES|kasugamycin_resistance_protein_ksgA|aminoglycoside|kasugamycin_resistance_protein_ksgA	0.751633231	50.2	253	224	1.48e-73	1	NA
Tub.1-k141_224561_3-9..261	Tub.1	Potential_loser	KASUGAMYCIN_RESISTANCE_PROTEIN_KSGA	9	261	k141_224561_3	peptide	undefined	0.091166541	50.2	253	224	1.48e-73	1	NA
Tub.99-k141_253634_1-3..115	Tub.99	Potential	TRUNCATED_PUTATIVE_RESPONSE_REGULATOR_ARLR	3	115	k141_253634_1	aminoglycoside	undefined	0.305931435	50	114	112	1.99e-33	1	NA
Tub.99-k141_253634_1-3..115	Tub.99	Potential_loser	TRUNCATED_PUTATIVE_RESPONSE_REGULATOR_ARLR	3	115	k141_253634_1	unclassified	NC_002745.1124086.p01|FEATURES|truncated_putative_response_regulator_ArlR|unclassified|truncated_putative_response_regulator_ArlR	0.284357848	50	114	112	1.99e-33	1	NA
Tub.30-k141_234708_1-1..113	Tub.30	Potential	RBPA	1	113	k141_234708_1	peptide	undefined	0.262488561	65.8	114	149	1.54e-48	1	NA
Tub.30-k141_234708_1-1..113	Tub.30	Potential_loser	RBPA	1	113	k141_234708_1	multidrug	undefined	0.228180259	65.8	114	149	1.54e-48	1	NA
Tub.105-k141_528345_2-4..662	Tub.105	Potential	OTRA	4	662	k141_528345_2	multidrug	undefined	0.346102787	50.8	679	581	8.55e-202	1	tetracycline antibiotic
Tub.105-k141_528345_2-4..662	Tub.105	Potential_loser	OTRA	4	662	k141_528345_2	aminoglycoside	undefined	0.200863839	50.8	679	581	8.55e-202	1	tetracycline antibiotic
Tub.83-k141_753117_1-1..136	Tub.83	Potential	ADP-RIBOSYLATING_TRANSFERASE_ARR	1	136	k141_753117_1	multidrug	undefined	0.379103801	72.1	140	204	1.67e-69	1	NA
Tub.83-k141_753117_1-1..136	Tub.83	Potential_loser	ADP-RIBOSYLATING_TRANSFERASE_ARR	1	136	k141_753117_1	peptide	undefined	0.147975433	72.1	140	204	1.67e-69	1	NA
Tub.59-k141_133154_6-17..405	Tub.59	Probable	ROSA	17	405	k141_133154_6	fosmidomycin	YP_001477378|FEATURES|rosA|fosmidomycin|rosA	0.999163163	63.2	389	486	1.63e-172	1	NA
Tub.94-k141_92501_1-14..307	Tub.94	Potential	TLA-1	14	307	k141_92501_1	beta-lactam	AAD37403.1|FEATURES|TLA-1|beta-lactam|TLA-1	0.715139353	52.7	294	294	7.19e-100	1	NA
Tub.94-k141_92501_1-14..307	Tub.94	Potential_loser	TLA-1	14	307	k141_92501_1	aminoglycoside	undefined	0.107112506	52.7	294	294	7.19e-100	1	NA
Tub.99-k141_100_2-5..271	Tub.99	Potential	OLEC	5	271	k141_100_2	tetracycline	undefined	0.897617748	53.6	267	268	1.29e-89	1	NA
Tub.99-k141_100_2-5..271	Tub.99	Potential_loser	OLEC	5	271	k141_100_2	MLS	AAA26793|FEATURES|oleC|MLS|oleC	0.07015302	53.6	267	268	1.29e-89	1	NA
Tub.104-k141_218822_6-22..176	Tub.104	Probable	AAC(6')-I	22	176	k141_218822_6	aminoglycoside	AB164230.1.gene1.p01|FEATURES|aac(6')-I|aminoglycoside|aac(6')-I	0.98417569	51.5	167	160	3.30e-51	1	NA
Tub.64-k141_385698_2-250..1122	Tub.64	Probable	RPOB2	250	1122	k141_385698_2	multidrug	BAD59497.1|FEATURES|rpoB2|multidrug|rpoB2	0.995364685	51.1	1046	971	0	1	NA
Tub.31-k141_513295_2-30..357	Tub.31	Probable	EMRA	30	357	k141_513295_2	multidrug	gi:582038907:ref:WP_024131355.1:|FEATURES|emrA|multidrug|emrA	0.818898741	50	330	296	5.58e-98	1	NA
Tub.31-k141_513295_2-30..357	Tub.31	Potential_loser	EMRA	30	357	k141_513295_2	fluoroquinolone	undefined	0.056016237	50	330	296	5.58e-98	1	NA
Tub.34-k141_621630_2-23..173	Tub.34	Probable	ERM(37)	23	173	k141_621630_2	MLS	CCP44758.1|FEATURES|Erm(37)|MLS|Erm(37)	0.999999041	55.4	157	154	8.61e-49	1	NA
Tub.34-k141_109980_2-17..326	Tub.34	Probable	TETA(48)	17	326	k141_109980_2	tetracycline	APB03214.1|FEATURES|tetA(48)|tetracycline|tetA(48)	0.916954796	64.2	310	389	5.74e-136	1	NA
Tub.105-k141_223781_2-17..335	Tub.105	Probable	TETA(48)	17	335	k141_223781_2	tetracycline	APB03214.1|FEATURES|tetA(48)|tetracycline|tetA(48)	0.996098353	50.3	320	309	3.15e-104	1	NA
Tub.18-k141_24670_7-1..126	Tub.18	Probable	GOLS	1	126	k141_24670_7	multidrug	NP_459349.1|FEATURES|golS|multidrug|golS	0.992531268	50	126	120	2.84e-36	1	NA
Tub.59-k141_674878_4-1..1027	Tub.59	Potential	MUXB	1	1027	k141_674878_4	aminocoumarin	NP_251217.1|FEATURES|MuxB|multidrug|MuxB	0.589877271	52.4	1029	994	0	1	NA
Tub.59-k141_674878_4-1..1027	Tub.59	Potential_loser	MUXB	1	1027	k141_674878_4	multidrug	NP_251217.1|FEATURES|MuxB|multidrug|MuxB	0.36913868	52.4	1029	994	0	1	NA
Tub.82-k141_272243_1-3..120	Tub.82	Potential	TRUNCATED_PUTATIVE_RESPONSE_REGULATOR_ARLR	3	120	k141_272243_1	unclassified	NC_002745.1124086.p01|FEATURES|truncated_putative_response_regulator_ArlR|unclassified|truncated_putative_response_regulator_ArlR	0.325461628	52.1	119	126	2.02e-37	1	NA
Tub.82-k141_272243_1-3..120	Tub.82	Potential_loser	TRUNCATED_PUTATIVE_RESPONSE_REGULATOR_ARLR	3	120	k141_272243_1	aminoglycoside	undefined	0.295103685	52.1	119	126	2.02e-37	1	NA
Tub.51-k141_98834_3-11..261	Tub.51	Probable	KASUGAMYCIN_RESISTANCE_PROTEIN_KSGA	11	261	k141_98834_3	aminoglycoside	Q56016|FEATURES|kasugamycin_resistance_protein_ksgA|aminoglycoside|kasugamycin_resistance_protein_ksgA	0.999583904	50.4	252	222	1.15e-72	1	NA
Tub.15-k141_291256_1-38..175	Tub.15	Probable	AAC(6')-I	38	175	k141_291256_1	aminoglycoside	AB164230.1.gene1.p01|FEATURES|aac(6')-I|aminoglycoside|aac(6')-I	0.999698013	53.9	152	158	1.68e-50	1	NA
Tub.26-k141_327099_1-8..286	Tub.26	Potential	SUL4	8	286	k141_327099_1	multidrug	undefined	0.273209729	50.7	280	261	3.12e-87	1	NA
Tub.26-k141_327099_1-8..286	Tub.26	Potential_loser	SUL4	8	286	k141_327099_1	peptide	undefined	0.213302542	50.7	280	261	3.12e-87	1	NA
Tub.31-k141_780362_2-1..1043	Tub.31	Probable	ACRB	1	1043	k141_780362_2	multidrug	gi:447055259:ref:WP_001132515.1:|FEATURES|acrB|multidrug|acrB	0.88105355	50.8	1051	957	0	1	NA
Tub.31-k141_780362_2-1..1043	Tub.31	Potential_loser	ACRB	1	1043	k141_780362_2	aminoglycoside	undefined	0.039305629	50.8	1051	957	0	1	NA
Tub.12-k141_389449_1-8..236	Tub.12	Probable	LLMA_23S_RIBOSOMAL_RNA_METHYLTRANSFERASE	8	236	k141_389449_1	MLS	APB03216.1|FEATURES|LlmA_23S_ribosomal_RNA_methyltransferase|MLS|LlmA_23S_ribosomal_RNA_methyltransferase	0.999722109	52.3	237	259	4.42e-87	1	NA
Tub.59-k141_378676_1-5..195	Tub.59	Probable	KDPE	5	195	k141_378676_1	aminoglycoside	NP_415222.1|FEATURES|kdpE|aminoglycoside|kdpE	0.95123783	51.5	194	191	3.37e-62	1	NA
Tub.105-k141_97336_1-11..131	Tub.105	Probable	FOSX	11	131	k141_97336_1	fosfomycin	gi:1000358689:ref:WP_061106234.1:|FEATURES|fosX|fosfomycin|fosX	0.909873418	66.1	121	175	3.28e-58	1	NA
Tub.99-k141_124329_1-29..143	Tub.99	Potential	ADP-RIBOSYLATING_TRANSFERASE_ARR	29	143	k141_124329_1	multidrug	undefined	0.388937087	54.6	119	135	1.58e-42	1	NA
Tub.99-k141_124329_1-29..143	Tub.99	Potential_loser	ADP-RIBOSYLATING_TRANSFERASE_ARR	29	143	k141_124329_1	rifamycin	AF001493.1.orf0.gene.p01|FEATURES|ADP-ribosylating_transferase_arr|rifamycin|ADP-ribosylating_transferase_arr	0.166062794	54.6	119	135	1.58e-42	1	NA
Tub.18-k141_244_2-1..213	Tub.18	Potential	KAMB	1	213	k141_244_2	peptide	undefined	0.234427942	54.7	214	227	3.89e-76	1	NA
Tub.18-k141_244_2-1..213	Tub.18	Potential_loser	KAMB	1	213	k141_244_2	multidrug	undefined	0.219140288	54.7	214	227	3.89e-76	1	NA
Tub.104-k141_260860_2-1..111	Tub.104	Potential	RBPA	1	111	k141_260860_2	peptide	undefined	0.253734672	50.4	113	112	2.23e-33	1	NA
Tub.104-k141_260860_2-1..111	Tub.104	Potential_loser	RBPA	1	111	k141_260860_2	multidrug	undefined	0.22426802	50.4	113	112	2.23e-33	1	NA
Tub.10-k141_338182_2-3..230	Tub.10	Probable	VANR	3	230	k141_338182_2	glycopeptide	gi:747653988:emb:CEL19270.1:|FEATURES|vanR|glycopeptide|vanR	0.999679183	55.7	228	240	9.63e-81	1	NA
Tub.31-k141_178534_2-4..224	Tub.31	Probable	KDPE	4	224	k141_178534_2	aminoglycoside	NP_415222.1|FEATURES|kdpE|aminoglycoside|kdpE	0.966779252	54.7	223	222	6.75e-74	1	NA
Tub.26-k141_271867_2-3..123	Tub.26	Potential	TRUNCATED_PUTATIVE_RESPONSE_REGULATOR_ARLR	3	123	k141_271867_2	unclassified	NC_002745.1124086.p01|FEATURES|truncated_putative_response_regulator_ArlR|unclassified|truncated_putative_response_regulator_ArlR	0.336811668	50	122	124	9.78e-37	1	NA
Tub.26-k141_271867_2-3..123	Tub.26	Potential_loser	TRUNCATED_PUTATIVE_RESPONSE_REGULATOR_ARLR	3	123	k141_271867_2	aminoglycoside	undefined	0.291582009	50	122	124	9.78e-37	1	NA
Tub.26-k141_341443_1-10..234	Tub.26	Probable	OMPR	10	234	k141_341443_1	multidrug	gi:909830386:gb:AKU13184.1:|FEATURES|ompR|multidrug|ompR	0.812570333	50	226	204	3.10e-66	1	NA
Tub.26-k141_341443_1-10..234	Tub.26	Potential_loser	OMPR	10	234	k141_341443_1	aminoglycoside	undefined	0.090079397	50	226	204	3.10e-66	1	NA
Tub.82-k141_413770_2-25..1150	Tub.82	Probable	RPOB2	25	1150	k141_413770_2	multidrug	BAD59497.1|FEATURES|rpoB2|multidrug|rpoB2	0.982246357	59.2	1162	1262	0	1	NA
Tub.18-k141_142731_1-1..105	Tub.18	Potential	RBPA	1	105	k141_142731_1	peptide	undefined	0.251641821	54.7	106	113	4.26e-34	1	NA
Tub.18-k141_142731_1-1..105	Tub.18	Potential_loser	RBPA	1	105	k141_142731_1	multidrug	undefined	0.22368361	54.7	106	113	4.26e-34	1	NA
Tub.16-k141_459298_1-17..153	Tub.16	Probable	AAC(3)-I	17	153	k141_459298_1	aminoglycoside	AAK12088|FEATURES|aac(3)-I|aminoglycoside|aac(3)-I	0.999975308	65.7	137	175	1.07e-57	1	NA
Tub.64-k141_180430_2-4..190	Tub.64	Probable	KDPE	4	190	k141_180430_2	aminoglycoside	NP_415222.1|FEATURES|kdpE|aminoglycoside|kdpE	0.988194436	61.2	188	239	7.98e-81	1	NA
Tub.18-k141_448962_1-15..109	Tub.18	Potential	RBPA	15	109	k141_448962_1	peptide	undefined	0.253525575	63.5	96	122	3.29e-38	1	NA
Tub.18-k141_448962_1-15..109	Tub.18	Potential_loser	RBPA	15	109	k141_448962_1	multidrug	undefined	0.224207349	63.5	96	122	3.29e-38	1	NA
Tub.15-k141_25370_1-1..109	Tub.15	Potential	RBPA	1	109	k141_25370_1	peptide	undefined	0.262039655	62.7	110	142	6.96e-46	1	NA
Tub.15-k141_25370_1-1..109	Tub.15	Potential_loser	RBPA	1	109	k141_25370_1	multidrug	undefined	0.227927567	62.7	110	142	6.96e-46	1	NA
Tub.107-k141_134532_1-5..118	Tub.107	Potential	TRUNCATED_PUTATIVE_RESPONSE_REGULATOR_ARLR	5	118	k141_134532_1	unclassified	NC_002745.1124086.p01|FEATURES|truncated_putative_response_regulator_ArlR|unclassified|truncated_putative_response_regulator_ArlR	0.342964907	53	115	121	7.19e-36	1	NA
Tub.107-k141_134532_1-5..118	Tub.107	Potential_loser	TRUNCATED_PUTATIVE_RESPONSE_REGULATOR_ARLR	5	118	k141_134532_1	aminoglycoside	undefined	0.289478615	53	115	121	7.19e-36	1	NA
Tub.105-k141_416324_2-1..109	Tub.105	Potential	RBPA	1	109	k141_416324_2	peptide	undefined	0.25968705	57.3	110	135	3.82e-43	1	NA
Tub.105-k141_416324_2-1..109	Tub.105	Potential_loser	RBPA	1	109	k141_416324_2	multidrug	undefined	0.225900043	57.3	110	135	3.82e-43	1	NA
Tub.59-k141_281365_7-1..1020	Tub.59	Potential	MUXC	1	1020	k141_281365_7	aminocoumarin	NP_251216.1|FEATURES|MuxC|multidrug|MuxC	0.664229484	56.8	1022	1074	0	1	NA
Tub.59-k141_281365_7-1..1020	Tub.59	Potential_loser	MUXC	1	1020	k141_281365_7	multidrug	NP_251216.1|FEATURES|MuxC|multidrug|MuxC	0.301181117	56.8	1022	1074	0	1	NA
Tub.88-k141_18010_15-12..365	Tub.88	Potential	MEXJ	12	365	k141_18010_15	triclosan	undefined	0.537988922	51.5	361	300	4.03e-100	1	NA
Tub.88-k141_18010_15-12..365	Tub.88	Potential_loser	MEXJ	12	365	k141_18010_15	multidrug	NP_252367.1|FEATURES|MexJ|multidrug|MexJ	0.155124356	51.5	361	300	4.03e-100	1	NA
Tub.26-k141_202828_1-11..126	Tub.26	Potential	ADP-RIBOSYLATING_TRANSFERASE_ARR	11	126	k141_202828_1	multidrug	undefined	0.434163111	69	116	169	5.59e-56	1	NA
Tub.26-k141_202828_1-11..126	Tub.26	Potential_loser	ADP-RIBOSYLATING_TRANSFERASE_ARR	11	126	k141_202828_1	peptide	undefined	0.137490118	69	116	169	5.59e-56	1	NA
Tub.12-k141_397099_1-1..118	Tub.12	Potential	TRUNCATED_PUTATIVE_RESPONSE_REGULATOR_ARLR	1	118	k141_397099_1	unclassified	NC_002745.1124086.p01|FEATURES|truncated_putative_response_regulator_ArlR|unclassified|truncated_putative_response_regulator_ArlR	0.342964907	51.3	119	125	1.50e-38	1	NA
Tub.12-k141_397099_1-1..118	Tub.12	Potential_loser	TRUNCATED_PUTATIVE_RESPONSE_REGULATOR_ARLR	1	118	k141_397099_1	aminoglycoside	undefined	0.289478615	51.3	119	125	1.50e-38	1	NA
Tub.82-k141_59274_1-9..230	Tub.82	Probable	KASUGAMYCIN_RESISTANCE_PROTEIN_KSGA	9	230	k141_59274_1	aminoglycoside	YP_001439344|FEATURES|kasugamycin_resistance_protein_ksgA|aminoglycoside|kasugamycin_resistance_protein_ksgA	0.999999796	54.7	225	235	5.23e-78	1	NA
Tub.58-k141_532044_2-4..321	Tub.58	Probable	TETA(48)	4	321	k141_532044_2	tetracycline	APB03214.1|FEATURES|tetA(48)|tetracycline|tetA(48)	0.997253766	51.7	325	309	7.30e-105	1	NA
Tub.59-k141_293033_3-1..277	Tub.59	Potential	BACA	1	277	k141_293033_3	peptide	undefined	0.273015893	52.3	279	267	4.05e-90	1	NA
Tub.59-k141_293033_3-1..277	Tub.59	Potential_loser	BACA	1	277	k141_293033_3	multidrug	undefined	0.225436924	52.3	279	267	4.05e-90	1	NA
Tub.4-k141_927208_3-2..160	Tub.4	Potential	DFRA3	2	160	k141_927208_3	peptide	undefined	0.300650896	53.8	160	174	5.70e-57	1	NA
Tub.4-k141_927208_3-2..160	Tub.4	Potential_loser	DFRA3	2	160	k141_927208_3	aminoglycoside	undefined	0.18938683	53.8	160	174	5.70e-57	1	NA
Tub.105-k141_74629_2-10..256	Tub.105	Probable	AAC(3)-IV	10	256	k141_74629_2	aminoglycoside	gi:446015186:ref:WP_000093041.1:|FEATURES|aac(3)-IV|aminoglycoside|aac(3)-IV	0.999881653	53.4	249	260	1.23e-87	1	NA
Tub.31-k141_647396_3-3..118	Tub.31	Potential	TRUNCATED_PUTATIVE_RESPONSE_REGULATOR_ARLR	3	118	k141_647396_3	aminoglycoside	undefined	0.302281926	51.7	116	122	6.91e-36	1	NA
Tub.31-k141_647396_3-3..118	Tub.31	Potential_loser	TRUNCATED_PUTATIVE_RESPONSE_REGULATOR_ARLR	3	118	k141_647396_3	unclassified	NC_002745.1124086.p01|FEATURES|truncated_putative_response_regulator_ArlR|unclassified|truncated_putative_response_regulator_ArlR	0.300481601	51.7	116	122	6.91e-36	1	NA
Tub.107-k141_117506_1-10..107	Tub.107	Probable	QACH	10	107	k141_117506_1	fluoroquinolone	AAZ42322.1|FEATURES|qacH|fluoroquinolone|qacH	0.820813486	55.1	98	105	2.99e-31	1	NA
Tub.107-k141_117506_1-10..107	Tub.107	Potential_loser	EMRE	10	107	k141_117506_1	multidrug	ZP_03048536|FEATURES|emrE|multidrug|emrE	0.145786019	55.1	98	105	2.99e-31	1	NA
Tub.10-k141_242948_1-5..78	Tub.10	Probable	TRUNCATED_PUTATIVE_RESPONSE_REGULATOR_ARLR	5	78	k141_242948_1	unclassified	NC_002745.3251084.p01|FEATURES|truncated_putative_response_regulator_ArlR|unclassified|truncated_putative_response_regulator_ArlR	0.892888351	51.4	74	75.9	1.56e-18	1	NA
Tub.10-k141_242948_1-5..78	Tub.10	Potential_loser	TRUNCATED_PUTATIVE_RESPONSE_REGULATOR_ARLR	5	78	k141_242948_1	peptide	undefined	0.055721222	51.4	74	75.9	1.56e-18	1	NA
Tub.64-k141_36551_9-35..363	Tub.64	Probable	MEXA	35	363	k141_36551_9	multidrug	gi:959849088:ref:WP_058134093.1:|FEATURES|mexA|multidrug|mexA	0.99596069	50.1	343	284	1.96e-93	1	NA
Tub.31-k141_304264_3-20..287	Tub.31	Probable	LRA	20	287	k141_304264_3	beta-lactam	EU408351.1.gene26.p01|FEATURES|LRA-12|beta-lactam|LRA	0.999983935	71.3	268	402	1.11e-142	1	NA
Tub.105-k141_117516_2-20..175	Tub.105	Probable	AAC(6')-I	20	175	k141_117516_2	aminoglycoside	AB164230.1.gene1.p01|FEATURES|aac(6')-I|aminoglycoside|aac(6')-I	0.999660093	50	168	167	1.07e-53	1	NA
Tub.105-k141_327057_9-25..596	Tub.105	Probable	MULTIDRUG_ABC_TRANSPORTER	25	596	k141_327057_9	multidrug	gi:921231571:ref:WP_053176464.1:|FEATURES|multidrug_ABC_transporter|multidrug|multidrug_ABC_transporter	0.997706317	51.7	598	548	1.85e-190	1	NA
Tub.85-k141_605111_1-25..1153	Tub.85	Probable	RPOB2	25	1153	k141_605111_1	multidrug	BAD59497.1|FEATURES|rpoB2|multidrug|rpoB2	0.994927944	56.3	1211	1231	0	1	NA
Tub.83-k141_210430_3-4..223	Tub.83	Potential	MTRA	4	223	k141_210430_3	aminoglycoside	undefined	0.514388739	50	224	223	2.61e-74	1	NA
Tub.83-k141_210430_3-4..223	Tub.83	Potential_loser	MTRA	4	223	k141_210430_3	multidrug	CCP46065.1|FEATURES|mtrA|multidrug|mtrA	0.271462163	50	224	223	2.61e-74	1	NA
Tub.94-k141_117211_3-12..273	Tub.94	Probable	BACA	12	273	k141_117211_3	bacitracin	YP_985461|FEATURES|bacA|bacitracin|bacA	0.982191382	74.5	263	384	2.82e-136	1	NA
Tub.10-k141_402589_2-3..78	Tub.10	Probable	TRUNCATED_PUTATIVE_RESPONSE_REGULATOR_ARLR	3	78	k141_402589_2	unclassified	NC_002745.3251084.p01|FEATURES|truncated_putative_response_regulator_ArlR|unclassified|truncated_putative_response_regulator_ArlR	0.827192542	50.6	77	65.9	2.16e-14	1	NA
Tub.10-k141_402589_2-3..78	Tub.10	Potential_loser	TRUNCATED_PUTATIVE_RESPONSE_REGULATOR_ARLR	3	78	k141_402589_2	peptide	undefined	0.087106156	50.6	77	65.9	2.16e-14	1	NA
Tub.58-k141_49013_2-1..1035	Tub.58	Probable	ACRB	1	1035	k141_49013_2	multidrug	gi:491078681:ref:WP_004940301.1:|FEATURES|acrB|multidrug|acrB	0.923690951	53.8	1042	1021	0	1	NA
Tub.34-k141_223348_1-5..150	Tub.34	Probable	ARR-4	5	150	k141_223348_1	rifamycin	ABV26705.1|FEATURES|arr-4|rifamycin|arr-4	0.99974352	59.6	146	188	9.31e-63	1	NA
Tub.26-k141_276470_1-3..123	Tub.26	Potential	TRUNCATED_PUTATIVE_RESPONSE_REGULATOR_ARLR	3	123	k141_276470_1	unclassified	NC_002745.1124086.p01|FEATURES|truncated_putative_response_regulator_ArlR|unclassified|truncated_putative_response_regulator_ArlR	0.312242586	50.4	123	116	4.18e-34	1	NA
Tub.26-k141_276470_1-3..123	Tub.26	Potential_loser	TRUNCATED_PUTATIVE_RESPONSE_REGULATOR_ARLR	3	123	k141_276470_1	aminoglycoside	undefined	0.299095153	50.4	123	116	4.18e-34	1	NA
Tub.104-k141_464861_1-41..225	Tub.104	Potential	MTRA	41	225	k141_464861_1	aminoglycoside	undefined	0.382901738	51.6	188	170	7.37e-54	1	NA
Tub.104-k141_464861_1-41..225	Tub.104	Potential_loser	MTRA	41	225	k141_464861_1	multidrug	CCP46065.1|FEATURES|mtrA|multidrug|mtrA	0.27445124	51.6	188	170	7.37e-54	1	NA
Tub.59-k141_437818_1-3..157	Tub.59	Probable	AAC(6')-I	3	157	k141_437818_1	aminoglycoside	AB116646.1.gene1.p01|FEATURES|aac(6')-I|aminoglycoside|aac(6')-I	0.993578869	53.9	165	154	5.79e-49	1	NA
Tub.105-k141_499948_2-3..316	Tub.105	Potential	OLEC	3	316	k141_499948_2	tetracycline	undefined	0.890764098	51.1	319	300	2.80e-101	1	NA
Tub.105-k141_499948_2-3..316	Tub.105	Potential_loser	OLEC	3	316	k141_499948_2	MLS	AAA26793|FEATURES|oleC|MLS|oleC	0.070905808	51.1	319	300	2.80e-101	1	NA
Tub.82-k141_446321_31-4..118	Tub.82	Potential	TRUNCATED_PUTATIVE_RESPONSE_REGULATOR_ARLR	4	118	k141_446321_31	aminoglycoside	undefined	0.3047374	52.6	116	114	6.23e-33	1	NA
Tub.82-k141_446321_31-4..118	Tub.82	Potential_loser	TRUNCATED_PUTATIVE_RESPONSE_REGULATOR_ARLR	4	118	k141_446321_31	unclassified	NC_002745.1124086.p01|FEATURES|truncated_putative_response_regulator_ArlR|unclassified|truncated_putative_response_regulator_ArlR	0.290121393	52.6	116	114	6.23e-33	1	NA
Tub.30-k141_283452_1-3..118	Tub.30	Potential	TRUNCATED_PUTATIVE_RESPONSE_REGULATOR_ARLR	3	118	k141_283452_1	aminoglycoside	undefined	0.304476851	50.4	117	117	7.21e-34	1	NA
Tub.30-k141_283452_1-3..118	Tub.30	Potential_loser	TRUNCATED_PUTATIVE_RESPONSE_REGULATOR_ARLR	3	118	k141_283452_1	unclassified	NC_002745.1124086.p01|FEATURES|truncated_putative_response_regulator_ArlR|unclassified|truncated_putative_response_regulator_ArlR	0.291286268	50.4	117	117	7.21e-34	1	NA
Tub.4-k141_827345_1-9..257	Tub.4	Potential	KASUGAMYCIN_RESISTANCE_PROTEIN_KSGA	9	257	k141_827345_1	aminoglycoside	A7FMC1|FEATURES|kasugamycin_resistance_protein_ksgA|aminoglycoside|kasugamycin_resistance_protein_ksgA	0.409988762	50.4	250	236	2.65e-78	1	NA
Tub.4-k141_827345_1-9..257	Tub.4	Potential_loser	KASUGAMYCIN_RESISTANCE_PROTEIN_KSGA	9	257	k141_827345_1	peptide	undefined	0.203442352	50.4	250	236	2.65e-78	1	NA
Tub.16-k141_667909_1-4..135	Tub.16	Probable	AAC(3)-I	4	135	k141_667909_1	aminoglycoside	AJ511268.1.gene3.p01|FEATURES|aac(3)-I|aminoglycoside|aac(3)-I	0.999772545	64.4	132	157	5.23e-51	1	NA
Tub.104-k141_31463_12-16..322	Tub.104	Probable	TETA(48)	16	322	k141_31463_12	tetracycline	APB03214.1|FEATURES|tetA(48)|tetracycline|tetA(48)	0.997074214	58	307	340	8.41e-117	1	NA
Tub.11-k141_75559_3-2..130	Tub.11	Potential	DFRA3	2	130	k141_75559_3	peptide	undefined	0.294861789	50	130	131	5.52e-40	1	NA
Tub.11-k141_75559_3-2..130	Tub.11	Potential_loser	DFRA3	2	130	k141_75559_3	aminoglycoside	undefined	0.194274566	50	130	131	5.52e-40	1	NA
Tub.82-k141_347342_5-21..592	Tub.82	Potential	MULTIDRUG_ABC_TRANSPORTER	21	592	k141_347342_5	multidrug	gi:662129758:ref:WP_030081404.1:|FEATURES|multidrug_ABC_transporter|multidrug|multidrug_ABC_transporter	0.415061908	50.3	579	535	4.06e-185	1	NA
Tub.82-k141_347342_5-21..592	Tub.82	Potential_loser	MULTIDRUG_ABC_TRANSPORTER	21	592	k141_347342_5	aminoglycoside	undefined	0.224331626	50.3	579	535	4.06e-185	1	NA
Tub.59-k141_561421_1-2..109	Tub.59	Potential	RBPA	2	109	k141_561421_1	peptide	undefined	0.261632799	54.5	110	106	1.65e-31	1	NA
Tub.59-k141_561421_1-2..109	Tub.59	Potential_loser	RBPA	2	109	k141_561421_1	multidrug	undefined	0.227657102	54.5	110	106	1.65e-31	1	NA
Tub.13-k141_330554_3-6..217	Tub.13	Probable	VANR	6	217	k141_330554_3	glycopeptide	gi:983429529:ref:WP_060593182.1:|FEATURES|vanR|glycopeptide|vanR	0.981486651	50.9	212	202	2.25e-66	1	NA
Tub.83-k141_903273_1-23..234	Tub.83	Potential	BACA	23	234	k141_903273_1	multidrug	undefined	0.329914452	57.1	212	226	1.80e-75	1	NA
Tub.83-k141_903273_1-23..234	Tub.83	Potential_loser	BACA	23	234	k141_903273_1	peptide	undefined	0.165917996	57.1	212	226	1.80e-75	1	NA
Tub.58-k141_601149_1-13..230	Tub.58	Probable	APH(3')-I	13	230	k141_601149_1	aminoglycoside	YP_112402|FEATURES|aph(3')-I|aminoglycoside|aph(3')-I	0.995594451	59.6	223	260	4.83e-88	1	NA
Tub.110-k141_179153_2-9..428	Tub.110	Probable	QEPA	9	428	k141_179153_2	fluoroquinolone	gi:1039004533:ref:WP_064760451.1:|FEATURES|qepA|fluoroquinolone|qepA	0.991697324	52.2	423	394	3.47e-134	1	NA
Tub.83-k141_25685_9-41..388	Tub.83	Potential	MDTA	41	388	k141_25685_9	aminoglycoside:aminocoumarin	undefined	0.298340857	51.4	348	329	1.67e-110	1	NA
Tub.83-k141_25685_9-41..388	Tub.83	Potential_loser	MDTA	41	388	k141_25685_9	peptide	undefined	0.15723245	51.4	348	329	1.67e-110	1	NA
Tub.83-k141_851001_1-1..126	Tub.83	Probable	GOLS	1	126	k141_851001_1	multidrug	NP_459349.1|FEATURES|golS|multidrug|golS	0.997070755	55.6	126	147	1.18e-46	1	NA
Tub.30-k141_425912_2-15..357	Tub.30	Probable	EMRA	15	357	k141_425912_2	multidrug	gi:695709491:ref:WP_032642979.1:|FEATURES|emrA|multidrug|emrA	0.995691743	51.3	343	317	2.91e-106	1	NA
Tub.82-k141_15806_5-14..590	Tub.82	Probable	MULTIDRUG_ABC_TRANSPORTER	14	590	k141_15806_5	multidrug	gi:921231571:ref:WP_053176464.1:|FEATURES|multidrug_ABC_transporter|multidrug|multidrug_ABC_transporter	0.994234776	50.2	609	539	1.02e-186	1	NA
Tub.11-k141_207039_14-5..227	Tub.11	Potential	MTRA	5	227	k141_207039_14	aminoglycoside	undefined	0.587850259	71.3	223	326	7.07e-115	1	NA
Tub.11-k141_207039_14-5..227	Tub.11	Potential_loser	MTRA	5	227	k141_207039_14	multidrug	CCP46065.1|FEATURES|mtrA|multidrug|mtrA	0.261869414	71.3	223	326	7.07e-115	1	NA
Tub.58-k141_394284_3-8..269	Tub.58	Probable	KASUGAMYCIN_RESISTANCE_PROTEIN_KSGA	8	269	k141_394284_3	aminoglycoside	ZP_02902942|FEATURES|kasugamycin_resistance_protein_ksgA|aminoglycoside|kasugamycin_resistance_protein_ksgA	0.999999939	53.1	262	279	9.78e-95	1	NA
Tub.85-k141_230775_16-5..225	Tub.85	Probable	KDPE	5	225	k141_230775_16	aminoglycoside	NP_415222.1|FEATURES|kdpE|aminoglycoside|kdpE	0.986651403	64.4	222	293	1.14e-101	1	NA
Tub.105-k141_68385_165-1..109	Tub.105	Potential	RBPA	1	109	k141_68385_165	peptide	undefined	0.259494524	61.8	110	134	1.55e-42	1	NA
Tub.105-k141_68385_165-1..109	Tub.105	Potential_loser	RBPA	1	109	k141_68385_165	multidrug	undefined	0.225770724	61.8	110	134	1.55e-42	1	NA
Tub.104-k141_561646_9-16..326	Tub.104	Probable	TETA(48)	16	326	k141_561646_9	tetracycline	APB03214.1|FEATURES|tetA(48)|tetracycline|tetA(48)	0.997149769	57.2	311	340	5.57e-117	1	NA
Tub.31-k141_757642_1-4..210	Tub.31	Probable	KDPE	4	210	k141_757642_1	aminoglycoside	NP_415222.1|FEATURES|kdpE|aminoglycoside|kdpE	0.957743649	51.2	209	206	9.90e-68	1	NA
Tub.58-k141_575338_2-41..225	Tub.58	Probable	KDPE	41	225	k141_575338_2	aminoglycoside	NP_415222.1|FEATURES|kdpE|aminoglycoside|kdpE	0.959074725	53.5	185	204	1.29e-67	1	NA
Tub.105-k141_537785_1-3..118	Tub.105	Potential	TRUNCATED_PUTATIVE_RESPONSE_REGULATOR_ARLR	3	118	k141_537785_1	unclassified	NC_002745.1124086.p01|FEATURES|truncated_putative_response_regulator_ArlR|unclassified|truncated_putative_response_regulator_ArlR	0.339596823	50	122	114	7.18e-33	1	NA
Tub.105-k141_537785_1-3..118	Tub.105	Potential_loser	TRUNCATED_PUTATIVE_RESPONSE_REGULATOR_ARLR	3	118	k141_537785_1	aminoglycoside	undefined	0.290639818	50	122	114	7.18e-33	1	NA
Tub.99-k141_180174_2-7..81	Tub.99	Probable	TRUNCATED_PUTATIVE_RESPONSE_REGULATOR_ARLR	7	81	k141_180174_2	unclassified	NC_002745.3251084.p01|FEATURES|truncated_putative_response_regulator_ArlR|unclassified|truncated_putative_response_regulator_ArlR	0.907569824	50	76	70.1	8.57e-17	1	NA
Tub.82-k141_491111_1-15..209	Tub.82	Probable	VATF	15	209	k141_491111_1	MLS	AAF63432|FEATURES|vatF|MLS|vatF	0.999999505	52.6	196	218	8.15e-73	1	NA
Tub.10-k141_301419_2-5..263	Tub.10	Potential	BACA	5	263	k141_301419_2	peptide	undefined	0.3108378	50	264	219	3.01e-71	1	NA
Tub.10-k141_301419_2-5..263	Tub.10	Potential_loser	BACA	5	263	k141_301419_2	multidrug	undefined	0.168093225	50	264	219	3.01e-71	1	NA
Tub.83-k141_3116_8-1..1027	Tub.83	Potential	MUXC	1	1027	k141_3116_8	aminocoumarin	NP_251216.1|FEATURES|MuxC|multidrug|MuxC	0.675913997	58.2	1029	1113	0	1	NA
Tub.83-k141_3116_8-1..1027	Tub.83	Potential_loser	MUXC	1	1027	k141_3116_8	multidrug	NP_251216.1|FEATURES|MuxC|multidrug|MuxC	0.29238042	58.2	1029	1113	0	1	NA
Tub.83-k141_279890_2-37..210	Tub.83	Probable	CAMP-REGULATORY_PROTEIN	37	210	k141_279890_2	unclassified	gi:491301754:ref:WP_005159757.1:|FEATURES|cAMP-regulatory_protein|unclassified|cAMP-regulatory_protein	0.994576435	55.9	179	200	4.75e-66	1	NA
Tub.51-k141_271132_3-1..378	Tub.51	Probable	ROSA	1	378	k141_271132_3	fosmidomycin	ZP_04623896|FEATURES|rosA|fosmidomycin|rosA	0.999274644	72	378	531	7.20e-190	1	NA
Tub.85-k141_250296_1-1..151	Tub.85	Probable	AAC(3)-I	1	151	k141_250296_1	aminoglycoside	gi:746038505:ref:WP_039110078.1:|FEATURES|aac(3)-I|aminoglycoside|aac(3)-I	0.999999986	60.3	151	184	7.45e-61	1	NA
Tub.51-k141_31985_2-1..126	Tub.51	Probable	GOLS	1	126	k141_31985_2	multidrug	NP_459349.1|FEATURES|golS|multidrug|golS	0.997775616	58.7	126	154	1.32e-49	1	NA
Tub.18-k141_465648_1-10..210	Tub.18	Potential	MTRA	10	210	k141_465648_1	aminoglycoside	undefined	0.573882478	74.6	205	303	3.45e-106	1	NA
Tub.18-k141_465648_1-10..210	Tub.18	Potential_loser	MTRA	10	210	k141_465648_1	multidrug	CCP46065.1|FEATURES|mtrA|multidrug|mtrA	0.264176132	74.6	205	303	3.45e-106	1	NA
Tub.85-k141_575084_3-1..1036	Tub.85	Probable	MEXF	1	1036	k141_575084_3	multidrug	CP000675.2.gene2298.p01|FEATURES|mexF|multidrug|mexF	0.999942728	53	1040	1040	0	1	fluoroquinolone antibiotic; tetracycline antibiotic
Tub.94-k141_546516_6-23..1153	Tub.94	Probable	RPOB2	23	1153	k141_546516_6	multidrug	BAD59497.1|FEATURES|rpoB2|multidrug|rpoB2	0.995364685	57.2	1146	1234	0	1	NA
Tub.30-k141_131358_2-1..266	Tub.30	Potential	BACA	1	266	k141_131358_2	fluoroquinolone	undefined	0.525530781	53.2	267	269	1.72e-90	1	NA
Tub.30-k141_131358_2-1..266	Tub.30	Potential_loser	BACA	1	266	k141_131358_2	multidrug	undefined	0.11674069	53.2	267	269	1.72e-90	1	NA
Tub.18-k141_128776_1-6..176	Tub.18	Probable	AAC(6')-31	6	176	k141_128776_1	aminoglycoside	gi:950228232:ref:WP_057272322.1:|FEATURES|aac(6')-31|aminoglycoside|aac(6')-31	0.999999741	53.8	171	201	5.30e-67	1	NA
Tub.94-k141_120838_5-3..385	Tub.94	Probable	SMED	3	385	k141_120838_5	multidrug	CAC14594|FEATURES|smeD|multidrug|smeD	0.999953894	60.4	384	404	9.87e-141	1	NA
Tub.15-k141_129185_2-3..118	Tub.15	Potential	TRUNCATED_PUTATIVE_RESPONSE_REGULATOR_ARLR	3	118	k141_129185_2	unclassified	NC_002745.1124086.p01|FEATURES|truncated_putative_response_regulator_ArlR|unclassified|truncated_putative_response_regulator_ArlR	0.316420898	50.9	116	122	1.01e-35	1	NA
Tub.15-k141_129185_2-3..118	Tub.15	Potential_loser	TRUNCATED_PUTATIVE_RESPONSE_REGULATOR_ARLR	3	118	k141_129185_2	aminoglycoside	undefined	0.297887254	50.9	116	122	1.01e-35	1	NA
Tub.10-k141_286522_1-3..119	Tub.10	Potential	TRUNCATED_PUTATIVE_RESPONSE_REGULATOR_ARLR	3	119	k141_286522_1	unclassified	NC_002745.1124086.p01|FEATURES|truncated_putative_response_regulator_ArlR|unclassified|truncated_putative_response_regulator_ArlR	0.342964907	51.3	117	130	9.07e-39	1	NA
Tub.10-k141_286522_1-3..119	Tub.10	Potential_loser	TRUNCATED_PUTATIVE_RESPONSE_REGULATOR_ARLR	3	119	k141_286522_1	aminoglycoside	NC_002745.1124086.p01|FEATURES|truncated_putative_response_regulator_ArlR|unclassified|truncated_putative_response_regulator_ArlR	0.289478615	51.3	117	130	9.07e-39	1	NA
Tub.18-k141_57408_1-1..95	Tub.18	Potential	RBPA	1	95	k141_57408_1	peptide	undefined	0.254330461	61.5	96	126	1.15e-39	1	NA
Tub.18-k141_57408_1-1..95	Tub.18	Potential_loser	RBPA	1	95	k141_57408_1	multidrug	undefined	0.224463243	61.5	96	126	1.15e-39	1	NA
Tub.104-k141_210201_2-2..143	Tub.104	Probable	ADP-RIBOSYLATING_TRANSFERASE_ARR	2	143	k141_210201_2	rifamycin	AF001493.1.orf0.gene.p01|FEATURES|ADP-ribosylating_transferase_arr|rifamycin|ADP-ribosylating_transferase_arr	0.999847526	74.6	142	229	3.48e-79	1	NA
Tub.18-k141_621489_2-1..228	Tub.18	Probable	VANR	1	228	k141_621489_2	glycopeptide	gi:971852285:ref:WP_058921193.1:|FEATURES|vanR|glycopeptide|vanR	0.999985125	54.4	228	237	1.59e-79	1	NA
Tub.1-k141_290026_2-8..282	Tub.1	Potential	RM3	8	282	k141_290026_2	aminoglycoside	undefined	0.351970643	53.1	275	288	4.45e-98	1	NA
Tub.1-k141_290026_2-8..282	Tub.1	Potential_loser	RM3	8	282	k141_290026_2	multidrug	undefined	0.173815323	53.1	275	288	4.45e-98	1	NA
Tub.59-k141_458496_2-1..199	Tub.59	Potential	VEB-1	1	199	k141_458496_2	aminoglycoside	undefined	0.245301448	53.7	201	226	6.57e-76	1	NA
Tub.59-k141_458496_2-1..199	Tub.59	Potential_loser	VEB-1	1	199	k141_458496_2	peptide	undefined	0.184461476	53.7	201	226	6.57e-76	1	NA
Tub.104-k141_301780_2-7..132	Tub.104	Probable	BLEO	7	132	k141_301780_2	glycopeptide	NC_002758.1119995.p01|FEATURES|bleO|glycopeptide|bleO	0.99999217	51.9	129	140	2.87e-44	1	NA
Tub.104-k141_252851_1-7..170	Tub.104	Probable	ERM(37)	7	170	k141_252851_1	MLS	CCP44758.1|FEATURES|Erm(37)|MLS|Erm(37)	0.999998387	59.8	169	176	2.20e-57	1	NA
Tub.83-k141_887704_1-21..130	Tub.83	Potential	ADP-RIBOSYLATING_TRANSFERASE_ARR	21	130	k141_887704_1	multidrug	undefined	0.294781041	51.8	110	122	2.28e-37	1	NA
Tub.83-k141_887704_1-21..130	Tub.83	Potential_loser	ADP-RIBOSYLATING_TRANSFERASE_ARR	21	130	k141_887704_1	peptide	undefined	0.231107185	51.8	110	122	2.28e-37	1	NA
Tub.58-k141_645849_2-16..310	Tub.58	Probable	TLA-1	16	310	k141_645849_2	beta-lactam	AAD37403.1|FEATURES|TLA-1|beta-lactam|TLA-1	0.999997871	54.2	295	320	3.50e-110	1	NA
Tub.104-k141_246316_3-1..109	Tub.104	Potential	RBPA	1	109	k141_246316_3	peptide	undefined	0.25914024	59.1	110	135	5.43e-43	1	NA
Tub.104-k141_246316_3-1..109	Tub.104	Potential_loser	RBPA	1	109	k141_246316_3	multidrug	undefined	0.22560547	59.1	110	135	5.43e-43	1	NA
Tub.34-k141_344944_2-27..174	Tub.34	Probable	AAC(6')-I	27	174	k141_344944_2	aminoglycoside	AB164230.1.gene1.p01|FEATURES|aac(6')-I|aminoglycoside|aac(6')-I	0.999698013	54.5	156	169	1.19e-54	1	NA
Tub.30-k141_135148_1-56..293	Tub.30	Potential	BACA	56	293	k141_135148_1	multidrug	undefined	0.267886512	55.5	238	256	1.90e-86	1	NA
Tub.30-k141_135148_1-56..293	Tub.30	Potential_loser	BACA	56	293	k141_135148_1	peptide	undefined	0.231312371	55.5	238	256	1.90e-86	1	NA
Tub.4-k141_258237_1-16..322	Tub.4	Probable	TETA(48)	16	322	k141_258237_1	tetracycline	APB03214.1|FEATURES|tetA(48)|tetracycline|tetA(48)	0.997191429	52.9	312	302	3.76e-102	1	NA
Tub.85-k141_288684_10-3..118	Tub.85	Potential	TRUNCATED_PUTATIVE_RESPONSE_REGULATOR_ARLR	3	118	k141_288684_10	unclassified	NC_002745.1124086.p01|FEATURES|truncated_putative_response_regulator_ArlR|unclassified|truncated_putative_response_regulator_ArlR	0.310188653	50	116	119	1.87e-34	1	NA
Tub.85-k141_288684_10-3..118	Tub.85	Potential_loser	TRUNCATED_PUTATIVE_RESPONSE_REGULATOR_ARLR	3	118	k141_288684_10	aminoglycoside	undefined	0.299676302	50	116	119	1.87e-34	1	NA
Tub.104-k141_419370_1-5..312	Tub.104	Probable	TETA(48)	5	312	k141_419370_1	tetracycline	APB03214.1|FEATURES|tetA(48)|tetracycline|tetA(48)	0.995938954	51.5	309	298	8.21e-101	1	NA
Tub.58-k141_1274_2-6..208	Tub.58	Probable	MEXL	6	208	k141_1274_2	multidrug	NP_252368.1|FEATURES|MexL|multidrug|MexL	0.994769086	60.1	203	248	8.59e-85	1	NA
Tub.105-k141_333486_1-12..118	Tub.105	Potential	TRUNCATED_PUTATIVE_RESPONSE_REGULATOR_ARLR	12	118	k141_333486_1	unclassified	NC_002745.1124086.p01|FEATURES|truncated_putative_response_regulator_ArlR|unclassified|truncated_putative_response_regulator_ArlR	0.33622423	51.4	107	113	1.46e-33	1	NA
Tub.105-k141_333486_1-12..118	Tub.105	Potential_loser	TRUNCATED_PUTATIVE_RESPONSE_REGULATOR_ARLR	12	118	k141_333486_1	aminoglycoside	undefined	0.291779215	51.4	107	113	1.46e-33	1	NA
Tub.4-k141_173163_1-1..206	Tub.4	Potential	BACA	1	206	k141_173163_1	peptide	undefined	0.245078475	70.9	206	296	1.26e-102	1	NA
Tub.4-k141_173163_1-1..206	Tub.4	Potential_loser	BACA	1	206	k141_173163_1	tetracycline	undefined	0.178949209	70.9	206	296	1.26e-102	1	NA
Tub.31-k141_225627_1-19..388	Tub.31	Potential	EMRA	19	388	k141_225627_1	multidrug	gi:695792093:ref:WP_032706315.1:|FEATURES|emrA|multidrug|emrA	0.397110703	50	370	310	6.36e-104	1	NA
Tub.31-k141_225627_1-19..388	Tub.31	Potential_loser	EMRA	19	388	k141_225627_1	peptide	undefined	0.150104266	50	370	310	6.36e-104	1	NA
Tub.105-k141_116601_2-1..217	Tub.105	Probable	VANR	1	217	k141_116601_2	glycopeptide	gi:943675889:ref:WP_055502070.1:|FEATURES|vanR|glycopeptide|vanR	0.99997691	53	217	223	1.99e-74	1	NA
Tub.16-k141_833407_3-8..430	Tub.16	Probable	QEPA	8	430	k141_833407_3	fluoroquinolone	gi:1039004533:ref:WP_064760451.1:|FEATURES|qepA|fluoroquinolone|qepA	0.991697324	58	426	454	1.38e-157	1	NA
Tub.26-k141_388107_8-1..484	Tub.26	Probable	OPRM	1	484	k141_388107_8	multidrug	YP_002083353|FEATURES|oprM|multidrug|oprM	0.999972065	63	484	551	1.77e-195	1	NA
Tub.58-k141_381219_2-12..210	Tub.58	Probable	CAMP-REGULATORY_PROTEIN	12	210	k141_381219_2	unclassified	gi:490367208:ref:WP_004246872.1:|FEATURES|cAMP-regulatory_protein|unclassified|cAMP-regulatory_protein	0.995420394	66.8	202	283	2.25e-98	1	NA
Tub.104-k141_315194_4-5..228	Tub.104	Potential	MTRA	5	228	k141_315194_4	aminoglycoside	undefined	0.544059918	71.4	224	321	8.84e-113	1	NA
Tub.104-k141_315194_4-5..228	Tub.104	Potential_loser	MTRA	5	228	k141_315194_4	multidrug	CCP46065.1|FEATURES|mtrA|multidrug|mtrA	0.268172836	71.4	224	321	8.84e-113	1	NA
Tub.31-k141_620572_1-1..275	Tub.31	Probable	BACA	1	275	k141_620572_1	bacitracin	YP_550152|FEATURES|bacA|bacitracin|bacA	0.99381525	80.7	275	447	1.76e-160	1	NA
Tub.15-k141_185385_2-3..246	Tub.15	Probable	OMPR	3	246	k141_185385_2	multidrug	gi:909830386:gb:AKU13184.1:|FEATURES|ompR|multidrug|ompR	0.933656658	50.4	244	234	6.22e-78	1	NA
Tub.1-k141_59378_1-26..245	Tub.1	Probable	KASUGAMYCIN_RESISTANCE_PROTEIN_KSGA	26	245	k141_59378_1	aminoglycoside	YP_001461223|FEATURES|kasugamycin_resistance_protein_ksgA|aminoglycoside|kasugamycin_resistance_protein_ksgA	0.999872753	50.7	223	194	3.72e-62	1	NA
Tub.59-k141_755008_1-5..210	Tub.59	Probable	KDPE	5	210	k141_755008_1	aminoglycoside	NP_415222.1|FEATURES|kdpE|aminoglycoside|kdpE	0.981411314	59.9	207	257	7.86e-88	1	NA
Tub.11-k141_100470_2-28..1153	Tub.11	Probable	RPOB2	28	1153	k141_100470_2	multidrug	BAD59497.1|FEATURES|rpoB2|multidrug|rpoB2	0.995364685	73	1138	1648	0	1	NA
Tub.51-k141_134686_1-7..277	Tub.51	Potential	BACA	7	277	k141_134686_1	peptide	undefined	0.273015893	51.6	273	258	6.99e-87	1	NA
Tub.51-k141_134686_1-7..277	Tub.51	Potential_loser	BACA	7	277	k141_134686_1	multidrug	undefined	0.225436924	51.6	273	258	6.99e-87	1	NA
Tub.51-k141_83624_2-3..118	Tub.51	Potential	TRUNCATED_PUTATIVE_RESPONSE_REGULATOR_ARLR	3	118	k141_83624_2	unclassified	NC_002745.1124086.p01|FEATURES|truncated_putative_response_regulator_ArlR|unclassified|truncated_putative_response_regulator_ArlR	0.342964907	50.4	117	114	9.77e-33	1	NA
Tub.51-k141_83624_2-3..118	Tub.51	Potential_loser	TRUNCATED_PUTATIVE_RESPONSE_REGULATOR_ARLR	3	118	k141_83624_2	aminoglycoside	undefined	0.289478615	50.4	117	114	9.77e-33	1	NA
Tub.82-k141_454643_1-4..117	Tub.82	Potential	TRUNCATED_PUTATIVE_RESPONSE_REGULATOR_ARLR	4	117	k141_454643_1	unclassified	NC_002745.1124086.p01|FEATURES|truncated_putative_response_regulator_ArlR|unclassified|truncated_putative_response_regulator_ArlR	0.30477208	53	115	119	2.50e-36	1	NA
Tub.82-k141_454643_1-4..117	Tub.82	Potential_loser	TRUNCATED_PUTATIVE_RESPONSE_REGULATOR_ARLR	4	117	k141_454643_1	aminoglycoside	undefined	0.301186777	53	115	119	2.50e-36	1	NA
Tub.31-k141_680784_1-35..195	Tub.31	Probable	COB(I)ALAMIN_ADENOLSYLTRANSFERASE	35	195	k141_680784_1	unclassified	gi:447201638:ref:WP_001278894.1:|FEATURES|cob(I)alamin_adenolsyltransferase|unclassified|cob(I)alamin_adenolsyltransferase	0.999999645	51.5	163	161	2.09e-51	1	NA
Tub.26-k141_90020_1-1..124	Tub.26	Potential	MVAT	1	124	k141_90020_1	peptide	undefined	0.311353033	53.2	124	132	2.15e-41	1	NA
Tub.26-k141_90020_1-1..124	Tub.26	Potential_loser	MVAT	1	124	k141_90020_1	multidrug	NP_253005.1|FEATURES|MvaT|multidrug|MvaT	0.138668014	53.2	124	132	2.15e-41	1	NA
Tub.104-k141_158525_1-3..152	Tub.104	Probable	AAC(6')-I	3	152	k141_158525_1	aminoglycoside	AB116646.1.gene1.p01|FEATURES|aac(6')-I|aminoglycoside|aac(6')-I	0.991987695	57.6	158	166	1.30e-53	1	NA
Tub.59-k141_245940_22-17..406	Tub.59	Probable	ROSA	17	406	k141_245940_22	fosmidomycin	YP_001477378|FEATURES|rosA|fosmidomycin|rosA	0.999030761	64	392	479	8.18e-170	1	NA
Tub.58-k141_546045_3-1..221	Tub.58	Probable	VANR	1	221	k141_546045_3	glycopeptide	gi:938897327:ref:WP_054681472.1:|FEATURES|vanR|glycopeptide|vanR	0.999986066	62.4	221	268	8.16e-92	1	NA
Tub.31-k141_46353_2-12..271	Tub.31	Probable	AAC(3)-IIIA	12	271	k141_46353_2	aminoglycoside	L06161.1.gene1.p01|FEATURES|aac(3)-IIIa|aminoglycoside|aac(3)-IIIa	0.865812538	56.9	260	319	1.65e-110	1	NA
Tub.31-k141_46353_2-12..271	Tub.31	Potential_loser	AAC(3)-IIIA	12	271	k141_46353_2	peptide	undefined	0.044534199	56.9	260	319	1.65e-110	1	NA
Tub.83-k141_257374_4-3..119	Tub.83	Potential	TRUNCATED_PUTATIVE_RESPONSE_REGULATOR_ARLR	3	119	k141_257374_4	unclassified	NC_002745.1124086.p01|FEATURES|truncated_putative_response_regulator_ArlR|unclassified|truncated_putative_response_regulator_ArlR	0.336907675	52.5	118	126	1.96e-37	1	NA
Tub.83-k141_257374_4-3..119	Tub.83	Potential_loser	TRUNCATED_PUTATIVE_RESPONSE_REGULATOR_ARLR	3	119	k141_257374_4	aminoglycoside	undefined	0.291549707	52.5	118	126	1.96e-37	1	NA
Tub.51-k141_285182_4-5..275	Tub.51	Probable	BACA	5	275	k141_285182_4	bacitracin	YP_981592|FEATURES|bacA|bacitracin|bacA	0.991199427	63.1	271	342	1.17e-119	1	NA
Tub.58-k141_642708_2-8..375	Tub.58	Probable	MEXE	8	375	k141_642708_2	multidrug	gi:696364907:ref:WP_032939988.1:|FEATURES|mexE|multidrug|mexE	0.999999473	57.5	369	364	1.24e-124	1	NA
Tub.82-k141_71526_65-5..78	Tub.82	Probable	TRUNCATED_PUTATIVE_RESPONSE_REGULATOR_ARLR	5	78	k141_71526_65	unclassified	NC_002745.3251084.p01|FEATURES|truncated_putative_response_regulator_ArlR|unclassified|truncated_putative_response_regulator_ArlR	0.88160146	50	74	77	7.35e-19	1	NA
Tub.82-k141_71526_65-5..78	Tub.82	Potential_loser	TRUNCATED_PUTATIVE_RESPONSE_REGULATOR_ARLR	5	78	k141_71526_65	peptide	undefined	0.06128104	50	74	77	7.35e-19	1	NA
Tub.58-k141_186583_1-9..257	Tub.58	Probable	KASUGAMYCIN_RESISTANCE_PROTEIN_KSGA	9	257	k141_186583_1	aminoglycoside	Q8FL96|FEATURES|kasugamycin_resistance_protein_ksgA|aminoglycoside|kasugamycin_resistance_protein_ksgA	0.999998893	51	249	229	6.61e-76	1	NA
Tub.31-k141_294868_1-3..196	Tub.31	Probable	CAMP-REGULATORY_PROTEIN	3	196	k141_294868_1	unclassified	gi:490367208:ref:WP_004246872.1:|FEATURES|cAMP-regulatory_protein|unclassified|cAMP-regulatory_protein	0.994421765	51.3	199	213	1.09e-70	1	NA
Tub.105-k141_174650_1-10..223	Tub.105	Potential	MTRA	10	223	k141_174650_1	aminoglycoside	undefined	0.468401227	52.3	218	226	1.82e-75	1	NA
Tub.105-k141_174650_1-10..223	Tub.105	Potential_loser	MTRA	10	223	k141_174650_1	multidrug	CCP46065.1|FEATURES|mtrA|multidrug|mtrA	0.2749339	52.3	218	226	1.82e-75	1	NA
Tub.85-k141_192123_1-4..182	Tub.85	Probable	KDPE	4	182	k141_192123_1	aminoglycoside	NP_415222.1|FEATURES|kdpE|aminoglycoside|kdpE	0.925612814	50.5	182	171	2.34e-54	1	NA
Tub.13-k141_243902_1-36..217	Tub.13	Potential	VANR	36	217	k141_243902_1	aminoglycoside	undefined	0.248070298	50.5	182	180	5.47e-58	1	NA
Tub.13-k141_243902_1-36..217	Tub.13	Potential_loser	VANR	36	217	k141_243902_1	peptide	undefined	0.206651054	50.5	182	180	5.47e-58	1	NA
Tub.12-k141_152749_1-32..471	Tub.12	Probable	EMRB	32	471	k141_152749_1	multidrug	gi:489922618:ref:WP_003825966.1:|FEATURES|emrB|multidrug|emrB	0.990526698	52	440	464	2.06e-161	1	NA
Tub.85-k141_544422_73-24..375	Tub.85	Probable	LRA	24	375	k141_544422_73	beta-lactam	ACH58999.1|FEATURES|LRA-10|beta-lactam|LRA	0.959902589	61	354	429	2.41e-150	1	NA
Tub.59-k141_585169_2-45..223	Tub.59	Potential	TRANSCRIPTIONAL_REGULATORY_PROTEIN_CPXR_CPXR	45	223	k141_585169_2	peptide	undefined	0.307475663	52.2	182	179	1.64e-57	1	NA
Tub.59-k141_585169_2-45..223	Tub.59	Potential_loser	TRANSCRIPTIONAL_REGULATORY_PROTEIN_CPXR_CPXR	45	223	k141_585169_2	unclassified	CP000675.2.gene1535.p01|FEATURES|transcriptional_regulatory_protein_CpxR_cpxR|unclassified|transcriptional_regulatory_protein_CpxR_cpxR	0.206857899	52.2	182	179	1.64e-57	1	NA
Tub.83-k141_16323_3-3..117	Tub.83	Potential	TRUNCATED_PUTATIVE_RESPONSE_REGULATOR_ARLR	3	117	k141_16323_3	unclassified	NC_002745.1124086.p01|FEATURES|truncated_putative_response_regulator_ArlR|unclassified|truncated_putative_response_regulator_ArlR	0.324912896	53.4	116	122	3.54e-37	1	NA
Tub.83-k141_16323_3-3..117	Tub.83	Potential_loser	TRUNCATED_PUTATIVE_RESPONSE_REGULATOR_ARLR	3	117	k141_16323_3	aminoglycoside	undefined	0.295271887	53.4	116	122	3.54e-37	1	NA
Tub.104-k141_317013_2-18..156	Tub.104	Probable	AAC(6')-I	18	156	k141_317013_2	aminoglycoside	AB116646.1.gene1.p01|FEATURES|aac(6')-I|aminoglycoside|aac(6')-I	0.999358568	55.8	147	146	4.40e-46	1	NA
Tub.4-k141_837976_2-1..119	Tub.4	Probable	BRP(MBL)	1	119	k141_837976_2	glycopeptide	YP_007652797.1|FEATURES|BRP(MBL)|glycopeptide|BRP(MBL)	0.992447791	63.9	119	167	2.68e-55	1	NA
Tub.12-k141_298496_1-9..206	Tub.12	Probable	VATF	9	206	k141_298496_1	MLS	AAF63432|FEATURES|vatF|MLS|vatF	0.999999892	54.8	199	226	2.56e-75	1	NA
Tub.31-k141_811487_2-8..283	Tub.31	Probable	LRA	8	283	k141_811487_2	beta-lactam	EU408346.1.gene6.p01|FEATURES|LRA-1|beta-lactam|LRA	0.815516934	50.4	280	250	7.64e-83	1	NA
Tub.31-k141_811487_2-8..283	Tub.31	Potential_loser	LRA	8	283	k141_811487_2	multidrug	undefined	0.065461596	50.4	280	250	7.64e-83	1	NA
Tub.82-k141_376759_1-20..148	Tub.82	Probable	ARR-4	20	148	k141_376759_1	rifamycin	ABV26705.1|FEATURES|arr-4|rifamycin|arr-4	0.999313103	61.2	129	157	1.22e-50	1	NA
Tub.34-k141_689502_2-7..237	Tub.34	Probable	OMPR	7	237	k141_689502_2	multidrug	NC_008702.1.4607594.p01|FEATURES|ompR|multidrug|ompR	0.99653107	53.7	231	227	2.39e-75	1	NA
Tub.104-k141_419221_7-1..129	Tub.104	Probable	BLEO	1	129	k141_419221_7	glycopeptide	NC_002758.1119995.p01|FEATURES|bleO|glycopeptide|bleO	0.999966617	50.4	133	143	2.28e-45	1	NA
Tub.82-k141_83035_13-5..307	Tub.82	Probable	TETA(48)	5	307	k141_83035_13	tetracycline	APB03214.1|FEATURES|tetA(48)|tetracycline|tetA(48)	0.99713065	56.4	303	314	3.34e-107	1	NA
Tub.82-k141_159745_1-3..121	Tub.82	Potential	TRUNCATED_PUTATIVE_RESPONSE_REGULATOR_ARLR	3	121	k141_159745_1	unclassified	NC_002745.1124086.p01|FEATURES|truncated_putative_response_regulator_ArlR|unclassified|truncated_putative_response_regulator_ArlR	0.342964907	53.3	120	132	9.26e-40	1	NA
Tub.82-k141_159745_1-3..121	Tub.82	Potential_loser	TRUNCATED_PUTATIVE_RESPONSE_REGULATOR_ARLR	3	121	k141_159745_1	aminoglycoside	undefined	0.289478615	53.3	120	132	9.26e-40	1	NA
Tub.34-k141_115589_1-1..109	Tub.34	Potential	RBPA	1	109	k141_115589_1	peptide	undefined	0.262488561	60.9	110	140	4.34e-45	1	NA
Tub.34-k141_115589_1-1..109	Tub.34	Potential_loser	RBPA	1	109	k141_115589_1	multidrug	undefined	0.228180259	60.9	110	140	4.34e-45	1	NA
Tub.12-k141_51292_2-10..383	Tub.12	Potential	OPRM	10	383	k141_51292_2	multidrug	NC_008702.1.4606278.p01|FEATURES|oprM|multidrug|oprM	0.500921566	50.4	375	305	5.44e-101	1	NA
Tub.12-k141_51292_2-10..383	Tub.12	Potential_loser	OPRM	10	383	k141_51292_2	aminoglycoside	undefined	0.158593443	50.4	375	305	5.44e-101	1	NA
Tub.31-k141_784927_1-14..403	Tub.31	Probable	ROSA	14	403	k141_784927_1	fosmidomycin	YP_001605796|FEATURES|rosA|fosmidomycin|rosA	0.998363028	59.7	392	462	4.14e-163	1	NA
Tub.82-k141_151437_16-7..224	Tub.82	Potential	MTRA	7	224	k141_151437_16	aminoglycoside	undefined	0.445595016	50	222	204	1.49e-66	1	NA
Tub.82-k141_151437_16-7..224	Tub.82	Potential_loser	MTRA	7	224	k141_151437_16	multidrug	CCP46065.1|FEATURES|mtrA|multidrug|mtrA	0.275860051	50	222	204	1.49e-66	1	NA
Tub.94-k141_549319_1-1..223	Tub.94	Probable	OMPR	1	223	k141_549319_1	multidrug	gi:514966815:ref:WP_016655114.1:|FEATURES|ompR|multidrug|ompR	0.86752289	50.4	226	204	1.12e-66	1	NA
Tub.94-k141_549319_1-1..223	Tub.94	Potential_loser	OMPR	1	223	k141_549319_1	aminoglycoside	undefined	0.085616746	50.4	226	204	1.12e-66	1	NA
Tub.59-k141_571141_10-34..386	Tub.59	Probable	CLASS_C	34	386	k141_571141_10	beta-lactam	gi:985600749:ref:WP_060840246.1:|FEATURES|class_C|beta-lactam|class_C	0.883055853	54.7	353	383	2.97e-132	1	NA
Tub.59-k141_571141_10-34..386	Tub.59	Potential_loser	CLASS_C	34	386	k141_571141_10	multidrug	undefined	0.073611445	54.7	353	383	2.97e-132	1	NA
Tub.13-k141_337401_1-5..77	Tub.13	Probable	TRUNCATED_PUTATIVE_RESPONSE_REGULATOR_ARLR	5	77	k141_337401_1	unclassified	NC_002745.3251084.p01|FEATURES|truncated_putative_response_regulator_ArlR|unclassified|truncated_putative_response_regulator_ArlR	0.907569824	50.7	73	71.6	1.15e-17	1	NA
Tub.10-k141_463117_1-1..126	Tub.10	Probable	GOLS	1	126	k141_463117_1	multidrug	NP_459349.1|FEATURES|golS|multidrug|golS	0.997443755	51.6	126	130	2.70e-40	1	NA
Tub.30-k141_676100_2-5..263	Tub.30	Potential	BACA	5	263	k141_676100_2	multidrug	undefined	0.33282178	50.4	264	215	9.71e-70	1	NA
Tub.30-k141_676100_2-5..263	Tub.30	Potential_loser	BACA	5	263	k141_676100_2	fluoroquinolone	undefined	0.170737442	50.4	264	215	9.71e-70	1	NA
Tub.58-k141_674251_1-13..78	Tub.58	Potential	TRUNCATED_PUTATIVE_RESPONSE_REGULATOR_ARLR	13	78	k141_674251_1	unclassified	NC_002745.3251084.p01|FEATURES|truncated_putative_response_regulator_ArlR|unclassified|truncated_putative_response_regulator_ArlR	0.766974346	50	66	68.2	1.74e-17	1	NA
Tub.58-k141_674251_1-13..78	Tub.58	Potential_loser	TRUNCATED_PUTATIVE_RESPONSE_REGULATOR_ARLR	13	78	k141_674251_1	peptide	undefined	0.113912354	50	66	68.2	1.74e-17	1	NA
Tub.58-k141_503390_2-1..1018	Tub.58	Potential	MUXB	1	1018	k141_503390_2	aminocoumarin	NP_251217.1|FEATURES|MuxB|multidrug|MuxB	0.525469533	60.1	1022	1105	0	1	NA
Tub.58-k141_503390_2-1..1018	Tub.58	Potential_loser	MUXB	1	1018	k141_503390_2	multidrug	NP_251217.1|FEATURES|MuxB|multidrug|MuxB	0.469965876	60.1	1022	1105	0	1	NA
Tub.15-k141_68592_1-16..150	Tub.15	Probable	ARR-4	16	150	k141_68592_1	rifamycin	ABV26705.1|FEATURES|arr-4|rifamycin|arr-4	0.997830448	57.4	136	171	1.61e-55	1	NA
Tub.105-k141_25342_1-26..206	Tub.105	Potential	MTRA	26	206	k141_25342_1	aminoglycoside	undefined	0.402132239	51.1	186	172	9.71e-55	1	NA
Tub.105-k141_25342_1-26..206	Tub.105	Potential_loser	MTRA	26	206	k141_25342_1	multidrug	CCP46065.1|FEATURES|mtrA|multidrug|mtrA	0.275418852	51.1	186	172	9.71e-55	1	NA
Tub.26-k141_366358_6-1..1036	Tub.26	Potential	MUXC	1	1036	k141_366358_6	aminocoumarin	NP_251216.1|FEATURES|MuxC|multidrug|MuxC	0.509951458	58.9	1039	1097	0	1	NA
Tub.26-k141_366358_6-1..1036	Tub.26	Potential_loser	MUXC	1	1036	k141_366358_6	multidrug	NP_251216.1|FEATURES|MuxC|multidrug|MuxC	0.480652809	58.9	1039	1097	0	1	NA
Tub.94-k141_387543_1-6..229	Tub.94	Probable	KASUGAMYCIN_RESISTANCE_PROTEIN_KSGA	6	229	k141_387543_1	aminoglycoside	A7FMC1|FEATURES|kasugamycin_resistance_protein_ksgA|aminoglycoside|kasugamycin_resistance_protein_ksgA	0.999999746	51.1	229	224	1.16e-73	1	NA
Tub.58-k141_8461_1-9..265	Tub.58	Probable	KASUGAMYCIN_RESISTANCE_PROTEIN_KSGA	9	265	k141_8461_1	aminoglycoside	YP_001439344|FEATURES|kasugamycin_resistance_protein_ksgA|aminoglycoside|kasugamycin_resistance_protein_ksgA	0.805791706	50.4	268	241	5.78e-80	1	NA
Tub.58-k141_8461_1-9..265	Tub.58	Potential_loser	KASUGAMYCIN_RESISTANCE_PROTEIN_KSGA	9	265	k141_8461_1	multidrug	undefined	0.066662595	50.4	268	241	5.78e-80	1	NA
Tub.4-k141_370088_2-4..503	Tub.4	Probable	QEPA	4	503	k141_370088_2	fluoroquinolone	gi:1039004533:ref:WP_064760451.1:|FEATURES|qepA|fluoroquinolone|qepA	0.989622233	52.8	504	453	7.54e-156	1	NA
Tub.58-k141_342414_1-6..211	Tub.58	Probable	VATF	6	211	k141_342414_1	MLS	AAF63432|FEATURES|vatF|MLS|vatF	1	69.4	206	311	1.67e-109	1	NA
Tub.18-k141_654317_1-22..150	Tub.18	Probable	ARR-4	22	150	k141_654317_1	rifamycin	ABV26705.1|FEATURES|arr-4|rifamycin|arr-4	0.999255395	63.6	129	171	2.11e-56	1	NA
Tub.83-k141_896261_26-3..863	Tub.83	Probable	RPHA	3	863	k141_896261_26	rifamycin	AIA08936.1|FEATURES|rphA|rifamycin|rphA	0.987829974	66.9	862	1123	0	1	NA
Tub.105-k141_474939_2-13..334	Tub.105	Probable	TETA(48)	13	334	k141_474939_2	tetracycline	APB03214.1|FEATURES|tetA(48)|tetracycline|tetA(48)	0.996230202	51.1	323	310	2.89e-105	1	NA
Tub.10-k141_629266_1-5..136	Tub.10	Potential	ADP-RIBOSYLATING_TRANSFERASE_ARR	5	136	k141_629266_1	multidrug	undefined	0.380224319	76.5	136	209	2.39e-71	1	NA
Tub.10-k141_629266_1-5..136	Tub.10	Potential_loser	ADP-RIBOSYLATING_TRANSFERASE_ARR	5	136	k141_629266_1	rifamycin	AL939114.1.orf1.gene.p01|FEATURES|ADP-ribosylating_transferase_arr|rifamycin|ADP-ribosylating_transferase_arr	0.137833833	76.5	136	209	2.39e-71	1	NA
Tub.82-k141_38321_7-28..1150	Tub.82	Probable	RPOB2	28	1150	k141_38321_7	multidrug	BAD59497.1|FEATURES|rpoB2|multidrug|rpoB2	0.979803246	58	1161	1224	0	1	NA
Tub.82-k141_344602_4-28..1153	Tub.82	Probable	RPOB2	28	1153	k141_344602_4	multidrug	BAD59497.1|FEATURES|rpoB2|multidrug|rpoB2	0.995364685	76.3	1133	1717	0	1	NA
Tub.15-k141_276583_2-1..136	Tub.15	Potential	ADP-RIBOSYLATING_TRANSFERASE_ARR	1	136	k141_276583_2	multidrug	undefined	0.378960245	73.6	140	206	4.12e-70	1	NA
Tub.15-k141_276583_2-1..136	Tub.15	Potential_loser	ADP-RIBOSYLATING_TRANSFERASE_ARR	1	136	k141_276583_2	peptide	undefined	0.14477701	73.6	140	206	4.12e-70	1	NA
Tub.31-k141_584134_87-5..502	Tub.31	Potential	EMRB	5	502	k141_584134_87	diaminopyrimidine	undefined	0.410006469	52.1	499	508	7.50e-178	1	NA
Tub.31-k141_584134_87-5..502	Tub.31	Potential_loser	EMRB	5	502	k141_584134_87	antibacterial_free_fatty_acids	undefined	0.277577292	52.1	499	508	7.50e-178	1	NA
Tub.11-k141_112869_8-6..123	Tub.11	Probable	ADP-RIBOSYLATING_TRANSFERASE_ARR	6	123	k141_112869_8	rifamycin	AL939114.1.orf1.gene.p01|FEATURES|ADP-ribosylating_transferase_arr|rifamycin|ADP-ribosylating_transferase_arr	0.992351971	65.3	118	157	7.15e-48	1	NA
Tub.59-k141_732229_2-4..273	Tub.59	Probable	BACA	4	273	k141_732229_2	bacitracin	YP_985461|FEATURES|bacA|bacitracin|bacA	0.994340594	73.4	274	387	1.30e-137	1	NA
Tub.85-k141_535139_1-1..126	Tub.85	Probable	GOLS	1	126	k141_535139_1	multidrug	NP_459349.1|FEATURES|golS|multidrug|golS	0.997157453	57.9	126	147	5.03e-47	1	NA
Tub.11-k141_222717_3-3..127	Tub.11	Potential	TRUNCATED_PUTATIVE_RESPONSE_REGULATOR_ARLR	3	127	k141_222717_3	unclassified	NC_002745.1124086.p01|FEATURES|truncated_putative_response_regulator_ArlR|unclassified|truncated_putative_response_regulator_ArlR	0.314315441	52.8	127	125	4.03e-37	1	NA
Tub.11-k141_222717_3-3..127	Tub.11	Potential_loser	TRUNCATED_PUTATIVE_RESPONSE_REGULATOR_ARLR	3	127	k141_222717_3	aminoglycoside	undefined	0.298500422	52.8	127	125	4.03e-37	1	NA
Tub.105-k141_328606_3-28..613	Tub.105	Probable	MULTIDRUG_ABC_TRANSPORTER	28	613	k141_328606_3	multidrug	gi:926294973:ref:WP_053631154.1:|FEATURES|multidrug_ABC_transporter|multidrug|multidrug_ABC_transporter	0.984950001	65.5	588	719	7.17e-258	1	NA
Tub.34-k141_601075_1-7..140	Tub.34	Potential	DFRA22	7	140	k141_601075_1	peptide	undefined	0.336866083	50.7	134	122	1.41e-36	1	NA
Tub.34-k141_601075_1-7..140	Tub.34	Potential_loser	DFRA22	7	140	k141_601075_1	multidrug	undefined	0.148066444	50.7	134	122	1.41e-36	1	NA
Tub.88-k141_24462_18-12..511	Tub.88	Potential	EMRB	12	511	k141_24462_18	multidrug	gi:740320277:ref:WP_038157443.1:|FEATURES|emrB|multidrug|emrB	0.277313727	50	500	493	2.36e-171	1	NA
Tub.88-k141_24462_18-12..511	Tub.88	Potential_loser	EMRB	12	511	k141_24462_18	tetracycline	undefined	0.194887043	50	500	493	2.36e-171	1	NA
Tub.18-k141_661435_1-1..277	Tub.18	Potential	BACA	1	277	k141_661435_1	peptide	undefined	0.273015893	50.7	278	250	1.27e-83	1	NA
Tub.18-k141_661435_1-1..277	Tub.18	Potential_loser	BACA	1	277	k141_661435_1	multidrug	undefined	0.225436924	50.7	278	250	1.27e-83	1	NA
Tub.58-k141_46668_7-3..226	Tub.58	Potential	MTRA	3	226	k141_46668_7	aminoglycoside	undefined	0.568387008	67	224	305	7.58e-106	1	NA
Tub.58-k141_46668_7-3..226	Tub.58	Potential_loser	MTRA	3	226	k141_46668_7	multidrug	CCP46065.1|FEATURES|mtrA|multidrug|mtrA	0.264921275	67	224	305	7.58e-106	1	NA
Tub.59-k141_184311_6-17..1123	Tub.59	Probable	RPOB2	17	1123	k141_184311_6	multidrug	BAD59497.1|FEATURES|rpoB2|multidrug|rpoB2	0.994730075	55.9	1198	1216	0	1	NA
Tub.30-k141_705792_4-1..150	Tub.30	Probable	AAC(3)-I	1	150	k141_705792_4	aminoglycoside	AJ511268.1.gene3.p01|FEATURES|aac(3)-I|aminoglycoside|aac(3)-I	0.999959228	56.7	150	174	2.88e-57	1	NA
Tub.10-k141_286817_1-31..228	Tub.10	Potential	MTRA	31	228	k141_286817_1	aminoglycoside	undefined	0.461109842	54.3	199	213	6.75e-70	1	NA
Tub.10-k141_286817_1-31..228	Tub.10	Potential_loser	MTRA	31	228	k141_286817_1	multidrug	CCP46065.1|FEATURES|mtrA|multidrug|mtrA	0.27531773	54.3	199	213	6.75e-70	1	NA
Tub.105-k141_474184_2-6..78	Tub.105	Probable	TRUNCATED_PUTATIVE_RESPONSE_REGULATOR_ARLR	6	78	k141_474184_2	unclassified	NC_002745.3251084.p01|FEATURES|truncated_putative_response_regulator_ArlR|unclassified|truncated_putative_response_regulator_ArlR	0.907569824	52.7	74	74.7	1.07e-18	1	NA
Tub.58-k141_309644_3-1..147	Tub.58	Probable	GOLS	1	147	k141_309644_3	multidrug	NP_459349.1|FEATURES|golS|multidrug|golS	0.994580332	51.7	147	135	1.66e-41	1	NA
Tub.58-k141_302605_5-20..402	Tub.58	Probable	ROSA	20	402	k141_302605_5	fosmidomycin	YP_001605796|FEATURES|rosA|fosmidomycin|rosA	0.999274644	74.4	383	546	9.53e-196	1	NA
Tub.51-k141_43242_6-9..176	Tub.51	Probable	AAC(6')-I	9	176	k141_43242_6	aminoglycoside	AAK51920|FEATURES|aac(6')-I|aminoglycoside|aac(6')-I	0.999999189	52.7	169	177	1.38e-57	1	NA
Tub.30-k141_545479_2-3..119	Tub.30	Probable	BRP(MBL)	3	119	k141_545479_2	glycopeptide	YP_007652797.1|FEATURES|BRP(MBL)|glycopeptide|BRP(MBL)	0.993726499	65	117	163	7.10e-54	1	NA
Tub.83-k141_25685_7-1..1017	Tub.83	Potential	MDTC	1	1017	k141_25685_7	multidrug	gi:486197861:ref:WP_001547461.1:|FEATURES|mdtC|multidrug|mdtC	0.526600562	59.4	1022	1126	0	1	NA
Tub.83-k141_25685_7-1..1017	Tub.83	Potential_loser	MDTC	1	1017	k141_25685_7	aminocoumarin	gi:486197861:ref:WP_001547461.1:|FEATURES|mdtC|multidrug|mdtC	0.466834693	59.4	1022	1126	0	1	NA
Tub.31-k141_694873_1-1..274	Tub.31	Probable	BACA	1	274	k141_694873_1	bacitracin	YP_550152|FEATURES|bacA|bacitracin|bacA	0.994337042	88.3	274	475	3.65e-172	1	NA
Tub.110-k141_30382_2-8..81	Tub.110	Probable	TRUNCATED_PUTATIVE_RESPONSE_REGULATOR_ARLR	8	81	k141_30382_2	unclassified	NC_002745.3251084.p01|FEATURES|truncated_putative_response_regulator_ArlR|unclassified|truncated_putative_response_regulator_ArlR	0.907569824	50	74	84.3	1.86e-23	1	NA
Tub.58-k141_177140_2-6..465	Tub.58	Probable	OPRM	6	465	k141_177140_2	multidrug	NC_008702.1.4606278.p01|FEATURES|oprM|multidrug|oprM	0.917340314	50.8	461	372	2.37e-125	1	NA
Tub.83-k141_410043_1-1..98	Tub.83	Potential	RBPA	1	98	k141_410043_1	peptide	undefined	0.262228485	61.6	99	127	7.57e-40	1	NA
Tub.83-k141_410043_1-1..98	Tub.83	Potential_loser	RBPA	1	98	k141_410043_1	multidrug	undefined	0.228045417	61.6	99	127	7.57e-40	1	NA
Tub.31-k141_267831_16-17..157	Tub.31	Potential	LEN	17	157	k141_267831_16	aminoglycoside	undefined	0.292154675	50	144	133	5.37e-39	1	NA
Tub.31-k141_267831_16-17..157	Tub.31	Potential_loser	LEN	17	157	k141_267831_16	multidrug	undefined	0.247089744	50	144	133	5.37e-39	1	NA
Tub.34-k141_170185_1-6..143	Tub.34	Probable	ADP-RIBOSYLATING_TRANSFERASE_ARR	6	143	k141_170185_1	rifamycin	AF001493.1.orf0.gene.p01|FEATURES|ADP-ribosylating_transferase_arr|rifamycin|ADP-ribosylating_transferase_arr	0.999599509	69.6	138	213	1.10e-72	1	NA
Tub.18-k141_444398_1-20..367	Tub.18	Probable	ROSA	20	367	k141_444398_1	fosmidomycin	YP_001605796|FEATURES|rosA|fosmidomycin|rosA	0.999274644	66.7	351	441	2.57e-155	1	NA
Tub.104-k141_19095_3-9..107	Tub.104	Potential	EMRE	9	107	k141_19095_3	aminoglycoside	undefined	0.355838805	50.5	99	81.6	6.23e-22	1	NA
Tub.104-k141_19095_3-9..107	Tub.104	Potential_loser	EMRE	9	107	k141_19095_3	peptide	undefined	0.239358755	50.5	99	81.6	6.23e-22	1	NA
Tub.85-k141_8055_2-6..262	Tub.85	Probable	BACA	6	262	k141_8055_2	bacitracin	Q5P6K4|FEATURES|bacA|bacitracin|bacA	0.968152277	57.2	257	270	2.00e-91	1	NA
Tub.58-k141_258667_8-3..135	Tub.58	Probable	GOLS	3	135	k141_258667_8	multidrug	NP_459349.1|FEATURES|golS|multidrug|golS	0.996620628	57.1	133	149	3.18e-47	1	NA
Tub.59-k141_693351_1-1..109	Tub.59	Potential	RBPA	1	109	k141_693351_1	peptide	undefined	0.262488561	54.5	110	109	1.04e-32	1	NA
Tub.59-k141_693351_1-1..109	Tub.59	Potential_loser	RBPA	1	109	k141_693351_1	multidrug	undefined	0.228180259	54.5	110	109	1.04e-32	1	NA
Tub.1-k141_14527_10-1..278	Tub.1	Potential	BACA	1	278	k141_14527_10	peptide	undefined	0.273015893	50	280	249	3.60e-83	1	NA
Tub.1-k141_14527_10-1..278	Tub.1	Potential_loser	BACA	1	278	k141_14527_10	multidrug	undefined	0.225436924	50	280	249	3.60e-83	1	NA
Tub.58-k141_407390_1-1..269	Tub.58	Probable	BACA	1	269	k141_407390_1	bacitracin	YP_550152|FEATURES|bacA|bacitracin|bacA	0.992672598	82.2	269	429	2.82e-154	1	NA
Tub.18-k141_176509_3-13..504	Tub.18	Potential	LRFA	13	504	k141_176509_3	fluoroquinolone	AAC43550.1|FEATURES|lrfA|fluoroquinolone|lrfA	0.345272837	51.4	496	452	1.76e-155	1	NA
Tub.18-k141_176509_3-13..504	Tub.18	Potential_loser	LRFA	13	504	k141_176509_3	tetracycline	undefined	0.150773236	51.4	496	452	1.76e-155	1	NA
Tub.85-k141_529933_2-1..280	Tub.85	Potential	BACA	1	280	k141_529933_2	peptide	undefined	0.272881801	51.6	281	252	3.38e-84	1	NA
Tub.85-k141_529933_2-1..280	Tub.85	Potential_loser	BACA	1	280	k141_529933_2	multidrug	undefined	0.225141215	51.6	281	252	3.38e-84	1	NA
Tub.23-k141_96052_1-1..128	Tub.23	Probable	GOLS	1	128	k141_96052_1	multidrug	NP_459349.1|FEATURES|golS|multidrug|golS	0.997775616	58.6	128	158	1.34e-50	1	NA
Tub.31-k141_584134_574-1..1026	Tub.31	Potential	MUXB	1	1026	k141_584134_574	aminocoumarin	NP_251217.1|FEATURES|MuxB|multidrug|MuxB	0.638307525	57.2	1039	1052	0	1	NA
Tub.31-k141_584134_574-1..1026	Tub.31	Potential_loser	MUXB	1	1026	k141_584134_574	multidrug	NP_251217.1|FEATURES|MuxB|multidrug|MuxB	0.31249709	57.2	1039	1052	0	1	NA
Tub.59-k141_222065_5-1..1035	Tub.59	Potential	ACRB	1	1035	k141_222065_5	multidrug	gi:491078681:ref:WP_004940301.1:|FEATURES|acrB|multidrug|acrB	0.538691512	57.2	1036	1114	0	1	fluoroquinolone antibiotic; tetracycline antibiotic
Tub.59-k141_222065_5-1..1035	Tub.59	Potential_loser	ACRB	1	1035	k141_222065_5	aminoglycoside	undefined	0.285072196	57.2	1036	1114	0	1	fluoroquinolone antibiotic; tetracycline antibiotic
Tub.30-k141_603476_1-14..380	Tub.30	Probable	ROSA	14	380	k141_603476_1	fosmidomycin	ZP_04623896|FEATURES|rosA|fosmidomycin|rosA	0.998042928	63.7	369	456	1.81e-161	1	NA
Tub.105-k141_256988_3-15..341	Tub.105	Probable	TETA(48)	15	341	k141_256988_3	tetracycline	APB03214.1|FEATURES|tetA(48)|tetracycline|tetA(48)	0.995608803	52.1	330	303	1.82e-102	1	NA
Tub.85-k141_134485_14-5..453	Tub.85	Probable	MDTD	5	453	k141_134485_14	multidrug	gi:446053046:ref:WP_000130901.1:|FEATURES|mdtD|multidrug|mdtD	0.999999507	50.5	463	419	6.22e-144	1	NA
Tub.59-k141_276905_3-5..294	Tub.59	Probable	MYRA	5	294	k141_276905_3	MLS	BAA03674.1|FEATURES|myrA|MLS|myrA	0.970378449	52.8	290	282	8.11e-96	1	NA
Tub.26-k141_388107_7-1..1042	Tub.26	Probable	MEXB	1	1042	k141_388107_7	multidrug	YP_001345921|FEATURES|mexB|multidrug|mexB	0.998949944	79.4	1053	1597	0	1	NA
Tub.58-k141_645617_5-4..648	Tub.58	Probable	MACB	4	648	k141_645617_5	MLS	gi:554685678:ref:WP_023185565.1:|FEATURES|macB|MLS|macB	0.944698908	54.7	649	659	1.01e-232	1	NA
Tub.64-k141_197590_2-47..392	Tub.64	Probable	MDTA	47	392	k141_197590_2	multidrug	gi:554917940:ref:WP_023194008.1:|FEATURES|mdtA|multidrug|mdtA	0.899093216	51.1	348	335	2.36e-112	1	NA
Tub.64-k141_197590_2-47..392	Tub.64	Potential_loser	MDTA	47	392	k141_197590_2	aminoglycoside	undefined	0.03567392	51.1	348	335	2.36e-112	1	NA
Tub.10-k141_45536_2-1..213	Tub.10	Potential	KAMB	1	213	k141_45536_2	peptide	undefined	0.234427942	53.3	214	217	2.64e-72	1	NA
Tub.10-k141_45536_2-1..213	Tub.10	Potential_loser	KAMB	1	213	k141_45536_2	multidrug	undefined	0.219140288	53.3	214	217	2.64e-72	1	NA
Tub.16-k141_824307_2-31..322	Tub.16	Probable	TETA(48)	31	322	k141_824307_2	tetracycline	APB03214.1|FEATURES|tetA(48)|tetracycline|tetA(48)	0.9974507	51.9	293	301	9.26e-102	1	NA
Tub.1-k141_2669_1-2..272	Tub.1	Probable	BACA	2	272	k141_2669_1	bacitracin	ZP_03552050|FEATURES|bacA|bacitracin|bacA	0.989925058	58.8	277	313	3.92e-108	1	NA
Tub.105-k141_221990_2-1..226	Tub.105	Potential	MTRA	1	226	k141_221990_2	aminoglycoside	undefined	0.57138274	71.7	226	328	1.81e-115	1	NA
Tub.105-k141_221990_2-1..226	Tub.105	Potential_loser	MTRA	1	226	k141_221990_2	multidrug	CCP46065.1|FEATURES|mtrA|multidrug|mtrA	0.264522314	71.7	226	328	1.81e-115	1	NA
Tub.4-k141_979226_1-27..157	Tub.4	Probable	AAC(6')-I	27	157	k141_979226_1	aminoglycoside	AB116646.1.gene1.p01|FEATURES|aac(6')-I|aminoglycoside|aac(6')-I	0.988554225	52.4	143	136	2.61e-42	1	NA
Tub.88-k141_381336_1-14..143	Tub.88	Probable	ADP-RIBOSYLATING_TRANSFERASE_ARR	14	143	k141_381336_1	rifamycin	AF001493.1.orf0.gene.p01|FEATURES|ADP-ribosylating_transferase_arr|rifamycin|ADP-ribosylating_transferase_arr	0.999067649	58.5	130	172	5.71e-56	1	NA
Tub.26-k141_680622_1-1..112	Tub.26	Probable	EMRE	1	112	k141_680622_1	multidrug	NC_008702.1.4608023.p01|FEATURES|emrE|multidrug|emrE	0.994710134	73.2	112	158	6.94e-52	1	NA
Tub.31-k141_286208_3-3..226	Tub.31	Potential	MTRA	3	226	k141_286208_3	aminoglycoside	undefined	0.587549349	66.5	224	299	3.55e-104	1	NA
Tub.31-k141_286208_3-3..226	Tub.31	Potential_loser	MTRA	3	226	k141_286208_3	multidrug	CCP46065.1|FEATURES|mtrA|multidrug|mtrA	0.261924641	66.5	224	299	3.55e-104	1	NA
Tub.105-k141_275637_1-10..105	Tub.105	Potential	RBPA	10	105	k141_275637_1	peptide	undefined	0.252114864	56.7	97	103	1.90e-30	1	NA
Tub.105-k141_275637_1-10..105	Tub.105	Potential_loser	RBPA	10	105	k141_275637_1	multidrug	undefined	0.223804469	56.7	97	103	1.90e-30	1	NA
Tub.30-k141_360338_5-6..402	Tub.30	Probable	ROSA	6	402	k141_360338_5	fosmidomycin	YP_001477378|FEATURES|rosA|fosmidomycin|rosA	0.998530328	64.1	401	492	1.25e-174	1	NA
Tub.83-k141_398863_3-1..131	Tub.83	Probable	BLEO	1	131	k141_398863_3	glycopeptide	NC_002758.1119995.p01|FEATURES|bleO|glycopeptide|bleO	0.999993113	52.3	132	151	9.22e-49	1	NA
Tub.31-k141_640546_1-42..356	Tub.31	Potential	OPRM	42	356	k141_640546_1	multidrug	gi:573999612:gb:ETU76469.1:|FEATURES|oprM|multidrug|oprM	0.692321333	51.1	317	281	4.81e-94	1	NA
Tub.31-k141_640546_1-42..356	Tub.31	Potential_loser	OPRM	42	356	k141_640546_1	aminoglycoside	undefined	0.138950368	51.1	317	281	4.81e-94	1	NA
Tub.16-k141_187379_2-8..377	Tub.16	Potential	OQXA	8	377	k141_187379_2	aminoglycoside:aminocoumarin	undefined	0.227535229	50.9	371	342	3.53e-116	1	NA
Tub.16-k141_187379_2-8..377	Tub.16	Potential_loser	OQXA	8	377	k141_187379_2	peptide	undefined	0.179050041	50.9	371	342	3.53e-116	1	NA
Tub.13-k141_372383_1-44..223	Tub.13	Probable	KDPE	44	223	k141_372383_1	aminoglycoside	NP_415222.1|FEATURES|kdpE|aminoglycoside|kdpE	0.988194436	54.4	182	204	2.21e-67	1	NA
Tub.10-k141_465737_2-16..545	Tub.10	Potential	MULTIDRUG_ABC_TRANSPORTER	16	545	k141_465737_2	multidrug	gi:944152509:ref:WP_055644808.1:|FEATURES|multidrug_ABC_transporter|multidrug|multidrug_ABC_transporter	0.569019092	50.4	558	477	1.82e-163	1	NA
Tub.10-k141_465737_2-16..545	Tub.10	Potential_loser	MULTIDRUG_ABC_TRANSPORTER	16	545	k141_465737_2	peptide	undefined	0.115527487	50.4	558	477	1.82e-163	1	NA
Tub.26-k141_438767_2-1..409	Tub.26	Potential	MEXE	1	409	k141_438767_2	aminoglycoside:aminocoumarin	undefined	0.366390654	72.4	409	543	2.96e-194	1	NA
Tub.26-k141_438767_2-1..409	Tub.26	Potential_loser	MEXE	1	409	k141_438767_2	tetracycline	undefined	0.237828667	72.4	409	543	2.96e-194	1	NA
Tub.10-k141_103537_1-1..109	Tub.10	Potential	RBPA	1	109	k141_103537_1	peptide	undefined	0.261108862	62.7	110	142	8.26e-45	1	NA
Tub.10-k141_103537_1-1..109	Tub.10	Potential_loser	RBPA	1	109	k141_103537_1	multidrug	undefined	0.227197068	62.7	110	142	8.26e-45	1	NA
Tub.85-k141_450113_10-1..126	Tub.85	Probable	GOLS	1	126	k141_450113_10	multidrug	NP_459349.1|FEATURES|golS|multidrug|golS	0.997331623	59.5	126	149	1.62e-47	1	NA
Tub.82-k141_132853_2-4..225	Tub.82	Probable	KDPE	4	225	k141_132853_2	aminoglycoside	NP_415222.1|FEATURES|kdpE|aminoglycoside|kdpE	0.981549682	55.4	222	248	3.80e-84	1	NA
Tub.83-k141_73876_1-3..118	Tub.83	Potential	TRUNCATED_PUTATIVE_RESPONSE_REGULATOR_ARLR	3	118	k141_73876_1	unclassified	NC_002745.1124086.p01|FEATURES|truncated_putative_response_regulator_ArlR|unclassified|truncated_putative_response_regulator_ArlR	0.333894696	51.3	117	125	2.23e-37	1	NA
Tub.83-k141_73876_1-3..118	Tub.83	Potential_loser	TRUNCATED_PUTATIVE_RESPONSE_REGULATOR_ARLR	3	118	k141_73876_1	aminoglycoside	undefined	0.292545679	51.3	117	125	2.23e-37	1	NA
Tub.105-k141_466405_2-5..106	Tub.105	Probable	EMRE	5	106	k141_466405_2	multidrug	gi:808660312:emb:CQD20591.1:|FEATURES|emrE|multidrug|emrE	0.873812528	53.4	103	78.2	1.48e-20	1	NA
Tub.105-k141_466405_2-5..106	Tub.105	Potential_loser	EMRE	5	106	k141_466405_2	fluoroquinolone	undefined	0.110262288	53.4	103	78.2	1.48e-20	1	NA
Tub.85-k141_664002_2-1..126	Tub.85	Probable	GOLS	1	126	k141_664002_2	multidrug	NP_459349.1|FEATURES|golS|multidrug|golS	0.996969501	57.9	126	145	4.10e-46	1	NA
Tub.4-k141_606161_1-1..119	Tub.4	Probable	BRP(MBL)	1	119	k141_606161_1	glycopeptide	YP_007652797.1|FEATURES|BRP(MBL)|glycopeptide|BRP(MBL)	0.993726499	66.4	119	173	7.47e-58	1	NA
Tub.30-k141_691760_2-1..127	Tub.30	Probable	GOLS	1	127	k141_691760_2	multidrug	NP_459349.1|FEATURES|golS|multidrug|golS	0.9970865	58.3	127	150	1.09e-47	1	NA
Tub.104-k141_117886_1-4..181	Tub.104	Probable	AAC(2')-I	4	181	k141_117886_1	aminoglycoside	YP_001848841|FEATURES|aac(2')-I|aminoglycoside|aac(2')-I	0.999994189	53.1	179	187	2.82e-61	1	NA
Tub.10-k141_102493_1-17..133	Tub.10	Probable	ADP-RIBOSYLATING_TRANSFERASE_ARR	17	133	k141_102493_1	rifamycin	AF001493.1.orf0.gene.p01|FEATURES|ADP-ribosylating_transferase_arr|rifamycin|ADP-ribosylating_transferase_arr	0.998408136	58.1	117	149	6.00e-47	1	NA
Tub.34-k141_372015_1-18..536	Tub.34	Potential	TAEA	18	536	k141_372015_1	multidrug	undefined	0.632878878	52.9	520	540	3.48e-188	1	NA
Tub.34-k141_372015_1-18..536	Tub.34	Potential_loser	TAEA	18	536	k141_372015_1	aminoglycoside	undefined	0.068075882	52.9	520	540	3.48e-188	1	NA
Tub.16-k141_246383_2-33..362	Tub.16	Probable	EFRB	33	362	k141_246383_2	multidrug	CDO61516.1|FEATURES|efrB|multidrug|efrB	0.858829418	50	330	313	4.63e-102	1	NA
Tub.16-k141_246383_2-33..362	Tub.16	Potential_loser	EFRB	33	362	k141_246383_2	aminoglycoside	undefined	0.073815627	50	330	313	4.63e-102	1	NA
Tub.30-k141_387535_1-12..210	Tub.30	Probable	CAMP-REGULATORY_PROTEIN	12	210	k141_387535_1	unclassified	gi:490367208:ref:WP_004246872.1:|FEATURES|cAMP-regulatory_protein|unclassified|cAMP-regulatory_protein	0.99518757	53.9	204	222	5.55e-74	1	NA
Tub.18-k141_16195_2-1..219	Tub.18	Probable	VANR	1	219	k141_16195_2	glycopeptide	gi:938897327:ref:WP_054681472.1:|FEATURES|vanR|glycopeptide|vanR	0.999983967	55.9	220	233	3.24e-78	1	NA
Tub.12-k141_499408_3-1..274	Tub.12	Probable	BACA	1	274	k141_499408_3	bacitracin	YP_985461|FEATURES|bacA|bacitracin|bacA	0.991900423	75.9	274	410	2.36e-146	1	NA
Tub.13-k141_65416_1-1..102	Tub.13	Potential	RBPA	1	102	k141_65416_1	peptide	undefined	0.259642958	61	105	115	1.41e-34	1	NA
Tub.13-k141_65416_1-1..102	Tub.13	Potential_loser	RBPA	1	102	k141_65416_1	multidrug	undefined	0.225868443	61	105	115	1.41e-34	1	NA
Tub.10-k141_439127_1-38..224	Tub.10	Potential	MTRA	38	224	k141_439127_1	aminoglycoside	undefined	0.420918823	50.5	190	181	3.67e-58	1	NA
Tub.10-k141_439127_1-38..224	Tub.10	Potential_loser	MTRA	38	224	k141_439127_1	multidrug	CCP46065.1|FEATURES|mtrA|multidrug|mtrA	0.275905654	50.5	190	181	3.67e-58	1	NA
Tub.51-k141_341412_8-18..331	Tub.51	Probable	TETA(48)	18	331	k141_341412_8	tetracycline	APB03214.1|FEATURES|tetA(48)|tetracycline|tetA(48)	0.89788155	50.3	320	290	3.68e-97	1	NA
Tub.51-k141_341412_8-18..331	Tub.51	Potential_loser	TETA(48)	18	331	k141_341412_8	aminoglycoside	undefined	0.079926005	50.3	320	290	3.68e-97	1	NA
Tub.85-k141_132445_1-262..1121	Tub.85	Probable	RPOB2	262	1121	k141_132445_1	multidrug	BAD59497.1|FEATURES|rpoB2|multidrug|rpoB2	0.983750257	52.6	966	944	0	1	NA
Tub.23-k141_145395_3-16..258	Tub.23	Probable	LRA	16	258	k141_145395_3	beta-lactam	EU408351.1.gene26.p01|FEATURES|LRA-12|beta-lactam|LRA	0.99998471	69	248	355	7.23e-125	1	NA
Tub.59-k141_468952_2-21..143	Tub.59	Probable	ADP-RIBOSYLATING_TRANSFERASE_ARR	21	143	k141_468952_2	rifamycin	AF001493.1.orf0.gene.p01|FEATURES|ADP-ribosylating_transferase_arr|rifamycin|ADP-ribosylating_transferase_arr	0.999489082	74	123	194	9.73e-66	1	NA
Tub.105-k141_427084_10-16..322	Tub.105	Probable	TETA(48)	16	322	k141_427084_10	tetracycline	APB03214.1|FEATURES|tetA(48)|tetracycline|tetA(48)	0.997163788	57.3	307	338	2.33e-116	1	NA
Tub.31-k141_328632_1-3..225	Tub.31	Probable	KDPE	3	225	k141_328632_1	aminoglycoside	NP_415222.1|FEATURES|kdpE|aminoglycoside|kdpE	0.965784078	50.9	224	220	3.73e-73	1	NA
Tub.82-k141_120701_1-1..1063	Tub.82	Probable	MTRD	1	1063	k141_120701_1	multidrug	NP_274718.1|FEATURES|mtrD|multidrug|mtrD	0.984837419	56.9	1067	1137	0	1	fluoroquinolone antibiotic; tetracycline antibiotic
Tub.51-k141_154342_1-7..200	Tub.51	Potential	MTRA	7	200	k141_154342_1	aminoglycoside	undefined	0.551424457	71.6	194	283	2.51e-98	1	NA
Tub.51-k141_154342_1-7..200	Tub.51	Potential_loser	MTRA	7	200	k141_154342_1	multidrug	CCP46065.1|FEATURES|mtrA|multidrug|mtrA	0.267204635	71.6	194	283	2.51e-98	1	NA
Tub.85-k141_752700_6-5..81	Tub.85	Probable	TRUNCATED_PUTATIVE_RESPONSE_REGULATOR_ARLR	5	81	k141_752700_6	unclassified	NC_002745.3251084.p01|FEATURES|truncated_putative_response_regulator_ArlR|unclassified|truncated_putative_response_regulator_ArlR	0.884977416	51.9	77	81.3	1.35e-20	1	NA
Tub.85-k141_752700_6-5..81	Tub.85	Potential_loser	TRUNCATED_PUTATIVE_RESPONSE_REGULATOR_ARLR	5	81	k141_752700_6	peptide	undefined	0.059623977	51.9	77	81.3	1.35e-20	1	NA
Tub.31-k141_671487_2-1..126	Tub.31	Probable	GOLS	1	126	k141_671487_2	multidrug	NP_459349.1|FEATURES|golS|multidrug|golS	0.995198366	56.3	126	141	1.21e-44	1	NA
Tub.88-k141_320200_2-4..117	Tub.88	Potential	TRUNCATED_PUTATIVE_RESPONSE_REGULATOR_ARLR	4	117	k141_320200_2	unclassified	NC_002745.1124086.p01|FEATURES|truncated_putative_response_regulator_ArlR|unclassified|truncated_putative_response_regulator_ArlR	0.325850746	56.1	114	129	2.08e-38	1	NA
Tub.88-k141_320200_2-4..117	Tub.88	Potential_loser	TRUNCATED_PUTATIVE_RESPONSE_REGULATOR_ARLR	4	117	k141_320200_2	aminoglycoside	undefined	0.294983843	56.1	114	129	2.08e-38	1	NA
Tub.94-k141_54816_1-8..214	Tub.94	Probable	VATF	8	214	k141_54816_1	MLS	AAF63432|FEATURES|vatF|MLS|vatF	0.9999995	55.1	207	253	1.01e-84	1	NA
Tub.82-k141_523088_1-33..143	Tub.82	Potential	ADP-RIBOSYLATING_TRANSFERASE_ARR	33	143	k141_523088_1	multidrug	undefined	0.346350993	53	115	125	1.71e-38	1	NA
Tub.82-k141_523088_1-33..143	Tub.82	Potential_loser	ADP-RIBOSYLATING_TRANSFERASE_ARR	33	143	k141_523088_1	peptide	undefined	0.197333399	53	115	125	1.71e-38	1	NA
Tub.59-k141_45947_1-3..118	Tub.59	Potential	TRUNCATED_PUTATIVE_RESPONSE_REGULATOR_ARLR	3	118	k141_45947_1	unclassified	NC_002745.1124086.p01|FEATURES|truncated_putative_response_regulator_ArlR|unclassified|truncated_putative_response_regulator_ArlR	0.306703373	53	117	126	3.63e-38	1	NA
Tub.59-k141_45947_1-3..118	Tub.59	Potential_loser	TRUNCATED_PUTATIVE_RESPONSE_REGULATOR_ARLR	3	118	k141_45947_1	aminoglycoside	undefined	0.300652833	53	117	126	3.63e-38	1	NA
Tub.31-k141_472737_1-15..363	Tub.31	Probable	ROSA	15	363	k141_472737_1	fosmidomycin	YP_001477378|FEATURES|rosA|fosmidomycin|rosA	0.997662176	68	350	437	9.06e-154	1	NA
Tub.31-k141_455617_4-6..512	Tub.31	Probable	EMRB	6	512	k141_455617_4	multidrug	gi:754956999:ref:WP_042313106.1:|FEATURES|emrB|multidrug|emrB	0.997631087	52.6	508	520	2.60e-182	1	NA
Tub.1-k141_161728_1-1..302	Tub.1	Potential	MEXA	1	302	k141_161728_1	multidrug	gi:552704089:gb:ERZ17546.1:|FEATURES|mexA|multidrug|mexA	0.49806538	50.3	316	277	9.34e-92	1	NA
Tub.1-k141_161728_1-1..302	Tub.1	Potential_loser	MEXA	1	302	k141_161728_1	aminoglycoside	undefined	0.149497076	50.3	316	277	9.34e-92	1	NA
Tub.104-k141_57952_1-40..303	Tub.104	Potential	OLEC	40	303	k141_57952_1	tetracycline	undefined	0.824620377	51.1	266	234	8.93e-77	1	NA
Tub.104-k141_57952_1-40..303	Tub.104	Potential_loser	OLEC	40	303	k141_57952_1	MLS	AAA26793|FEATURES|oleC|MLS|oleC	0.072312171	51.1	266	234	8.93e-77	1	NA
Tub.105-k141_527623_2-101..589	Tub.105	Probable	MULTIDRUG_ABC_TRANSPORTER	101	589	k141_527623_2	multidrug	gi:493394434:ref:WP_006350564.1:|FEATURES|multidrug_ABC_transporter|multidrug|multidrug_ABC_transporter	0.976538826	66.6	491	618	7.61e-220	1	NA
Tub.59-k141_291727_9-9..312	Tub.59	Probable	PMRF	9	312	k141_291727_9	peptide	AAC75314.1|FEATURES|PmrF|peptide|PmrF	0.923324141	51.6	304	304	5.10e-103	1	NA
Tub.30-k141_624301_2-2..275	Tub.30	Probable	BACA	2	275	k141_624301_2	bacitracin	YP_550152|FEATURES|bacA|bacitracin|bacA	0.995254281	88.7	274	478	7.22e-173	1	NA
Tub.26-k141_241712_4-14..502	Tub.26	Probable	EMRB	14	502	k141_241712_4	multidrug	gi:661298237:ref:WP_029991091.1:|FEATURES|emrB|multidrug|emrB	0.988546732	51.8	490	505	2.66e-176	1	NA
Tub.34-k141_41236_2-1..118	Tub.34	Potential	TRUNCATED_PUTATIVE_RESPONSE_REGULATOR_ARLR	1	118	k141_41236_2	unclassified	NC_002745.1124086.p01|FEATURES|truncated_putative_response_regulator_ArlR|unclassified|truncated_putative_response_regulator_ArlR	0.33360318	50	118	121	5.27e-37	1	NA
Tub.34-k141_41236_2-1..118	Tub.34	Potential_loser	TRUNCATED_PUTATIVE_RESPONSE_REGULATOR_ARLR	1	118	k141_41236_2	aminoglycoside	undefined	0.292638435	50	118	121	5.27e-37	1	NA
Tub.110-k141_89465_2-8..224	Tub.110	Potential	MTRA	8	224	k141_89465_2	aminoglycoside	undefined	0.557198355	50.5	220	207	1.30e-67	1	NA
Tub.110-k141_89465_2-8..224	Tub.110	Potential_loser	MTRA	8	224	k141_89465_2	multidrug	CCP46065.1|FEATURES|mtrA|multidrug|mtrA	0.266423356	50.5	220	207	1.30e-67	1	NA
Tub.10-k141_280265_1-18..143	Tub.10	Probable	ADP-RIBOSYLATING_TRANSFERASE_ARR	18	143	k141_280265_1	rifamycin	AF001493.1.orf0.gene.p01|FEATURES|ADP-ribosylating_transferase_arr|rifamycin|ADP-ribosylating_transferase_arr	0.999484977	77	126	215	6.76e-74	1	NA
Tub.34-k141_612923_1-3..118	Tub.34	Potential	TRUNCATED_PUTATIVE_RESPONSE_REGULATOR_ARLR	3	118	k141_612923_1	unclassified	NC_002745.1124086.p01|FEATURES|truncated_putative_response_regulator_ArlR|unclassified|truncated_putative_response_regulator_ArlR	0.305441123	50	116	112	1.84e-32	1	NA
Tub.34-k141_612923_1-3..118	Tub.34	Potential_loser	TRUNCATED_PUTATIVE_RESPONSE_REGULATOR_ARLR	3	118	k141_612923_1	aminoglycoside	undefined	0.301012529	50	116	112	1.84e-32	1	NA
Tub.104-k141_363416_2-7..224	Tub.104	Potential	MTRA	7	224	k141_363416_2	aminoglycoside	undefined	0.423047146	50.2	223	204	1.13e-66	1	NA
Tub.104-k141_363416_2-7..224	Tub.104	Potential_loser	MTRA	7	224	k141_363416_2	multidrug	CCP46065.1|FEATURES|mtrA|multidrug|mtrA	0.275926249	50.2	223	204	1.13e-66	1	NA
Tub.59-k141_3156_3-5..406	Tub.59	Probable	ROSA	5	406	k141_3156_3	fosmidomycin	YP_001477378|FEATURES|rosA|fosmidomycin|rosA	0.99913652	64.4	407	484	2.74e-171	1	NA
Tub.82-k141_209977_1-41..230	Tub.82	Probable	VANR	41	230	k141_209977_1	glycopeptide	gi:938897327:ref:WP_054681472.1:|FEATURES|vanR|glycopeptide|vanR	0.958361983	50.5	190	193	5.42e-63	1	NA
Tub.1-k141_202035_2-9..291	Tub.1	Probable	LRA	9	291	k141_202035_2	beta-lactam	EU408351.1.gene26.p01|FEATURES|LRA-12|beta-lactam|LRA	0.99998471	70.4	284	418	4.72e-149	1	NA
Tub.58-k141_397192_12-1..104	Tub.58	Potential	ABES	1	104	k141_397192_12	aminoglycoside	undefined	0.337929284	50	104	101	9.25e-30	1	NA
Tub.58-k141_397192_12-1..104	Tub.58	Potential_loser	ABES	1	104	k141_397192_12	multidrug	NC_010410.6003348.p01|FEATURES|abeS|multidrug|abeS	0.291029877	50	104	101	9.25e-30	1	NA
Tub.1-k141_19119_1-9..268	Tub.1	Probable	KASUGAMYCIN_RESISTANCE_PROTEIN_KSGA	9	268	k141_19119_1	aminoglycoside	A7FMC1|FEATURES|kasugamycin_resistance_protein_ksgA|aminoglycoside|kasugamycin_resistance_protein_ksgA	0.981851689	50.8	260	241	1.39e-79	1	NA
Tub.82-k141_98801_2-56..371	Tub.82	Probable	MEXC	56	371	k141_98801_2	multidrug	gi:730552397:ref:WP_034045676.1:|FEATURES|mexC|multidrug|mexC	0.958537464	50.3	320	272	9.07e-89	1	NA
Tub.104-k141_575618_1-5..134	Tub.104	Probable	BLEO	5	134	k141_575618_1	glycopeptide	NC_002758.1119995.p01|FEATURES|bleO|glycopeptide|bleO	0.999855819	50.4	133	143	2.28e-45	1	NA
Tub.59-k141_281365_6-1..1021	Tub.59	Potential	MUXB	1	1021	k141_281365_6	aminocoumarin	NP_251217.1|FEATURES|MuxB|multidrug|MuxB	0.699712573	62.5	1044	1217	0	1	NA
Tub.59-k141_281365_6-1..1021	Tub.59	Potential_loser	MUXB	1	1021	k141_281365_6	multidrug	NP_251217.1|FEATURES|MuxB|multidrug|MuxB	0.277362304	62.5	1044	1217	0	1	NA
Tub.83-k141_126661_1-5..78	Tub.83	Probable	TRUNCATED_PUTATIVE_RESPONSE_REGULATOR_ARLR	5	78	k141_126661_1	unclassified	NC_002745.3251084.p01|FEATURES|truncated_putative_response_regulator_ArlR|unclassified|truncated_putative_response_regulator_ArlR	0.838830538	50	74	73.6	1.82e-18	1	NA
Tub.83-k141_126661_1-5..78	Tub.83	Potential_loser	TRUNCATED_PUTATIVE_RESPONSE_REGULATOR_ARLR	5	78	k141_126661_1	peptide	undefined	0.081726504	50	74	73.6	1.82e-18	1	NA
Tub.82-k141_446630_12-6..243	Tub.82	Probable	OMPR	6	243	k141_446630_12	multidrug	NC_008702.1.4607594.p01|FEATURES|ompR|multidrug|ompR	0.996045578	63	238	292	1.38e-100	1	NA
Tub.4-k141_605261_1-1..126	Tub.4	Probable	GOLS	1	126	k141_605261_1	multidrug	NP_459349.1|FEATURES|golS|multidrug|golS	0.996807152	51.6	126	136	4.07e-42	1	NA
Tub.31-k141_551057_2-1..128	Tub.31	Probable	GOLS	1	128	k141_551057_2	multidrug	NP_459349.1|FEATURES|golS|multidrug|golS	0.996942688	58.6	128	155	1.19e-49	1	NA
Tub.4-k141_306364_3-15..153	Tub.4	Probable	AAC(3)-I	15	153	k141_306364_3	aminoglycoside	gi:639206639:ref:WP_024544906.1:|FEATURES|aac(3)-I|aminoglycoside|aac(3)-I	0.99997549	66.9	139	184	2.32e-61	1	NA
Tub.64-k141_161786_3-13..357	Tub.64	Probable	EMRA	13	357	k141_161786_3	multidrug	gi:695709491:ref:WP_032642979.1:|FEATURES|emrA|multidrug|emrA	0.995340862	51.6	345	326	6.98e-110	1	NA
Tub.83-k141_335509_3-7..228	Tub.83	Potential	MTRA	7	228	k141_335509_3	aminoglycoside	undefined	0.492063657	50	226	206	2.17e-67	1	NA
Tub.83-k141_335509_3-7..228	Tub.83	Potential_loser	MTRA	7	228	k141_335509_3	multidrug	CCP46065.1|FEATURES|mtrA|multidrug|mtrA	0.273308614	50	226	206	2.17e-67	1	NA
Tub.15-k141_142066_1-3..125	Tub.15	Potential	TRUNCATED_PUTATIVE_RESPONSE_REGULATOR_ARLR	3	125	k141_142066_1	unclassified	NC_002745.1124086.p01|FEATURES|truncated_putative_response_regulator_ArlR|unclassified|truncated_putative_response_regulator_ArlR	0.342964907	52.4	124	131	1.12e-39	1	NA
Tub.15-k141_142066_1-3..125	Tub.15	Potential_loser	TRUNCATED_PUTATIVE_RESPONSE_REGULATOR_ARLR	3	125	k141_142066_1	aminoglycoside	undefined	0.289478615	52.4	124	131	1.12e-39	1	NA
Tub.64-k141_115969_2-12..210	Tub.64	Probable	CAMP-REGULATORY_PROTEIN	12	210	k141_115969_2	unclassified	gi:490367208:ref:WP_004246872.1:|FEATURES|cAMP-regulatory_protein|unclassified|cAMP-regulatory_protein	0.995420394	53.9	204	223	2.66e-74	1	NA
Tub.31-k141_498826_2-3..160	Tub.31	Potential	DFRA3	3	160	k141_498826_2	peptide	undefined	0.2949207	50.9	159	147	2.54e-46	1	NA
Tub.31-k141_498826_2-3..160	Tub.31	Potential_loser	DFRA3	3	160	k141_498826_2	aminoglycoside	undefined	0.194233035	50.9	159	147	2.54e-46	1	NA
Tub.83-k141_264768_1-33..362	Tub.83	Probable	EFRB	33	362	k141_264768_1	multidrug	CDO61516.1|FEATURES|efrB|multidrug|efrB	0.858829418	51.5	330	334	4.56e-111	1	NA
Tub.83-k141_264768_1-33..362	Tub.83	Potential_loser	EFRB	33	362	k141_264768_1	aminoglycoside	undefined	0.073815627	51.5	330	334	4.56e-111	1	NA
Tub.104-k141_227840_1-33..156	Tub.104	Probable	AAC(6')-I	33	156	k141_227840_1	aminoglycoside	AB116646.1.gene1.p01|FEATURES|aac(6')-I|aminoglycoside|aac(6')-I	0.989623547	60	135	157	6.70e-51	1	NA
Tub.70-k141_267458_2-9..170	Tub.70	Probable	AAC(6')-31	9	170	k141_267458_2	aminoglycoside	gi:939369456:ref:WP_054914207.1:|FEATURES|aac(6')-31|aminoglycoside|aac(6')-31	0.999997923	58.6	162	209	5.08e-70	1	NA
Tub.1-k141_206673_7-12..210	Tub.1	Probable	CAMP-REGULATORY_PROTEIN	12	210	k141_206673_7	unclassified	gi:490367208:ref:WP_004246872.1:|FEATURES|cAMP-regulatory_protein|unclassified|cAMP-regulatory_protein	0.99540049	53.9	204	223	2.66e-74	1	NA
Tub.82-k141_91466_3-5..81	Tub.82	Probable	TRUNCATED_PUTATIVE_RESPONSE_REGULATOR_ARLR	5	81	k141_91466_3	unclassified	NC_002745.3251084.p01|FEATURES|truncated_putative_response_regulator_ArlR|unclassified|truncated_putative_response_regulator_ArlR	0.907569824	51.9	77	82.4	5.32e-21	1	NA
Tub.4-k141_774876_4-2..156	Tub.4	Probable	AAC(6')-I	2	156	k141_774876_4	aminoglycoside	AB116646.1.gene1.p01|FEATURES|aac(6')-I|aminoglycoside|aac(6')-I	0.999657343	52.4	164	154	7.91e-49	1	NA
Tub.104-k141_422907_2-1..132	Tub.104	Probable	BLEO	1	132	k141_422907_2	glycopeptide	NC_002758.1119995.p01|FEATURES|bleO|glycopeptide|bleO	0.999955905	50.4	135	137	4.50e-43	1	NA
Tub.85-k141_141586_1-1..267	Tub.85	Potential	BACA	1	267	k141_141586_1	peptide	undefined	0.272832087	55.4	267	251	2.14e-84	1	NA
Tub.85-k141_141586_1-1..267	Tub.85	Potential_loser	BACA	1	267	k141_141586_1	multidrug	undefined	0.225089501	55.4	267	251	2.14e-84	1	NA
Tub.94-k141_161650_1-23..257	Tub.94	Probable	AAC(3)-IV	23	257	k141_161650_1	aminoglycoside	gi:446015186:ref:WP_000093041.1:|FEATURES|aac(3)-IV|aminoglycoside|aac(3)-IV	0.999881653	56.2	235	274	1.17e-93	1	NA
Tub.64-k141_269230_2-1..128	Tub.64	Probable	GOLS	1	128	k141_269230_2	multidrug	NP_459349.1|FEATURES|golS|multidrug|golS	0.997076081	56.3	128	148	3.41e-47	1	NA
Tub.26-k141_332170_1-8..152	Tub.26	Probable	AAC(3)-I	8	152	k141_332170_1	aminoglycoside	AJ511268.1.gene3.p01|FEATURES|aac(3)-I|aminoglycoside|aac(3)-I	0.999999907	60	145	181	5.10e-59	1	NA
Tub.104-k141_232169_2-1..109	Tub.104	Potential	RBPA	1	109	k141_232169_2	peptide	undefined	0.259359745	59.1	110	136	6.63e-43	1	NA
Tub.104-k141_232169_2-1..109	Tub.104	Potential_loser	RBPA	1	109	k141_232169_2	multidrug	undefined	0.225691455	59.1	110	136	6.63e-43	1	NA
Tub.4-k141_649110_2-3..119	Tub.4	Probable	BRP(MBL)	3	119	k141_649110_2	glycopeptide	YP_007652797.1|FEATURES|BRP(MBL)|glycopeptide|BRP(MBL)	0.993331786	65	117	171	3.83e-57	1	NA
Tub.59-k141_322753_2-4..224	Tub.59	Probable	KDPE	4	224	k141_322753_2	aminoglycoside	NP_415222.1|FEATURES|kdpE|aminoglycoside|kdpE	0.976936953	53.6	222	241	6.88e-81	1	NA
Tub.31-k141_419259_2-42..310	Tub.31	Potential	CLASS_A	42	310	k141_419259_2	beta-lactam	gi:702678034:ref:WP_033237905.1:|FEATURES|class_A|beta-lactam|class_A	0.487615719	50.6	269	239	2.09e-78	1	NA
Tub.31-k141_419259_2-42..310	Tub.31	Potential_loser	CLASS_A	42	310	k141_419259_2	multidrug	undefined	0.12052535	50.6	269	239	2.09e-78	1	NA
Tub.105-k141_225729_2-22..175	Tub.105	Probable	AAC(6')-I	22	175	k141_225729_2	aminoglycoside	AB164230.1.gene1.p01|FEATURES|aac(6')-I|aminoglycoside|aac(6')-I	0.999657324	54	161	170	7.60e-55	1	NA
Tub.1-k141_147061_1-2..152	Tub.1	Potential	TETC	2	152	k141_147061_1	aminoglycoside	undefined	0.374314617	50.7	152	139	1.48e-41	1	NA
Tub.1-k141_147061_1-2..152	Tub.1	Potential_loser	TETC	2	152	k141_147061_1	tetracycline	AY171578.gene.p01|FEATURES|tetC|tetracycline|tetC	0.231229011	50.7	152	139	1.48e-41	1	NA
Tub.82-k141_355636_45-4..118	Tub.82	Potential	TRUNCATED_PUTATIVE_RESPONSE_REGULATOR_ARLR	4	118	k141_355636_45	unclassified	NC_002745.1124086.p01|FEATURES|truncated_putative_response_regulator_ArlR|unclassified|truncated_putative_response_regulator_ArlR	0.319555043	50	116	124	1.15e-36	1	NA
Tub.82-k141_355636_45-4..118	Tub.82	Potential_loser	TRUNCATED_PUTATIVE_RESPONSE_REGULATOR_ARLR	4	118	k141_355636_45	aminoglycoside	undefined	0.2969449	50	116	124	1.15e-36	1	NA
Tub.58-k141_448308_1-4..129	Tub.58	Potential	DFRA3	4	129	k141_448308_1	peptide	undefined	0.296770871	53.4	133	152	1.42e-48	1	NA
Tub.58-k141_448308_1-4..129	Tub.58	Potential_loser	DFRA3	4	129	k141_448308_1	aminoglycoside	undefined	0.19289946	53.4	133	152	1.42e-48	1	NA
Tub.85-k141_6876_7-3..123	Tub.85	Potential	TRUNCATED_PUTATIVE_RESPONSE_REGULATOR_ARLR	3	123	k141_6876_7	unclassified	NC_002745.1124086.p01|FEATURES|truncated_putative_response_regulator_ArlR|unclassified|truncated_putative_response_regulator_ArlR	0.319194737	50.8	122	122	6.80e-36	1	NA
Tub.85-k141_6876_7-3..123	Tub.85	Potential_loser	TRUNCATED_PUTATIVE_RESPONSE_REGULATOR_ARLR	3	123	k141_6876_7	aminoglycoside	undefined	0.297054411	50.8	122	122	6.80e-36	1	NA
Tub.31-k141_711875_3-9..178	Tub.31	Potential	CAMP-REGULATORY_PROTEIN	9	178	k141_711875_3	unclassified	gi:446164891:ref:WP_000242746.1:|FEATURES|cAMP-regulatory_protein|unclassified|cAMP-regulatory_protein	0.479076555	50	176	182	1.05e-58	1	NA
Tub.31-k141_711875_3-9..178	Tub.31	Potential_loser	CAMP-REGULATORY_PROTEIN	9	178	k141_711875_3	aminoglycoside	undefined	0.177896165	50	176	182	1.05e-58	1	NA
Tub.105-k141_197616_3-3..319	Tub.105	Potential	OLEC	3	319	k141_197616_3	tetracycline	undefined	0.890764098	51.3	318	300	5.06e-101	1	NA
Tub.105-k141_197616_3-3..319	Tub.105	Potential_loser	OLEC	3	319	k141_197616_3	MLS	AAA26793|FEATURES|oleC|MLS|oleC	0.070905808	51.3	318	300	5.06e-101	1	NA
Tub.31-k141_58552_1-8..504	Tub.31	Potential	LRFA	8	504	k141_58552_1	fluoroquinolone	AAC43550.1|FEATURES|lrfA|fluoroquinolone|lrfA	0.345272837	55.5	497	486	6.22e-169	1	NA
Tub.31-k141_58552_1-8..504	Tub.31	Potential_loser	LRFA	8	504	k141_58552_1	tetracycline	undefined	0.150773236	55.5	497	486	6.22e-169	1	NA
Tub.82-k141_336695_1-29..162	Tub.82	Potential	DFRA3	29	162	k141_336695_1	peptide	undefined	0.300650896	50.7	134	148	4.89e-47	1	NA
Tub.82-k141_336695_1-29..162	Tub.82	Potential_loser	DFRA3	29	162	k141_336695_1	aminoglycoside	undefined	0.18938683	50.7	134	148	4.89e-47	1	NA
Tub.105-k141_108366_2-22..176	Tub.105	Probable	AAC(6')-I	22	176	k141_108366_2	aminoglycoside	AB164230.1.gene1.p01|FEATURES|aac(6')-I|aminoglycoside|aac(6')-I	0.999644838	50	166	164	9.02e-53	1	NA
Tub.58-k141_53549_1-46..265	Tub.58	Potential	KASUGAMYCIN_RESISTANCE_PROTEIN_KSGA	46	265	k141_53549_1	aminoglycoside	YP_002113107|FEATURES|kasugamycin_resistance_protein_ksgA|aminoglycoside|kasugamycin_resistance_protein_ksgA	0.747370921	50	224	212	1.83e-69	1	NA
Tub.58-k141_53549_1-46..265	Tub.58	Potential_loser	KASUGAMYCIN_RESISTANCE_PROTEIN_KSGA	46	265	k141_53549_1	multidrug	undefined	0.102728777	50	224	212	1.83e-69	1	NA
Tub.10-k141_434971_2-3..118	Tub.10	Potential	TRUNCATED_PUTATIVE_RESPONSE_REGULATOR_ARLR	3	118	k141_434971_2	unclassified	NC_002745.1124086.p01|FEATURES|truncated_putative_response_regulator_ArlR|unclassified|truncated_putative_response_regulator_ArlR	0.31319892	50.9	116	120	1.69e-35	1	NA
Tub.10-k141_434971_2-3..118	Tub.10	Potential_loser	TRUNCATED_PUTATIVE_RESPONSE_REGULATOR_ARLR	3	118	k141_434971_2	aminoglycoside	undefined	0.29882179	50.9	116	120	1.69e-35	1	NA
Tub.105-k141_524920_3-1..217	Tub.105	Probable	VANR	1	217	k141_524920_3	glycopeptide	gi:974603856:ref:WP_059193686.1:|FEATURES|vanR|glycopeptide|vanR	0.999962194	53.9	217	212	5.55e-70	1	NA
Tub.31-k141_242512_1-31..155	Tub.31	Potential	LEN	31	155	k141_242512_1	aminoglycoside	undefined	0.299783919	54.8	126	128	1.48e-38	1	NA
Tub.31-k141_242512_1-31..155	Tub.31	Potential_loser	LEN	31	155	k141_242512_1	multidrug	undefined	0.246033224	54.8	126	128	1.48e-38	1	NA
Tub.4-k141_1002410_1-1..128	Tub.4	Probable	GOLS	1	128	k141_1002410_1	multidrug	NP_459349.1|FEATURES|golS|multidrug|golS	0.997705656	59.4	128	146	1.88e-46	1	NA
Tub.34-k141_60213_3-5..228	Tub.34	Potential	MTRA	5	228	k141_60213_3	aminoglycoside	undefined	0.562806372	70.2	228	313	1.23e-109	1	NA
Tub.34-k141_60213_3-5..228	Tub.34	Potential_loser	MTRA	5	228	k141_60213_3	multidrug	CCP46065.1|FEATURES|mtrA|multidrug|mtrA	0.265666844	70.2	228	313	1.23e-109	1	NA
Tub.85-k141_619506_2-2..118	Tub.85	Potential	TRUNCATED_PUTATIVE_RESPONSE_REGULATOR_ARLR	2	118	k141_619506_2	unclassified	NC_002745.1124086.p01|FEATURES|truncated_putative_response_regulator_ArlR|unclassified|truncated_putative_response_regulator_ArlR	0.307177155	50	118	118	8.63e-36	1	NA
Tub.85-k141_619506_2-2..118	Tub.85	Potential_loser	TRUNCATED_PUTATIVE_RESPONSE_REGULATOR_ARLR	2	118	k141_619506_2	aminoglycoside	undefined	0.300517774	50	118	118	8.63e-36	1	NA
Tub.12-k141_149908_2-7..78	Tub.12	Probable	TRUNCATED_PUTATIVE_RESPONSE_REGULATOR_ARLR	7	78	k141_149908_2	unclassified	NC_002745.3251084.p01|FEATURES|truncated_putative_response_regulator_ArlR|unclassified|truncated_putative_response_regulator_ArlR	0.830805219	50	72	66.6	8.23e-17	1	NA
Tub.12-k141_149908_2-7..78	Tub.12	Potential_loser	TRUNCATED_PUTATIVE_RESPONSE_REGULATOR_ARLR	7	78	k141_149908_2	peptide	undefined	0.085441953	50	72	66.6	8.23e-17	1	NA
Tub.31-k141_24619_1-4..81	Tub.31	Probable	TRUNCATED_PUTATIVE_RESPONSE_REGULATOR_ARLR	4	81	k141_24619_1	unclassified	NC_002745.3251084.p01|FEATURES|truncated_putative_response_regulator_ArlR|unclassified|truncated_putative_response_regulator_ArlR	0.907569824	55.1	78	90.1	2.10e-25	1	NA
Tub.26-k141_309418_1-4..119	Tub.26	Potential	TRUNCATED_PUTATIVE_RESPONSE_REGULATOR_ARLR	4	119	k141_309418_1	unclassified	NC_002745.1124086.p01|FEATURES|truncated_putative_response_regulator_ArlR|unclassified|truncated_putative_response_regulator_ArlR	0.342964907	52.1	117	126	1.96e-37	1	NA
Tub.26-k141_309418_1-4..119	Tub.26	Potential_loser	TRUNCATED_PUTATIVE_RESPONSE_REGULATOR_ARLR	4	119	k141_309418_1	aminoglycoside	undefined	0.289478615	52.1	117	126	1.96e-37	1	NA
Tub.4-k141_957406_1-1..126	Tub.4	Probable	GOLS	1	126	k141_957406_1	multidrug	NP_459349.1|FEATURES|golS|multidrug|golS	0.994418098	52.4	126	121	7.97e-37	1	NA
Tub.59-k141_488547_1-9..197	Tub.59	Probable	MEXL	9	197	k141_488547_1	multidrug	NP_252368.1|FEATURES|MexL|multidrug|MexL	0.992701668	52.4	189	187	8.83e-61	1	NA
Tub.59-k141_96671_1-10..341	Tub.59	Potential	OPRM	10	341	k141_96671_1	multidrug	gi:573999612:gb:ETU76469.1:|FEATURES|oprM|multidrug|oprM	0.723886471	52.7	334	282	5.77e-94	1	NA
Tub.59-k141_96671_1-10..341	Tub.59	Potential_loser	OPRM	10	341	k141_96671_1	aminoglycoside	undefined	0.127311757	52.7	334	282	5.77e-94	1	NA
Tub.105-k141_292591_12-17..328	Tub.105	Probable	TETA(48)	17	328	k141_292591_12	tetracycline	APB03214.1|FEATURES|tetA(48)|tetracycline|tetA(48)	0.996598824	56.2	313	323	3.64e-110	1	NA
Tub.31-k141_763030_2-3..117	Tub.31	Potential	TRUNCATED_PUTATIVE_RESPONSE_REGULATOR_ARLR	3	117	k141_763030_2	aminoglycoside	undefined	0.307070285	50	116	114	5.55e-33	1	NA
Tub.31-k141_763030_2-3..117	Tub.31	Potential_loser	TRUNCATED_PUTATIVE_RESPONSE_REGULATOR_ARLR	3	117	k141_763030_2	unclassified	NC_002745.1124086.p01|FEATURES|truncated_putative_response_regulator_ArlR|unclassified|truncated_putative_response_regulator_ArlR	0.278211592	50	116	114	5.55e-33	1	NA
Tub.94-k141_505184_2-4..225	Tub.94	Potential	MTRA	4	225	k141_505184_2	aminoglycoside	undefined	0.591164137	53.6	224	227	6.88e-76	1	NA
Tub.94-k141_505184_2-4..225	Tub.94	Potential_loser	MTRA	4	225	k141_505184_2	multidrug	CCP46065.1|FEATURES|mtrA|multidrug|mtrA	0.261294015	53.6	224	227	6.88e-76	1	NA
Tub.4-k141_802296_4-3..118	Tub.4	Potential	TRUNCATED_PUTATIVE_RESPONSE_REGULATOR_ARLR	3	118	k141_802296_4	unclassified	NC_002745.1124086.p01|FEATURES|truncated_putative_response_regulator_ArlR|unclassified|truncated_putative_response_regulator_ArlR	0.310188653	50.4	117	119	1.87e-34	1	NA
Tub.4-k141_802296_4-3..118	Tub.4	Potential_loser	TRUNCATED_PUTATIVE_RESPONSE_REGULATOR_ARLR	3	118	k141_802296_4	aminoglycoside	undefined	0.299676302	50.4	117	119	1.87e-34	1	NA
Tub.83-k141_257565_1-8..81	Tub.83	Probable	TRUNCATED_PUTATIVE_RESPONSE_REGULATOR_ARLR	8	81	k141_257565_1	unclassified	NC_002745.3251084.p01|FEATURES|truncated_putative_response_regulator_ArlR|unclassified|truncated_putative_response_regulator_ArlR	0.858544939	51.4	74	76.6	3.71e-20	1	NA
Tub.83-k141_257565_1-8..81	Tub.83	Potential_loser	TRUNCATED_PUTATIVE_RESPONSE_REGULATOR_ARLR	8	81	k141_257565_1	peptide	undefined	0.072425003	51.4	74	76.6	3.71e-20	1	NA
Tub.58-k141_598972_1-20..358	Tub.58	Probable	ROSA	20	358	k141_598972_1	fosmidomycin	YP_001477378|FEATURES|rosA|fosmidomycin|rosA	0.996922197	64.8	341	410	4.60e-143	1	NA
Tub.104-k141_415203_2-6..78	Tub.104	Probable	TRUNCATED_PUTATIVE_RESPONSE_REGULATOR_ARLR	6	78	k141_415203_2	unclassified	NC_002745.3251084.p01|FEATURES|truncated_putative_response_regulator_ArlR|unclassified|truncated_putative_response_regulator_ArlR	0.902320973	51.4	74	73.2	1.54e-17	1	NA
Tub.85-k141_64846_2-9..262	Tub.85	Probable	KASUGAMYCIN_RESISTANCE_PROTEIN_KSGA	9	262	k141_64846_2	aminoglycoside	YP_001439344|FEATURES|kasugamycin_resistance_protein_ksgA|aminoglycoside|kasugamycin_resistance_protein_ksgA	0.999999854	52	254	243	9.43e-81	1	NA
Tub.64-k141_50677_1-30..150	Tub.64	Probable	ADP-RIBOSYLATING_TRANSFERASE_ARR	30	150	k141_50677_1	rifamycin	AY259086.1.gene5.p01|FEATURES|ADP-ribosylating_transferase_arr|rifamycin|ADP-ribosylating_transferase_arr	0.99949716	62	121	163	1.70e-53	1	NA
Tub.58-k141_211876_1-1..135	Tub.58	Probable	GOLS	1	135	k141_211876_1	multidrug	NP_459349.1|FEATURES|golS|multidrug|golS	0.996725894	55.1	136	150	7.41e-48	1	NA
Tub.10-k141_724037_1-1..109	Tub.10	Potential	RBPA	1	109	k141_724037_1	peptide	undefined	0.260571646	59.1	110	139	1.70e-44	1	NA
Tub.10-k141_724037_1-1..109	Tub.10	Potential_loser	RBPA	1	109	k141_724037_1	multidrug	undefined	0.226694784	59.1	110	139	1.70e-44	1	NA
Tub.51-k141_297278_1-29..326	Tub.51	Potential	EMRA	29	326	k141_297278_1	multidrug	gi:1033042764:ref:WP_064355128.1:|FEATURES|emrA|multidrug|emrA	0.32943639	51.3	298	268	6.22e-89	1	NA
Tub.51-k141_297278_1-29..326	Tub.51	Potential_loser	EMRA	29	326	k141_297278_1	peptide	undefined	0.215838077	51.3	298	268	6.22e-89	1	NA
Tub.82-k141_151412_2-25..282	Tub.82	Potential	FEZ-1	25	282	k141_151412_2	aminoglycoside	undefined	0.350469443	63.6	258	348	5.81e-120	1	NA
Tub.82-k141_151412_2-25..282	Tub.82	Potential_loser	FEZ-1	25	282	k141_151412_2	multidrug	undefined	0.177965766	63.6	258	348	5.81e-120	1	NA
Tub.58-k141_208633_1-29..261	Tub.58	Probable	KASUGAMYCIN_RESISTANCE_PROTEIN_KSGA	29	261	k141_208633_1	aminoglycoside	YP_001439344|FEATURES|kasugamycin_resistance_protein_ksgA|aminoglycoside|kasugamycin_resistance_protein_ksgA	0.999998656	51.7	234	209	3.22e-68	1	NA
Tub.10-k141_436497_1-1..107	Tub.10	Potential	RBPA	1	107	k141_436497_1	peptide	undefined	0.257994653	56.5	108	127	1.81e-39	1	NA
Tub.10-k141_436497_1-1..107	Tub.10	Potential_loser	RBPA	1	107	k141_436497_1	multidrug	undefined	0.225353484	56.5	108	127	1.81e-39	1	NA
Tub.4-k141_782934_3-5..228	Tub.4	Potential	MTRA	5	228	k141_782934_3	aminoglycoside	CCP46065.1|FEATURES|mtrA|multidrug|mtrA	0.582749277	71	224	320	2.53e-112	1	NA
Tub.4-k141_782934_3-5..228	Tub.4	Potential_loser	MTRA	5	228	k141_782934_3	multidrug	CCP46065.1|FEATURES|mtrA|multidrug|mtrA	0.262782291	71	224	320	2.53e-112	1	NA
Tub.82-k141_30149_2-20..1153	Tub.82	Probable	RPOB2	20	1153	k141_30149_2	multidrug	BAD59497.1|FEATURES|rpoB2|multidrug|rpoB2	0.985552774	60	1211	1324	0	1	NA
Tub.10-k141_211644_2-35..864	Tub.10	Probable	RPHA	35	864	k141_211644_2	rifamycin	AIA08936.1|FEATURES|rphA|rifamycin|rphA	0.987829974	74	830	1204	0	1	NA
Tub.82-k141_52529_1-23..193	Tub.82	Probable	AAC(6')-I	23	193	k141_52529_1	aminoglycoside	AAK51920|FEATURES|aac(6')-I|aminoglycoside|aac(6')-I	0.999998628	50.6	172	179	6.48e-58	1	NA
Tub.85-k141_593227_14-40..1121	Tub.85	Probable	RPOB2	40	1121	k141_593227_14	multidrug	BAD59497.1|FEATURES|rpoB2|multidrug|rpoB2	0.99233045	53.7	1119	1119	0	1	NA
Tub.85-k141_640512_13-1..1036	Tub.85	Probable	MEXF	1	1036	k141_640512_13	multidrug	CP000675.2.gene2298.p01|FEATURES|mexF|multidrug|mexF	0.999982343	53.3	1036	1041	0	1	fluoroquinolone antibiotic; tetracycline antibiotic
Tub.31-k141_602619_4-4..123	Tub.31	Potential	ADP-RIBOSYLATING_TRANSFERASE_ARR	4	123	k141_602619_4	multidrug	undefined	0.334261399	63.3	120	149	4.20e-45	1	NA
Tub.31-k141_602619_4-4..123	Tub.31	Potential_loser	ADP-RIBOSYLATING_TRANSFERASE_ARR	4	123	k141_602619_4	peptide	undefined	0.215285851	63.3	120	149	4.20e-45	1	NA
Tub.58-k141_402943_3-1..1067	Tub.58	Probable	MTRD	1	1067	k141_402943_3	multidrug	NP_274718.1|FEATURES|mtrD|multidrug|mtrD	0.925131687	57.7	1069	1136	0	1	fluoroquinolone antibiotic; tetracycline antibiotic
Tub.83-k141_553080_2-23..1154	Tub.83	Probable	RPOB2	23	1154	k141_553080_2	multidrug	BAD59497.1|FEATURES|rpoB2|multidrug|rpoB2	0.981217228	57.2	1145	1241	0	1	NA
Tub.85-k141_474858_9-4..118	Tub.85	Potential	TRUNCATED_PUTATIVE_RESPONSE_REGULATOR_ARLR	4	118	k141_474858_9	aminoglycoside	undefined	0.304914767	51.7	116	112	8.24e-32	1	NA
Tub.85-k141_474858_9-4..118	Tub.85	Potential_loser	TRUNCATED_PUTATIVE_RESPONSE_REGULATOR_ARLR	4	118	k141_474858_9	unclassified	NC_002745.1124086.p01|FEATURES|truncated_putative_response_regulator_ArlR|unclassified|truncated_putative_response_regulator_ArlR	0.289315838	51.7	116	112	8.24e-32	1	NA
Tub.59-k141_276021_20-4..117	Tub.59	Probable	TRUNCATED_PUTATIVE_RESPONSE_REGULATOR_ARLR	4	117	k141_276021_20	unclassified	NC_002745.1124086.p01|FEATURES|truncated_putative_response_regulator_ArlR|unclassified|truncated_putative_response_regulator_ArlR	0.959622708	55.3	114	129	2.08e-38	1	NA
Tub.10-k141_252687_2-4..318	Tub.10	Potential	OLEC	4	318	k141_252687_2	tetracycline	undefined	0.889111269	50.2	317	283	1.16e-94	1	NA
Tub.10-k141_252687_2-4..318	Tub.10	Potential_loser	OLEC	4	318	k141_252687_2	MLS	AAA26793|FEATURES|oleC|MLS|oleC	0.071066702	50.2	317	283	1.16e-94	1	NA
Tub.99-k141_103870_1-17..130	Tub.99	Potential	ADP-RIBOSYLATING_TRANSFERASE_ARR	17	130	k141_103870_1	multidrug	undefined	0.400622005	50.8	118	130	1.01e-40	1	NA
Tub.99-k141_103870_1-17..130	Tub.99	Potential_loser	ADP-RIBOSYLATING_TRANSFERASE_ARR	17	130	k141_103870_1	peptide	undefined	0.165294844	50.8	118	130	1.01e-40	1	NA
Tub.31-k141_788294_2-3..210	Tub.31	Probable	CAMP-REGULATORY_PROTEIN	3	210	k141_788294_2	unclassified	gi:490367208:ref:WP_004246872.1:|FEATURES|cAMP-regulatory_protein|unclassified|cAMP-regulatory_protein	0.995410514	52.1	213	233	3.72e-78	1	NA
Tub.12-k141_461900_1-33..365	Tub.12	Potential	MEXJ	33	365	k141_461900_1	triclosan	undefined	0.537988922	51.5	340	284	1.65e-94	1	NA
Tub.12-k141_461900_1-33..365	Tub.12	Potential_loser	MEXJ	33	365	k141_461900_1	multidrug	NP_252367.1|FEATURES|MexJ|multidrug|MexJ	0.155124356	51.5	340	284	1.65e-94	1	NA
Tub.105-k141_105070_2-1..217	Tub.105	Probable	VANR	1	217	k141_105070_2	glycopeptide	gi:938897327:ref:WP_054681472.1:|FEATURES|vanR|glycopeptide|vanR	0.999986909	56.2	217	243	1.11e-81	1	NA
Tub.4-k141_82551_2-26..173	Tub.4	Probable	AAC(3)-I	26	173	k141_82551_2	aminoglycoside	gi:695737392:ref:WP_032663836.1:|FEATURES|aac(3)-I|aminoglycoside|aac(3)-I	0.999999984	58.1	148	166	8.03e-54	1	NA
Tub.85-k141_110584_3-6..134	Tub.85	Probable	ADP-RIBOSYLATING_TRANSFERASE_ARR	6	134	k141_110584_3	rifamycin	AF001493.1.orf0.gene.p01|FEATURES|ADP-ribosylating_transferase_arr|rifamycin|ADP-ribosylating_transferase_arr	0.999426146	56.6	129	160	3.07e-52	1	NA
Tub.88-k141_393752_4-22..175	Tub.88	Probable	AAC(6')-I	22	175	k141_393752_4	aminoglycoside	AB164230.1.gene1.p01|FEATURES|aac(6')-I|aminoglycoside|aac(6')-I	0.999698013	50.6	166	159	1.19e-50	1	NA
Tub.85-k141_458362_2-4..81	Tub.85	Probable	TRUNCATED_PUTATIVE_RESPONSE_REGULATOR_ARLR	4	81	k141_458362_2	unclassified	NC_002745.3251084.p01|FEATURES|truncated_putative_response_regulator_ArlR|unclassified|truncated_putative_response_regulator_ArlR	0.907569824	52.6	78	86.3	1.81e-22	1	NA
Tub.51-k141_212996_2-1..1047	Tub.51	Potential	ACRB	1	1047	k141_212996_2	multidrug	YP_002240037|FEATURES|acrB|multidrug|acrB	0.783075527	50.9	1058	1004	0	1	fluoroquinolone antibiotic; tetracycline antibiotic
Tub.51-k141_212996_2-1..1047	Tub.51	Potential_loser	ACRB	1	1047	k141_212996_2	aminoglycoside	undefined	0.174762725	50.9	1058	1004	0	1	fluoroquinolone antibiotic; tetracycline antibiotic
Tub.16-k141_940028_4-3..156	Tub.16	Potential	DFRA3	3	156	k141_940028_4	peptide	undefined	0.300650896	50.3	155	146	1.02e-45	1	NA
Tub.16-k141_940028_4-3..156	Tub.16	Potential_loser	DFRA3	3	156	k141_940028_4	aminoglycoside	undefined	0.18938683	50.3	155	146	1.02e-45	1	NA
Tub.12-k141_425503_2-1..221	Tub.12	Probable	VANR	1	221	k141_425503_2	glycopeptide	gi:943675889:ref:WP_055502070.1:|FEATURES|vanR|glycopeptide|vanR	0.999888012	50.7	221	216	2.30e-71	1	NA
Tub.82-k141_462742_2-1..227	Tub.82	Potential	MTRA	1	227	k141_462742_2	aminoglycoside	undefined	0.583191884	74	227	338	5.06e-119	1	NA
Tub.82-k141_462742_2-1..227	Tub.82	Potential_loser	MTRA	1	227	k141_462742_2	multidrug	CCP46065.1|FEATURES|mtrA|multidrug|mtrA	0.262705115	74	227	338	5.06e-119	1	NA
Tub.31-k141_238113_3-49..367	Tub.31	Potential	FARA	49	367	k141_238113_3	peptide	undefined	0.33125186	50.5	319	273	7.34e-89	1	NA
Tub.31-k141_238113_3-49..367	Tub.31	Potential_loser	FARA	49	367	k141_238113_3	tetracycline	undefined	0.254590551	50.5	319	273	7.34e-89	1	NA
Tub.30-k141_612382_5-1..266	Tub.30	Potential	CLASS_A	1	266	k141_612382_5	beta-lactam	gi:910794852:ref:WP_050097703.1:|FEATURES|class_A|beta-lactam|class_A	0.718970632	52	269	251	1.85e-83	1	NA
Tub.30-k141_612382_5-1..266	Tub.30	Potential_loser	CLASS_A	1	266	k141_612382_5	aminoglycoside	undefined	0.142744077	52	269	251	1.85e-83	1	NA
Tub.94-k141_458329_2-1..128	Tub.94	Probable	GOLS	1	128	k141_458329_2	multidrug	NP_459349.1|FEATURES|golS|multidrug|golS	0.997775616	58.6	128	157	6.86e-51	1	NA
Tub.83-k141_662962_5-1..227	Tub.83	Potential	MTRA	1	227	k141_662962_5	aminoglycoside	undefined	0.511835829	51.5	233	221	1.61e-73	1	NA
Tub.83-k141_662962_5-1..227	Tub.83	Potential_loser	MTRA	1	227	k141_662962_5	multidrug	CCP46065.1|FEATURES|mtrA|multidrug|mtrA	0.271701083	51.5	233	221	1.61e-73	1	NA
Tub.34-k141_373350_1-3..224	Tub.34	Probable	TRANSCRIPTIONAL_REGULATORY_PROTEIN_CPXR_CPXR	3	224	k141_373350_1	unclassified	CP000675.2.gene1535.p01|FEATURES|transcriptional_regulatory_protein_CpxR_cpxR|unclassified|transcriptional_regulatory_protein_CpxR_cpxR	0.945238822	53.5	226	227	1.06e-75	1	NA
Tub.31-k141_465197_1-1..128	Tub.31	Probable	GOLS	1	128	k141_465197_1	multidrug	NP_459349.1|FEATURES|golS|multidrug|golS	0.996749937	57	128	153	2.65e-49	1	NA
Tub.58-k141_9771_14-33..362	Tub.58	Probable	EFRB	33	362	k141_9771_14	multidrug	CDO61516.1|FEATURES|efrB|multidrug|efrB	0.835948134	50.8	333	309	3.62e-100	1	NA
Tub.58-k141_9771_14-33..362	Tub.58	Potential_loser	EFRB	33	362	k141_9771_14	aminoglycoside	undefined	0.083907559	50.8	333	309	3.62e-100	1	NA
Tub.11-k141_280317_1-5..78	Tub.11	Probable	TRUNCATED_PUTATIVE_RESPONSE_REGULATOR_ARLR	5	78	k141_280317_1	unclassified	NC_002745.3251084.p01|FEATURES|truncated_putative_response_regulator_ArlR|unclassified|truncated_putative_response_regulator_ArlR	0.811612645	50.7	75	67.8	5.23e-17	1	NA
Tub.11-k141_280317_1-5..78	Tub.11	Potential_loser	TRUNCATED_PUTATIVE_RESPONSE_REGULATOR_ARLR	5	78	k141_280317_1	peptide	undefined	0.094194012	50.7	75	67.8	5.23e-17	1	NA
Tub.34-k141_513822_3-1..138	Tub.34	Probable	ERM(41)	1	138	k141_513822_3	MLS	gi:226876725:gb:ACO89583.1:|FEATURES|erm(41)|MLS|erm(41)	0.999995613	55.9	143	132	8.13e-41	1	NA
Tub.58-k141_557625_2-20..224	Tub.58	Probable	KDPE	20	224	k141_557625_2	aminoglycoside	NP_415222.1|FEATURES|kdpE|aminoglycoside|kdpE	0.984677017	65.1	209	275	3.54e-95	1	NA
Tub.31-k141_311530_7-1..1038	Tub.31	Potential	ACRB	1	1038	k141_311530_7	multidrug	YP_002932544|FEATURES|acrB|multidrug|acrB	0.735587104	50.3	1045	955	0	1	NA
Tub.31-k141_311530_7-1..1038	Tub.31	Potential_loser	ACRB	1	1038	k141_311530_7	aminoglycoside	undefined	0.101517355	50.3	1045	955	0	1	NA
Tub.58-k141_443574_1-3..121	Tub.58	Potential	TRUNCATED_PUTATIVE_RESPONSE_REGULATOR_ARLR	3	121	k141_443574_1	unclassified	NC_002745.1124086.p01|FEATURES|truncated_putative_response_regulator_ArlR|unclassified|truncated_putative_response_regulator_ArlR	0.327435784	50	120	119	1.98e-34	1	NA
Tub.58-k141_443574_1-3..121	Tub.58	Potential_loser	TRUNCATED_PUTATIVE_RESPONSE_REGULATOR_ARLR	3	121	k141_443574_1	aminoglycoside	undefined	0.294496242	50	120	119	1.98e-34	1	NA
Tub.83-k141_383493_2-3..118	Tub.83	Potential	TRUNCATED_PUTATIVE_RESPONSE_REGULATOR_ARLR	3	118	k141_383493_2	unclassified	NC_002745.1124086.p01|FEATURES|truncated_putative_response_regulator_ArlR|unclassified|truncated_putative_response_regulator_ArlR	0.321857516	53.8	117	121	1.44e-35	1	NA
Tub.83-k141_383493_2-3..118	Tub.83	Potential_loser	TRUNCATED_PUTATIVE_RESPONSE_REGULATOR_ARLR	3	118	k141_383493_2	aminoglycoside	undefined	0.296233866	53.8	117	121	1.44e-35	1	NA
Tub.59-k141_757772_11-9..261	Tub.59	Probable	KASUGAMYCIN_RESISTANCE_PROTEIN_KSGA	9	261	k141_757772_11	aminoglycoside	YP_001461223|FEATURES|kasugamycin_resistance_protein_ksgA|aminoglycoside|kasugamycin_resistance_protein_ksgA	0.999999917	52.4	254	240	1.30e-79	1	NA
Tub.104-k141_141915_27-18..130	Tub.104	Probable	BLEOMYCIN_RESISTANCE_PROTEIN	18	130	k141_141915_27	glycopeptide	gi:1036907773:ref:WP_064732565.1:|FEATURES|bleomycin_resistance_protein|glycopeptide|bleomycin_resistance_protein	0.995455164	50	116	122	3.26e-37	1	NA
Tub.59-k141_315163_5-1..1019	Tub.59	Potential	MUXB	1	1019	k141_315163_5	aminocoumarin	NP_251217.1|FEATURES|MuxB|multidrug|MuxB	0.67704353	64.7	1020	1237	0	1	NA
Tub.59-k141_315163_5-1..1019	Tub.59	Potential_loser	MUXB	1	1019	k141_315163_5	multidrug	NP_251217.1|FEATURES|MuxB|multidrug|MuxB	0.310252854	64.7	1020	1237	0	1	NA
Tub.104-k141_239330_5-1..224	Tub.104	Potential	MTRA	1	224	k141_239330_5	aminoglycoside	undefined	0.431031176	50.2	229	211	2.90e-69	1	NA
Tub.104-k141_239330_5-1..224	Tub.104	Potential_loser	MTRA	1	224	k141_239330_5	multidrug	CCP46065.1|FEATURES|mtrA|multidrug|mtrA	0.2759781	50.2	229	211	2.90e-69	1	NA
Tub.26-k141_605271_2-40..370	Tub.26	Potential	MEXM	40	370	k141_605271_2	multidrug	BAE06005.1|FEATURES|mexM|multidrug|mexM	0.324718287	50.9	338	307	1.07e-102	1	NA
Tub.26-k141_605271_2-40..370	Tub.26	Potential_loser	MEXM	40	370	k141_605271_2	aminoglycoside	undefined	0.192038399	50.9	338	307	1.07e-102	1	NA
Tub.85-k141_708141_4-30..173	Tub.85	Probable	AAC(3)-I	30	173	k141_708141_4	aminoglycoside	gi:695737392:ref:WP_032663836.1:|FEATURES|aac(3)-I|aminoglycoside|aac(3)-I	0.99999998	58.3	144	165	1.97e-53	1	NA
Tub.15-k141_368625_2-5..81	Tub.15	Probable	TRUNCATED_PUTATIVE_RESPONSE_REGULATOR_ARLR	5	81	k141_368625_2	unclassified	NC_002745.3251084.p01|FEATURES|truncated_putative_response_regulator_ArlR|unclassified|truncated_putative_response_regulator_ArlR	0.905897612	53.2	77	82.4	8.74e-21	1	NA
Tub.105-k141_509487_1-1..105	Tub.105	Potential	RBPA	1	105	k141_509487_1	peptide	undefined	0.255784083	56.6	106	119	3.83e-36	1	NA
Tub.105-k141_509487_1-1..105	Tub.105	Potential_loser	RBPA	1	105	k141_509487_1	multidrug	undefined	0.224968729	56.6	106	119	3.83e-36	1	NA
Tub.85-k141_648482_4-25..282	Tub.85	Potential	FEZ-1	25	282	k141_648482_4	aminoglycoside	undefined	0.350469443	64	258	347	5.11e-119	1	NA
Tub.85-k141_648482_4-25..282	Tub.85	Potential_loser	FEZ-1	25	282	k141_648482_4	multidrug	undefined	0.177965766	64	258	347	5.11e-119	1	NA
Tub.18-k141_278947_2-33..226	Tub.18	Potential	TRANSCRIPTIONAL_REGULATORY_PROTEIN_CPXR_CPXR	33	226	k141_278947_2	peptide	undefined	0.289421285	52	198	193	7.58e-63	1	NA
Tub.18-k141_278947_2-33..226	Tub.18	Potential_loser	TRANSCRIPTIONAL_REGULATORY_PROTEIN_CPXR_CPXR	33	226	k141_278947_2	unclassified	CP000675.2.gene1535.p01|FEATURES|transcriptional_regulatory_protein_CpxR_cpxR|unclassified|transcriptional_regulatory_protein_CpxR_cpxR	0.278768068	52	198	193	7.58e-63	1	NA
Tub.16-k141_21468_1-9..264	Tub.16	Potential	BACA	9	264	k141_21468_1	multidrug	undefined	0.387884706	50.4	262	223	1.75e-72	1	NA
Tub.16-k141_21468_1-9..264	Tub.16	Potential_loser	BACA	9	264	k141_21468_1	peptide	undefined	0.169867834	50.4	262	223	1.75e-72	1	NA
Tub.30-k141_208625_1-30..145	Tub.30	Potential	VANZ	30	145	k141_208625_1	glycopeptide	gi:917531477:ref:WP_052137894.1:|FEATURES|vanZ|glycopeptide|vanZ	0.684236802	56.7	120	127	6.00e-39	1	NA
Tub.30-k141_208625_1-30..145	Tub.30	Potential_loser	VANZ	30	145	k141_208625_1	peptide	undefined	0.161843608	56.7	120	127	6.00e-39	1	NA
Tub.18-k141_407103_2-3..228	Tub.18	Potential	MTRA	3	228	k141_407103_2	aminoglycoside	undefined	0.557661624	62.4	226	285	9.79e-99	1	NA
Tub.18-k141_407103_2-3..228	Tub.18	Potential_loser	MTRA	3	228	k141_407103_2	multidrug	CCP46065.1|FEATURES|mtrA|multidrug|mtrA	0.26636381	62.4	226	285	9.79e-99	1	NA
Tub.4-k141_680523_2-7..224	Tub.4	Potential	MTRA	7	224	k141_680523_2	aminoglycoside	undefined	0.468057453	50.5	222	211	2.42e-69	1	NA
Tub.4-k141_680523_2-7..224	Tub.4	Potential_loser	MTRA	7	224	k141_680523_2	multidrug	CCP46065.1|FEATURES|mtrA|multidrug|mtrA	0.274953111	50.5	222	211	2.42e-69	1	NA
Tub.10-k141_81067_1-38..224	Tub.10	Potential	MTRA	38	224	k141_81067_1	aminoglycoside	undefined	0.436174638	54	189	193	8.36e-63	1	NA
Tub.10-k141_81067_1-38..224	Tub.10	Potential_loser	MTRA	38	224	k141_81067_1	multidrug	CCP46065.1|FEATURES|mtrA|multidrug|mtrA	0.275983296	54	189	193	8.36e-63	1	NA
Tub.85-k141_342517_4-15..150	Tub.85	Probable	AAC(3)-I	15	150	k141_342517_4	aminoglycoside	AJ511268.1.gene3.p01|FEATURES|aac(3)-I|aminoglycoside|aac(3)-I	0.99996172	60.3	136	172	1.73e-56	1	NA
Tub.18-k141_47949_1-1..95	Tub.18	Potential	RBPA	1	95	k141_47949_1	peptide	undefined	0.2480789	51	96	91.3	3.20e-25	1	NA
Tub.18-k141_47949_1-1..95	Tub.18	Potential_loser	RBPA	1	95	k141_47949_1	multidrug	undefined	0.222525234	51	96	91.3	3.20e-25	1	NA
Tub.10-k141_99237_2-12..181	Tub.10	Probable	AAC(2')-I	12	181	k141_99237_2	aminoglycoside	AE000516.2.gene277.p01|FEATURES|aac(2')-I|aminoglycoside|aac(2')-I	0.999993898	53.5	170	189	1.82e-62	1	NA
Tub.104-k141_447893_1-24..156	Tub.104	Probable	AAC(6')-I	24	156	k141_447893_1	aminoglycoside	AB116646.1.gene1.p01|FEATURES|aac(6')-I|aminoglycoside|aac(6')-I	0.986026551	51.1	139	147	1.45e-46	1	NA
Tub.82-k141_212787_7-16..153	Tub.82	Probable	AAC(3)-I	16	153	k141_212787_7	aminoglycoside	AJ511268.1.gene3.p01|FEATURES|aac(3)-I|aminoglycoside|aac(3)-I	0.999984711	59.4	138	166	5.35e-54	1	NA
Tub.83-k141_877976_1-9..274	Tub.83	Probable	PMRF	9	274	k141_877976_1	peptide	AAC75314.1|FEATURES|PmrF|peptide|PmrF	0.898482233	50.6	267	255	6.87e-85	1	NA
Tub.83-k141_877976_1-9..274	Tub.83	Potential_loser	PMRF	9	274	k141_877976_1	fosfomycin	undefined	0.024851659	50.6	267	255	6.87e-85	1	NA
Tub.30-k141_475113_1-14..143	Tub.30	Probable	ADP-RIBOSYLATING_TRANSFERASE_ARR	14	143	k141_475113_1	rifamycin	AF001493.1.orf0.gene.p01|FEATURES|ADP-ribosylating_transferase_arr|rifamycin|ADP-ribosylating_transferase_arr	0.999533288	56.2	130	159	1.29e-51	1	NA
Tub.88-k141_41068_1-13..141	Tub.88	Probable	ADP-RIBOSYLATING_TRANSFERASE_ARR	13	141	k141_41068_1	rifamycin	AF001493.1.orf0.gene.p01|FEATURES|ADP-ribosylating_transferase_arr|rifamycin|ADP-ribosylating_transferase_arr	0.995500259	55	129	149	2.11e-46	1	NA
Tub.85-k141_380855_2-3..118	Tub.85	Potential	TRUNCATED_PUTATIVE_RESPONSE_REGULATOR_ARLR	3	118	k141_380855_2	aminoglycoside	undefined	0.302845745	50.4	117	115	2.15e-33	1	NA
Tub.85-k141_380855_2-3..118	Tub.85	Potential_loser	TRUNCATED_PUTATIVE_RESPONSE_REGULATOR_ARLR	3	118	k141_380855_2	unclassified	NC_002745.1124086.p01|FEATURES|truncated_putative_response_regulator_ArlR|unclassified|truncated_putative_response_regulator_ArlR	0.298200288	50.4	117	115	2.15e-33	1	NA
Tub.105-k141_278002_1-40..1159	Tub.105	Probable	RPOB2	40	1159	k141_278002_1	multidrug	BAD59497.1|FEATURES|rpoB2|multidrug|rpoB2	0.981281003	58	1150	1242	0	1	NA
Tub.83-k141_818606_2-4..118	Tub.83	Probable	TRUNCATED_PUTATIVE_RESPONSE_REGULATOR_ARLR	4	118	k141_818606_2	unclassified	NC_002745.1124086.p01|FEATURES|truncated_putative_response_regulator_ArlR|unclassified|truncated_putative_response_regulator_ArlR	0.95367735	50	116	105	2.17e-29	1	NA
Tub.34-k141_469392_2-4..224	Tub.34	Probable	KDPE	4	224	k141_469392_2	aminoglycoside	NP_415222.1|FEATURES|kdpE|aminoglycoside|kdpE	0.986413681	53.4	221	213	1.92e-70	1	NA
Tub.15-k141_75975_1-36..287	Tub.15	Probable	CTX-M	36	287	k141_75975_1	beta-lactam	FJ214367.1.gene1.p1|FEATURES|CTX-M-84|beta-lactam|CTX-M	0.847972422	52.4	252	257	8.43e-86	1	NA
Tub.15-k141_75975_1-36..287	Tub.15	Potential_loser	CTX-M	36	287	k141_75975_1	glycopeptide	undefined	0.098851188	52.4	252	257	8.43e-86	1	NA
Tub.10-k141_305783_2-2..218	Tub.10	Probable	KDPE	2	218	k141_305783_2	aminoglycoside	NP_415222.1|FEATURES|kdpE|aminoglycoside|kdpE	0.985975853	50.2	217	208	2.19e-68	1	NA
Tub.30-k141_294909_2-18..404	Tub.30	Probable	ROSA	18	404	k141_294909_2	fosmidomycin	YP_001401993|FEATURES|rosA|fosmidomycin|rosA	0.999274644	74.2	387	550	2.75e-197	1	NA
Tub.11-k141_180815_1-5..78	Tub.11	Probable	TRUNCATED_PUTATIVE_RESPONSE_REGULATOR_ARLR	5	78	k141_180815_1	unclassified	NC_002745.3251084.p01|FEATURES|truncated_putative_response_regulator_ArlR|unclassified|truncated_putative_response_regulator_ArlR	0.835931574	50.7	75	70.9	5.44e-18	1	NA
Tub.11-k141_180815_1-5..78	Tub.11	Potential_loser	TRUNCATED_PUTATIVE_RESPONSE_REGULATOR_ARLR	5	78	k141_180815_1	peptide	undefined	0.083072411	50.7	75	70.9	5.44e-18	1	NA
Tub.58-k141_501480_3-1..314	Tub.58	Probable	MEXT	1	314	k141_501480_3	multidrug	gi:490841007:ref:WP_004703082.1:|FEATURES|mexT|multidrug|mexT	0.987263633	60.6	315	378	3.10e-132	1	NA
Tub.4-k141_50709_1-16..276	Tub.4	Probable	BACA	16	276	k141_50709_1	bacitracin	YP_316450|FEATURES|bacA|bacitracin|bacA	0.988501091	73.2	261	378	4.96e-134	1	NA
Tub.105-k141_113906_1-16..204	Tub.105	Probable	VANR	16	204	k141_113906_1	glycopeptide	gi:974603856:ref:WP_059193686.1:|FEATURES|vanR|glycopeptide|vanR	0.999902957	57.4	190	200	9.83e-66	1	NA
Tub.12-k141_562426_2-7..78	Tub.12	Probable	TRUNCATED_PUTATIVE_RESPONSE_REGULATOR_ARLR	7	78	k141_562426_2	unclassified	NC_002745.3251084.p01|FEATURES|truncated_putative_response_regulator_ArlR|unclassified|truncated_putative_response_regulator_ArlR	0.827595444	50	72	66.2	6.94e-15	1	NA
Tub.12-k141_562426_2-7..78	Tub.12	Potential_loser	TRUNCATED_PUTATIVE_RESPONSE_REGULATOR_ARLR	7	78	k141_562426_2	peptide	undefined	0.08692081	50	72	66.2	6.94e-15	1	NA
Tub.31-k141_311536_2-11..324	Tub.31	Potential	OLEC	11	324	k141_311536_2	tetracycline	undefined	0.897617748	53.4	320	284	5.03e-95	1	NA
Tub.31-k141_311536_2-11..324	Tub.31	Potential_loser	OLEC	11	324	k141_311536_2	MLS	AAA26793|FEATURES|oleC|MLS|oleC	0.07015302	53.4	320	284	5.03e-95	1	NA
Tub.85-k141_125329_2-1..310	Tub.85	Potential	OLEC	1	310	k141_125329_2	tetracycline	undefined	0.897617748	52.5	316	308	1.27e-104	1	NA
Tub.85-k141_125329_2-1..310	Tub.85	Potential_loser	OLEC	1	310	k141_125329_2	MLS	AAA26793|FEATURES|oleC|MLS|oleC	0.07015302	52.5	316	308	1.27e-104	1	NA
Tub.94-k141_482431_2-49..395	Tub.94	Potential	MDTA	49	395	k141_482431_2	multidrug	gi:740657926:ref:WP_038443229.1:|FEATURES|mdtA|multidrug|mdtA	0.783162936	50.4	347	332	1.45e-110	1	NA
Tub.94-k141_482431_2-49..395	Tub.94	Potential_loser	MDTA	49	395	k141_482431_2	aminoglycoside	undefined	0.072296735	50.4	347	332	1.45e-110	1	NA
Tub.94-k141_118194_14-14..512	Tub.94	Probable	EMRB	14	512	k141_118194_14	multidrug	gi:447110037:ref:WP_001187293.1:|FEATURES|emrB|multidrug|emrB	0.998887105	50.2	502	483	1.69e-167	1	NA
Tub.31-k141_378716_2-1..274	Tub.31	Probable	BACA	1	274	k141_378716_2	bacitracin	ZP_03552050|FEATURES|bacA|bacitracin|bacA	0.99020731	72	275	393	6.80e-140	1	NA
Tub.104-k141_321892_2-1..111	Tub.104	Potential	RBPA	1	111	k141_321892_2	peptide	undefined	0.252552646	50	112	107	1.75e-31	1	NA
Tub.104-k141_321892_2-1..111	Tub.104	Potential_loser	RBPA	1	111	k141_321892_2	multidrug	undefined	0.223941071	50	112	107	1.75e-31	1	NA
Tub.94-k141_365743_11-1..864	Tub.94	Probable	RPHA	1	864	k141_365743_11	rifamycin	AIA08936.1|FEATURES|rphA|rifamycin|rphA	0.987829974	61.1	869	995	0	1	NA
Tub.85-k141_748736_1-94..840	Tub.85	Potential	MDTC	94	840	k141_748736_1	multidrug	gi:585355533:ref:WP_024237136.1:|FEATURES|mdtC|multidrug|mdtC	0.780473618	54.5	822	833	3.85e-293	1	NA
Tub.85-k141_748736_1-94..840	Tub.85	Potential_loser	MDTC	94	840	k141_748736_1	aminocoumarin	gi:585355533:ref:WP_024237136.1:|FEATURES|mdtC|multidrug|mdtC	0.21140021	54.5	822	833	3.85e-293	1	NA
Tub.31-k141_751608_2-11..377	Tub.31	Potential	MEXE	11	377	k141_751608_2	multidrug	gi:759552006:ref:WP_043271822.1:|FEATURES|mexE|multidrug|mexE	0.605463908	50.3	374	323	1.43e-107	1	NA
Tub.31-k141_751608_2-11..377	Tub.31	Potential_loser	MEXE	11	377	k141_751608_2	aminoglycoside	undefined	0.128220934	50.3	374	323	1.43e-107	1	NA
Tub.104-k141_510726_2-5..226	Tub.104	Potential	MTRA	5	226	k141_510726_2	aminoglycoside	undefined	0.549227724	72.5	222	327	7.34e-115	1	NA
Tub.104-k141_510726_2-5..226	Tub.104	Potential_loser	MTRA	5	226	k141_510726_2	multidrug	CCP46065.1|FEATURES|mtrA|multidrug|mtrA	0.267487534	72.5	222	327	7.34e-115	1	NA
Tub.11-k141_331168_1-7..143	Tub.11	Probable	ADP-RIBOSYLATING_TRANSFERASE_ARR	7	143	k141_331168_1	rifamycin	AF001493.1.orf0.gene.p01|FEATURES|ADP-ribosylating_transferase_arr|rifamycin|ADP-ribosylating_transferase_arr	0.999637003	74.5	137	223	1.07e-76	1	NA
Tub.94-k141_498394_1-1..293	Tub.94	Probable	BACA	1	293	k141_498394_1	bacitracin	YP_584847|FEATURES|bacA|bacitracin|bacA	0.993171751	64.2	293	365	2.89e-128	1	NA
Tub.59-k141_253357_5-11..401	Tub.59	Probable	ROSA	11	401	k141_253357_5	fosmidomycin	ZP_04612558|FEATURES|rosA|fosmidomycin|rosA	0.999042898	61.1	391	473	1.51e-166	1	NA
Tub.26-k141_548260_3-1..657	Tub.26	Probable	ARNA	1	657	k141_548260_3	peptide	NP_252244|FEATURES|arnA|peptide|arnA	0.856824478	78.7	658	1074	0	1	NA
Tub.26-k141_548260_3-1..657	Tub.26	Potential_loser	ARNA	1	657	k141_548260_3	glycopeptide	undefined	0.030277949	78.7	658	1074	0	1	NA
Tub.11-k141_342322_1-1..110	Tub.11	Potential	RBPA	1	110	k141_342322_1	peptide	undefined	0.260071652	50.9	112	106	4.32e-31	1	NA
Tub.11-k141_342322_1-1..110	Tub.11	Potential_loser	RBPA	1	110	k141_342322_1	multidrug	undefined	0.226207107	50.9	112	106	4.32e-31	1	NA
Tub.16-k141_103103_2-2..150	Tub.16	Probable	AAC(3)-I	2	150	k141_103103_2	aminoglycoside	AJ511268.1.gene3.p01|FEATURES|aac(3)-I|aminoglycoside|aac(3)-I	0.999914118	51.7	149	150	9.50e-48	1	NA
Tub.58-k141_238443_11-1..274	Tub.58	Probable	BACA	1	274	k141_238443_11	bacitracin	YP_985461|FEATURES|bacA|bacitracin|bacA	0.987789479	68.5	279	379	4.99e-134	1	NA
Tub.4-k141_491096_1-1..129	Tub.4	Potential	DFRA3	1	129	k141_491096_1	peptide	undefined	0.292593082	57.7	130	146	1.51e-46	1	NA
Tub.4-k141_491096_1-1..129	Tub.4	Potential_loser	DFRA3	1	129	k141_491096_1	aminoglycoside	undefined	0.195941964	57.7	130	146	1.51e-46	1	NA
Tub.31-k141_229384_4-1..277	Tub.31	Potential	BACA	1	277	k141_229384_4	peptide	undefined	0.272107964	50	278	251	4.79e-84	1	NA
Tub.31-k141_229384_4-1..277	Tub.31	Potential_loser	BACA	1	277	k141_229384_4	multidrug	undefined	0.224652606	50	278	251	4.79e-84	1	NA
Tub.11-k141_47294_2-5..81	Tub.11	Probable	TRUNCATED_PUTATIVE_RESPONSE_REGULATOR_ARLR	5	81	k141_47294_2	unclassified	NC_002745.3251084.p01|FEATURES|truncated_putative_response_regulator_ArlR|unclassified|truncated_putative_response_regulator_ArlR	0.904215865	54.5	77	82.8	4.60e-21	1	NA
Tub.85-k141_601157_2-17..245	Tub.85	Probable	OMPR	17	245	k141_601157_2	multidrug	gi:909830386:gb:AKU13184.1:|FEATURES|ompR|multidrug|ompR	0.933656658	50.2	229	206	3.42e-67	1	NA
Tub.59-k141_676438_13-18..375	Tub.59	Potential	MEXE	18	375	k141_676438_13	tetracycline	undefined	0.570736014	55.9	363	373	4.00e-128	1	NA
Tub.59-k141_676438_13-18..375	Tub.59	Potential_loser	MEXE	18	375	k141_676438_13	aminoglycoside:aminocoumarin	undefined	0.195519066	55.9	363	373	4.00e-128	1	NA
Tub.31-k141_266709_3-1..123	Tub.31	Potential	TRUNCATED_PUTATIVE_RESPONSE_REGULATOR_ARLR	1	123	k141_266709_3	aminoglycoside	undefined	0.306062816	50.4	123	116	1.61e-33	1	NA
Tub.31-k141_266709_3-1..123	Tub.31	Potential_loser	TRUNCATED_PUTATIVE_RESPONSE_REGULATOR_ARLR	1	123	k141_266709_3	unclassified	NC_002745.1124086.p01|FEATURES|truncated_putative_response_regulator_ArlR|unclassified|truncated_putative_response_regulator_ArlR	0.283688658	50.4	123	116	1.61e-33	1	NA
Tub.16-k141_9081_1-1..180	Tub.16	Potential	VANR	1	180	k141_9081_1	glycopeptide	gi:974603856:ref:WP_059193686.1:|FEATURES|vanR|glycopeptide|vanR	0.782221079	56.4	181	182	4.43e-59	1	NA
Tub.16-k141_9081_1-1..180	Tub.16	Potential_loser	VANR	1	180	k141_9081_1	peptide	undefined	0.093199285	56.4	181	182	4.43e-59	1	NA
Tub.85-k141_203149_68-1..1038	Tub.85	Probable	ACRB	1	1038	k141_203149_68	multidrug	YP_002932544|FEATURES|acrB|multidrug|acrB	0.850481354	50.7	1045	978	0	1	NA
Tub.85-k141_203149_68-1..1038	Tub.85	Potential_loser	ACRB	1	1038	k141_203149_68	aminoglycoside	undefined	0.053818431	50.7	1045	978	0	1	NA
Tub.4-k141_392571_1-1..111	Tub.4	Potential	RBPA	1	111	k141_392571_1	peptide	undefined	0.25556702	50	112	107	1.10e-31	1	NA
Tub.4-k141_392571_1-1..111	Tub.4	Potential_loser	RBPA	1	111	k141_392571_1	multidrug	undefined	0.224897888	50	112	107	1.10e-31	1	NA
Tub.15-k141_155894_1-1..95	Tub.15	Potential	RBPA	1	95	k141_155894_1	peptide	undefined	0.252873898	58.8	97	102	1.17e-29	1	NA
Tub.15-k141_155894_1-1..95	Tub.15	Potential_loser	RBPA	1	95	k141_155894_1	multidrug	undefined	0.224025873	58.8	97	102	1.17e-29	1	NA
Tub.59-k141_693808_2-10..404	Tub.59	Probable	ROSA	10	404	k141_693808_2	fosmidomycin	ZP_04621517|FEATURES|rosA|fosmidomycin|rosA	0.998980085	61.8	395	469	2.55e-164	1	NA
Tub.31-k141_160504_41-28..481	Tub.31	Probable	SMEF	28	481	k141_160504_41	multidrug	CAG34266|FEATURES|smeF|multidrug|smeF	0.996732039	56.7	467	469	3.15e-163	1	NA
Tub.104-k141_169664_2-5..228	Tub.104	Potential	MTRA	5	228	k141_169664_2	aminoglycoside	undefined	0.543189993	71.9	224	320	1.78e-112	1	NA
Tub.104-k141_169664_2-5..228	Tub.104	Potential_loser	MTRA	5	228	k141_169664_2	multidrug	CCP46065.1|FEATURES|mtrA|multidrug|mtrA	0.268282085	71.9	224	320	1.78e-112	1	NA
Tub.85-k141_149287_1-29..227	Tub.85	Potential	MTRA	29	227	k141_149287_1	aminoglycoside	undefined	0.427692275	50.7	201	177	1.37e-56	1	NA
Tub.85-k141_149287_1-29..227	Tub.85	Potential_loser	MTRA	29	227	k141_149287_1	multidrug	CCP46065.1|FEATURES|mtrA|multidrug|mtrA	0.275953179	50.7	201	177	1.37e-56	1	NA
Tub.59-k141_88090_1-12..261	Tub.59	Probable	KASUGAMYCIN_RESISTANCE_PROTEIN_KSGA	12	261	k141_88090_1	aminoglycoside	ZP_02902942|FEATURES|kasugamycin_resistance_protein_ksgA|aminoglycoside|kasugamycin_resistance_protein_ksgA	0.999902402	50.4	250	229	7.37e-76	1	NA
Tub.88-k141_228485_2-12..458	Tub.88	Probable	MDTD	12	458	k141_228485_2	multidrug	gi:693073054:ref:WP_032236466.1:|FEATURES|mdtD|multidrug|mdtD	0.999998741	50.3	453	424	5.48e-146	1	NA
Tub.82-k141_421750_2-6..286	Tub.82	Potential	SUL4	6	286	k141_421750_2	multidrug	undefined	0.273209729	58.7	281	305	1.68e-104	1	NA
Tub.82-k141_421750_2-6..286	Tub.82	Potential_loser	SUL4	6	286	k141_421750_2	peptide	undefined	0.213302542	58.7	281	305	1.68e-104	1	NA
Tub.58-k141_408070_1-5..78	Tub.58	Probable	TRUNCATED_PUTATIVE_RESPONSE_REGULATOR_ARLR	5	78	k141_408070_1	unclassified	NC_002745.3251084.p01|FEATURES|truncated_putative_response_regulator_ArlR|unclassified|truncated_putative_response_regulator_ArlR	0.852363459	50.7	75	79.3	4.82e-20	1	NA
Tub.58-k141_408070_1-5..78	Tub.58	Potential_loser	TRUNCATED_PUTATIVE_RESPONSE_REGULATOR_ARLR	5	78	k141_408070_1	peptide	undefined	0.075363122	50.7	75	79.3	4.82e-20	1	NA
Tub.59-k141_261583_2-1..128	Tub.59	Probable	GOLS	1	128	k141_261583_2	multidrug	NP_459349.1|FEATURES|golS|multidrug|golS	0.997775616	58.6	128	156	2.29e-50	1	NA
Tub.82-k141_65799_2-3..119	Tub.82	Potential	TRUNCATED_PUTATIVE_RESPONSE_REGULATOR_ARLR	3	119	k141_65799_2	unclassified	NC_002745.1124086.p01|FEATURES|truncated_putative_response_regulator_ArlR|unclassified|truncated_putative_response_regulator_ArlR	0.310689915	50	118	121	1.32e-35	1	NA
Tub.82-k141_65799_2-3..119	Tub.82	Potential_loser	TRUNCATED_PUTATIVE_RESPONSE_REGULATOR_ARLR	3	119	k141_65799_2	aminoglycoside	undefined	0.299535226	50	118	121	1.32e-35	1	NA
Tub.31-k141_357976_54-32..387	Tub.31	Potential	CLASS_C	32	387	k141_357976_54	multidrug	undefined	0.527948307	50	356	347	6.70e-118	1	NA
Tub.31-k141_357976_54-32..387	Tub.31	Potential_loser	CLASS_C	32	387	k141_357976_54	beta-lactam	gi:985600749:ref:WP_060840246.1:|FEATURES|class_C|beta-lactam|class_C	0.389696284	50	356	347	6.70e-118	1	NA
Tub.88-k141_179858_13-2..127	Tub.88	Probable	GOLS	2	127	k141_179858_13	multidrug	NP_459349.1|FEATURES|golS|multidrug|golS	0.993093457	54.8	126	122	2.82e-35	1	NA
Tub.34-k141_327987_1-6..122	Tub.34	Probable	BLEO	6	122	k141_327987_1	glycopeptide	NC_002758.1119995.p01|FEATURES|bleO|glycopeptide|bleO	0.999962582	53.3	120	124	5.47e-38	1	NA
Tub.58-k141_246027_2-3..210	Tub.58	Probable	CAMP-REGULATORY_PROTEIN	3	210	k141_246027_2	unclassified	gi:490367208:ref:WP_004246872.1:|FEATURES|cAMP-regulatory_protein|unclassified|cAMP-regulatory_protein	0.993060694	52.1	213	231	1.40e-77	1	NA
Tub.59-k141_232125_2-4..224	Tub.59	Probable	KDPE	4	224	k141_232125_2	aminoglycoside	NP_415222.1|FEATURES|kdpE|aminoglycoside|kdpE	0.968013314	50.7	221	218	2.21e-72	1	NA
Tub.105-k141_35583_2-28..1153	Tub.105	Probable	RPOB2	28	1153	k141_35583_2	multidrug	BAD59497.1|FEATURES|rpoB2|multidrug|rpoB2	0.994949823	74.3	1135	1676	0	1	NA
Tub.58-k141_38665_2-18..266	Tub.58	Probable	OXA	18	266	k141_38665_2	beta-lactam	AJ632249.1.gene1.p01|FEATURES|OXA-59|beta-lactam|OXA	0.999637047	62.2	249	320	7.37e-111	1	NA
Tub.58-k141_635471_12-1..223	Tub.58	Probable	KDPE	1	223	k141_635471_12	aminoglycoside	NP_415222.1|FEATURES|kdpE|aminoglycoside|kdpE	0.965953052	51.1	223	216	1.02e-71	1	NA
Tub.104-k141_288128_3-1..217	Tub.104	Probable	VANR	1	217	k141_288128_3	glycopeptide	gi:943675889:ref:WP_055502070.1:|FEATURES|vanR|glycopeptide|vanR	0.999984757	57.6	217	236	1.97e-79	1	NA
Tub.83-k141_653987_2-8..80	Tub.83	Probable	TRUNCATED_PUTATIVE_RESPONSE_REGULATOR_ARLR	8	80	k141_653987_2	unclassified	NC_002745.3251084.p01|FEATURES|truncated_putative_response_regulator_ArlR|unclassified|truncated_putative_response_regulator_ArlR	0.890434001	57.5	73	82.4	8.54e-23	1	NA
Tub.83-k141_653987_2-8..80	Tub.83	Potential_loser	TRUNCATED_PUTATIVE_RESPONSE_REGULATOR_ARLR	8	80	k141_653987_2	peptide	undefined	0.056934688	57.5	73	82.4	8.54e-23	1	NA
Tub.30-k141_21207_3-1..547	Tub.30	Probable	ROSB	1	547	k141_21207_3	fosmidomycin	gi:896190680:ref:WP_049199932.1:|FEATURES|rosB|fosmidomycin|rosB	0.999900259	52.1	547	518	2.35e-180	1	NA
Tub.59-k141_282746_2-4..356	Tub.59	Potential	EMRA	4	356	k141_282746_2	multidrug	gi:506486765:ref:WP_015963310.1:|FEATURES|emrA|multidrug|emrA	0.619361813	51.1	354	312	1.58e-104	1	NA
Tub.59-k141_282746_2-4..356	Tub.59	Potential_loser	EMRA	4	356	k141_282746_2	fluoroquinolone	undefined	0.103439258	51.1	354	312	1.58e-104	1	NA
Tub.18-k141_375998_2-8..81	Tub.18	Probable	TRUNCATED_PUTATIVE_RESPONSE_REGULATOR_ARLR	8	81	k141_375998_2	unclassified	NC_002745.3251084.p01|FEATURES|truncated_putative_response_regulator_ArlR|unclassified|truncated_putative_response_regulator_ArlR	0.867695587	51.4	74	77.4	6.05e-20	1	NA
Tub.18-k141_375998_2-8..81	Tub.18	Potential_loser	TRUNCATED_PUTATIVE_RESPONSE_REGULATOR_ARLR	8	81	k141_375998_2	peptide	undefined	0.06803974	51.4	74	77.4	6.05e-20	1	NA
Tub.15-k141_249010_1-2..133	Tub.15	Probable	FOSX	2	133	k141_249010_1	fosfomycin	gi:489829361:ref:WP_003733115.1:|FEATURES|fosX|fosfomycin|fosX	0.909873418	54.5	132	161	1.30e-52	1	NA
Tub.83-k141_138986_2-24..402	Tub.83	Probable	ROSA	24	402	k141_138986_2	fosmidomycin	YP_001401993|FEATURES|rosA|fosmidomycin|rosA	0.999274644	63.6	385	454	1.03e-159	1	NA
Tub.12-k141_382920_2-139..1129	Tub.12	Probable	RPOB2	139	1129	k141_382920_2	multidrug	BAD59497.1|FEATURES|rpoB2|multidrug|rpoB2	0.995364685	50.2	1052	955	0	1	NA
Tub.59-k141_423930_2-49..278	Tub.59	Potential	BACA	49	278	k141_423930_2	peptide	undefined	0.267667004	50	232	201	5.11e-65	1	NA
Tub.59-k141_423930_2-49..278	Tub.59	Potential_loser	BACA	49	278	k141_423930_2	multidrug	undefined	0.223486328	50	232	201	5.11e-65	1	NA
Tub.105-k141_251131_1-29..224	Tub.105	Potential	MTRA	29	224	k141_251131_1	aminoglycoside	undefined	0.424906131	53	198	190	1.36e-61	1	NA
Tub.105-k141_251131_1-29..224	Tub.105	Potential_loser	MTRA	29	224	k141_251131_1	multidrug	CCP46065.1|FEATURES|mtrA|multidrug|mtrA	0.275939142	53	198	190	1.36e-61	1	NA
Tub.15-k141_42085_2-5..78	Tub.15	Probable	TRUNCATED_PUTATIVE_RESPONSE_REGULATOR_ARLR	5	78	k141_42085_2	unclassified	NC_002745.3251084.p01|FEATURES|truncated_putative_response_regulator_ArlR|unclassified|truncated_putative_response_regulator_ArlR	0.875607228	51.4	74	76.3	3.63e-19	1	NA
Tub.15-k141_42085_2-5..78	Tub.15	Potential_loser	TRUNCATED_PUTATIVE_RESPONSE_REGULATOR_ARLR	5	78	k141_42085_2	peptide	undefined	0.064213459	51.4	74	76.3	3.63e-19	1	NA
Tub.59-k141_182480_1-19..147	Tub.59	Probable	GOLS	19	147	k141_182480_1	multidrug	NP_459349.1|FEATURES|golS|multidrug|golS	0.996183079	55	129	139	9.73e-44	1	NA
Tub.58-k141_503411_1-1..245	Tub.58	Potential	BACA	1	245	k141_503411_1	peptide	undefined	0.268040337	51	247	213	1.05e-69	1	NA
Tub.58-k141_503411_1-1..245	Tub.58	Potential_loser	BACA	1	245	k141_503411_1	multidrug	undefined	0.223461643	51	247	213	1.05e-69	1	NA
Tub.11-k141_117014_1-5..225	Tub.11	Probable	KDPE	5	225	k141_117014_1	aminoglycoside	NP_415222.1|FEATURES|kdpE|aminoglycoside|kdpE	0.988194436	61.8	225	283	3.89e-98	1	NA
Tub.104-k141_110883_2-4..227	Tub.104	Potential	MTRA	4	227	k141_110883_2	aminoglycoside	undefined	0.553461804	74.1	224	332	3.03e-117	1	NA
Tub.104-k141_110883_2-4..227	Tub.104	Potential_loser	MTRA	4	227	k141_110883_2	multidrug	CCP46065.1|FEATURES|mtrA|multidrug|mtrA	0.266928838	74.1	224	332	3.03e-117	1	NA
Tub.34-k141_740648_1-3..224	Tub.34	Probable	TRANSCRIPTIONAL_REGULATORY_PROTEIN_CPXR_CPXR	3	224	k141_740648_1	unclassified	CP000675.2.gene1535.p01|FEATURES|transcriptional_regulatory_protein_CpxR_cpxR|unclassified|transcriptional_regulatory_protein_CpxR_cpxR	0.986590516	55	222	235	4.53e-79	1	NA
Tub.12-k141_513261_1-21..478	Tub.12	Potential	PUROMYCIN_RESISTANCE_PROTEIN	21	478	k141_513261_1	nucleoside	P42670|FEATURES|puromycin_resistance_protein|nucleoside|puromycin_resistance_protein	0.6686821	50.5	465	430	1.34e-147	1	NA
Tub.12-k141_513261_1-21..478	Tub.12	Potential_loser	PUROMYCIN_RESISTANCE_PROTEIN	21	478	k141_513261_1	multidrug	undefined	0.216556419	50.5	465	430	1.34e-147	1	NA
Tub.51-k141_315637_1-37..288	Tub.51	Potential	CTX-M	37	288	k141_315637_1	beta-lactam	DQ211987.1.gene1.p01|FEATURES|CTX-M-51|beta-lactam|CTX-M	0.487217885	51.4	253	249	1.21e-82	1	NA
Tub.51-k141_315637_1-37..288	Tub.51	Potential_loser	CTX-M	37	288	k141_315637_1	aminoglycoside	undefined	0.279272062	51.4	253	249	1.21e-82	1	NA
Tub.11-k141_175227_11-4..227	Tub.11	Potential	MTRA	4	227	k141_175227_11	aminoglycoside	undefined	0.591164137	70.1	224	330	2.48e-116	1	NA
Tub.11-k141_175227_11-4..227	Tub.11	Potential_loser	MTRA	4	227	k141_175227_11	multidrug	CCP46065.1|FEATURES|mtrA|multidrug|mtrA	0.261294015	70.1	224	330	2.48e-116	1	NA
Tub.88-k141_200067_6-15..520	Tub.88	Potential	EMRB-QACA_FAMILY_MAJOR_FACILITATOR_TRANSPORTER	15	520	k141_200067_6	peptide	undefined	0.45005439	56.5	506	603	6.28e-215	1	NA
Tub.88-k141_200067_6-15..520	Tub.88	Potential_loser	EMRB-QACA_FAMILY_MAJOR_FACILITATOR_TRANSPORTER	15	520	k141_200067_6	tetracycline	undefined	0.133083864	56.5	506	603	6.28e-215	1	NA
Tub.12-k141_282983_2-1..128	Tub.12	Probable	GOLS	1	128	k141_282983_2	multidrug	NP_459349.1|FEATURES|golS|multidrug|golS	0.997775616	58.6	128	156	1.55e-50	1	NA
Tub.58-k141_51449_6-1..387	Tub.58	Probable	CLASS_C	1	387	k141_51449_6	beta-lactam	gi:985600749:ref:WP_060840246.1:|FEATURES|class_C|beta-lactam|class_C	0.814537557	60.5	387	478	1.19e-169	1	NA
Tub.58-k141_51449_6-1..387	Tub.58	Potential_loser	CLASS_C	1	387	k141_51449_6	aminoglycoside	undefined	0.074382855	60.5	387	478	1.19e-169	1	NA
Tub.85-k141_685834_1-3..224	Tub.85	Potential	TRANSCRIPTIONAL_REGULATORY_PROTEIN_CPXR_CPXR	3	224	k141_685834_1	unclassified	CP000675.2.gene1535.p01|FEATURES|transcriptional_regulatory_protein_CpxR_cpxR|unclassified|transcriptional_regulatory_protein_CpxR_cpxR	0.594746574	52.2	226	224	1.17e-74	1	NA
Tub.85-k141_685834_1-3..224	Tub.85	Potential_loser	TRANSCRIPTIONAL_REGULATORY_PROTEIN_CPXR_CPXR	3	224	k141_685834_1	peptide	undefined	0.099265193	52.2	226	224	1.17e-74	1	NA
Tub.64-k141_102673_3-71..402	Tub.64	Probable	ROSA	71	402	k141_102673_3	fosmidomycin	YP_001477378|FEATURES|rosA|fosmidomycin|rosA	0.998503142	65.1	332	422	4.59e-148	1	NA
Tub.58-k141_672869_1-10..106	Tub.58	Potential	ABES	10	106	k141_672869_1	aminoglycoside	NC_010410.6003348.p01|FEATURES|abeS|multidrug|abeS	0.619845689	57.7	97	113	1.81e-34	1	disinfecting agents and antiseptics
Tub.58-k141_672869_1-10..106	Tub.58	Potential_loser	ABES	10	106	k141_672869_1	peptide	undefined	0.119012096	57.7	97	113	1.81e-34	1	disinfecting agents and antiseptics
Tub.85-k141_550111_2-1..119	Tub.85	Probable	BRP(MBL)	1	119	k141_550111_2	glycopeptide	YP_007652797.1|FEATURES|BRP(MBL)|glycopeptide|BRP(MBL)	0.993529546	68.9	119	169	4.64e-56	1	NA
Tub.31-k141_577689_4-2..1021	Tub.31	Potential	MEXK	2	1021	k141_577689_4	triclosan	undefined	0.791963361	63.8	1045	1253	0	1	NA
Tub.31-k141_577689_4-2..1021	Tub.31	Potential_loser	MEXK	2	1021	k141_577689_4	multidrug	AAG07064.1|FEATURES|MexK|multidrug|MexK	0.080439289	63.8	1045	1253	0	1	NA
Tub.83-k141_125864_3-30..497	Tub.83	Potential	PUROMYCIN_RESISTANCE_PROTEIN	30	497	k141_125864_3	nucleoside	P42670|FEATURES|puromycin_resistance_protein|nucleoside|puromycin_resistance_protein	0.6686821	51.4	475	437	2.00e-150	1	NA
Tub.83-k141_125864_3-30..497	Tub.83	Potential_loser	PUROMYCIN_RESISTANCE_PROTEIN	30	497	k141_125864_3	multidrug	undefined	0.216556419	51.4	475	437	2.00e-150	1	NA
Tub.94-k141_256048_3-1..282	Tub.94	Probable	BACA	1	282	k141_256048_3	bacitracin	YP_294981|FEATURES|bacA|bacitracin|bacA	0.989549933	57.4	282	320	5.63e-111	1	NA
Tub.26-k141_701580_1-4..228	Tub.26	Potential	MTRA	4	228	k141_701580_1	aminoglycoside	undefined	0.591164137	75.1	229	337	3.72e-119	1	NA
Tub.26-k141_701580_1-4..228	Tub.26	Potential_loser	MTRA	4	228	k141_701580_1	multidrug	CCP46065.1|FEATURES|mtrA|multidrug|mtrA	0.261294015	75.1	229	337	3.72e-119	1	NA
Tub.15-k141_228779_1-2..129	Tub.15	Potential	ADP-RIBOSYLATING_TRANSFERASE_ARR	2	129	k141_228779_1	multidrug	undefined	0.394531772	73.4	128	206	1.09e-69	1	NA
Tub.15-k141_228779_1-2..129	Tub.15	Potential_loser	ADP-RIBOSYLATING_TRANSFERASE_ARR	2	129	k141_228779_1	rifamycin	AF001493.1.orf0.gene.p01|FEATURES|ADP-ribosylating_transferase_arr|rifamycin|ADP-ribosylating_transferase_arr	0.17616637	73.4	128	206	1.09e-69	1	NA
Tub.26-k141_489305_1-24..134	Tub.26	Potential	ADP-RIBOSYLATING_TRANSFERASE_ARR	24	134	k141_489305_1	multidrug	undefined	0.317190082	60.4	111	143	9.25e-46	1	NA
Tub.26-k141_489305_1-24..134	Tub.26	Potential_loser	ADP-RIBOSYLATING_TRANSFERASE_ARR	24	134	k141_489305_1	peptide	undefined	0.223677097	60.4	111	143	9.25e-46	1	NA
Tub.34-k141_614281_3-20..399	Tub.34	Probable	ROSA	20	399	k141_614281_3	fosmidomycin	YP_001477378|FEATURES|rosA|fosmidomycin|rosA	0.998803571	56	386	387	1.50e-133	1	NA
Tub.31-k141_87761_10-9..264	Tub.31	Probable	KASUGAMYCIN_RESISTANCE_PROTEIN_KSGA	9	264	k141_87761_10	aminoglycoside	Q7N8V7|FEATURES|kasugamycin_resistance_protein_ksgA|aminoglycoside|kasugamycin_resistance_protein_ksgA	0.99999781	50	256	249	2.63e-83	1	NA
Tub.85-k141_464890_2-10..209	Tub.85	Probable	MEXL	10	209	k141_464890_2	multidrug	NP_252368.1|FEATURES|MexL|multidrug|MexL	0.994769086	52.5	200	194	3.42e-63	1	NA
Tub.26-k141_388107_6-1..382	Tub.26	Probable	MEXA	1	382	k141_388107_6	multidrug	gi:757606897:ref:WP_042853548.1:|FEATURES|mexA|multidrug|mexA	0.999947522	67	382	469	2.42e-166	1	NA
Tub.51-k141_163025_2-15..401	Tub.51	Probable	ROSA	15	401	k141_163025_2	fosmidomycin	ZP_04638972|FEATURES|rosA|fosmidomycin|rosA	0.998673336	64.3	387	476	3.42e-168	1	NA
Tub.105-k141_451606_2-1..217	Tub.105	Probable	VANR	1	217	k141_451606_2	glycopeptide	gi:943675889:ref:WP_055502070.1:|FEATURES|vanR|glycopeptide|vanR	0.999976677	53	217	224	6.99e-75	1	NA
Tub.30-k141_14244_1-3..117	Tub.30	Potential	TRUNCATED_PUTATIVE_RESPONSE_REGULATOR_ARLR	3	117	k141_14244_1	unclassified	NC_002745.1124086.p01|FEATURES|truncated_putative_response_regulator_ArlR|unclassified|truncated_putative_response_regulator_ArlR	0.328687773	59.5	116	130	5.94e-39	1	NA
Tub.30-k141_14244_1-3..117	Tub.30	Potential_loser	TRUNCATED_PUTATIVE_RESPONSE_REGULATOR_ARLR	3	117	k141_14244_1	aminoglycoside	undefined	0.294124309	59.5	116	130	5.94e-39	1	NA
Tub.30-k141_446077_3-1..474	Tub.30	Probable	ROSB	1	474	k141_446077_3	fosmidomycin	gi:896190680:ref:WP_049199932.1:|FEATURES|rosB|fosmidomycin|rosB	0.999718882	55	487	451	5.76e-155	1	NA
Tub.30-k141_313682_4-26..155	Tub.30	Potential	LEN	26	155	k141_313682_4	aminoglycoside	undefined	0.2924901	57.3	131	144	8.57e-43	1	NA
Tub.30-k141_313682_4-26..155	Tub.30	Potential_loser	LEN	26	155	k141_313682_4	multidrug	undefined	0.253247976	57.3	131	144	8.57e-43	1	NA
Tub.26-k141_551384_7-1..300	Tub.26	Probable	MEXT	1	300	k141_551384_7	multidrug	gi:489246765:ref:WP_003154928.1:|FEATURES|mexT|multidrug|mexT	0.999933513	62.7	300	374	1.88e-131	1	NA
Tub.13-k141_42911_2-3..120	Tub.13	Potential	TRUNCATED_PUTATIVE_RESPONSE_REGULATOR_ARLR	3	120	k141_42911_2	unclassified	NC_002745.1124086.p01|FEATURES|truncated_putative_response_regulator_ArlR|unclassified|truncated_putative_response_regulator_ArlR	0.342964907	55.5	119	133	1.84e-40	1	NA
Tub.13-k141_42911_2-3..120	Tub.13	Potential_loser	TRUNCATED_PUTATIVE_RESPONSE_REGULATOR_ARLR	3	120	k141_42911_2	aminoglycoside	undefined	0.289478615	55.5	119	133	1.84e-40	1	NA
Tub.31-k141_3215_1-1..238	Tub.31	Probable	AAC(3)-IIIA	1	238	k141_3215_1	aminoglycoside	L06160.1.gene1.p01|FEATURES|aac(3)-IIIa|aminoglycoside|aac(3)-IIIa	0.874690427	63	238	322	1.71e-112	1	NA
Tub.31-k141_3215_1-1..238	Tub.31	Potential_loser	AAC(3)-IIIA	1	238	k141_3215_1	peptide	undefined	0.041801921	63	238	322	1.71e-112	1	NA
Tub.4-k141_760918_1-24..127	Tub.4	Potential	TRUNCATED_PUTATIVE_RESPONSE_REGULATOR_ARLR	24	127	k141_760918_1	aminoglycoside	undefined	0.303562335	52.3	111	114	4.79e-33	1	NA
Tub.4-k141_760918_1-24..127	Tub.4	Potential_loser	TRUNCATED_PUTATIVE_RESPONSE_REGULATOR_ARLR	24	127	k141_760918_1	unclassified	NC_002745.1124086.p01|FEATURES|truncated_putative_response_regulator_ArlR|unclassified|truncated_putative_response_regulator_ArlR	0.295233897	52.3	111	114	4.79e-33	1	NA
Tub.83-k141_87658_1-46..223	Tub.83	Probable	KDPE	46	223	k141_87658_1	aminoglycoside	NP_415222.1|FEATURES|kdpE|aminoglycoside|kdpE	0.970398777	50.3	181	175	4.91e-56	1	NA
Tub.94-k141_551199_2-20..150	Tub.94	Probable	ADP-RIBOSYLATING_TRANSFERASE_ARR	20	150	k141_551199_2	rifamycin	AY259086.1.gene5.p01|FEATURES|ADP-ribosylating_transferase_arr|rifamycin|ADP-ribosylating_transferase_arr	0.999780389	60.3	131	173	3.96e-57	1	NA
Tub.31-k141_324572_2-8..503	Tub.31	Potential	EMRB	8	503	k141_324572_2	peptide	undefined	0.501791007	53.7	497	522	2.07e-183	1	NA
Tub.31-k141_324572_2-8..503	Tub.31	Potential_loser	EMRB	8	503	k141_324572_2	fluoroquinolone	undefined	0.068262302	53.7	497	522	2.07e-183	1	NA
Tub.94-k141_254270_2-1..1020	Tub.94	Probable	MUXB	1	1020	k141_254270_2	multidrug	NP_251217.1|FEATURES|MuxB|multidrug|MuxB	0.873862102	56.6	1062	1081	0	1	NA
Tub.94-k141_254270_2-1..1020	Tub.94	Potential_loser	MUXB	1	1020	k141_254270_2	aminocoumarin	NP_251217.1|FEATURES|MuxB|multidrug|MuxB	0.124635065	56.6	1062	1081	0	1	NA
Tub.64-k141_259715_3-1..274	Tub.64	Probable	BACA	1	274	k141_259715_3	bacitracin	YP_002552549|FEATURES|bacA|bacitracin|bacA	0.994461555	71.3	275	385	7.51e-137	1	NA
Tub.105-k141_552998_2-7..226	Tub.105	Potential	MTRA	7	226	k141_552998_2	aminoglycoside	undefined	0.574561313	75	220	332	6.61e-117	1	NA
Tub.105-k141_552998_2-7..226	Tub.105	Potential_loser	MTRA	7	226	k141_552998_2	multidrug	CCP46065.1|FEATURES|mtrA|multidrug|mtrA	0.264080489	75	220	332	6.61e-117	1	NA
Tub.83-k141_217923_2-5..81	Tub.83	Probable	TRUNCATED_PUTATIVE_RESPONSE_REGULATOR_ARLR	5	81	k141_217923_2	unclassified	NC_002745.3251084.p01|FEATURES|truncated_putative_response_regulator_ArlR|unclassified|truncated_putative_response_regulator_ArlR	0.863414894	50.6	77	77.4	6.95e-21	1	NA
Tub.83-k141_217923_2-5..81	Tub.83	Potential_loser	TRUNCATED_PUTATIVE_RESPONSE_REGULATOR_ARLR	5	81	k141_217923_2	peptide	undefined	0.070095245	50.6	77	77.4	6.95e-21	1	NA
Tub.59-k141_640436_2-25..279	Tub.59	Potential	FEZ-1	25	279	k141_640436_2	aminoglycoside	undefined	0.350469443	64.3	255	341	5.59e-119	1	NA
Tub.59-k141_640436_2-25..279	Tub.59	Potential_loser	FEZ-1	25	279	k141_640436_2	multidrug	undefined	0.177965766	64.3	255	341	5.59e-119	1	NA
Tub.31-k141_297245_2-20..399	Tub.31	Probable	ROSA	20	399	k141_297245_2	fosmidomycin	YP_001401993|FEATURES|rosA|fosmidomycin|rosA	0.998144342	61.5	382	452	6.04e-159	1	NA
Tub.82-k141_359916_1-7..137	Tub.82	Probable	ARR-4	7	137	k141_359916_1	rifamycin	ABV26705.1|FEATURES|arr-4|rifamycin|arr-4	0.999705158	58.8	131	174	1.33e-57	1	NA
Tub.31-k141_134966_2-1..128	Tub.31	Probable	GOLS	1	128	k141_134966_2	multidrug	NP_459349.1|FEATURES|golS|multidrug|golS	0.996647622	58.6	128	152	6.72e-49	1	NA
Tub.110-k141_49558_3-14..133	Tub.110	Probable	ADP-RIBOSYLATING_TRANSFERASE_ARR	14	133	k141_49558_3	rifamycin	AF001493.1.orf0.gene.p01|FEATURES|ADP-ribosylating_transferase_arr|rifamycin|ADP-ribosylating_transferase_arr	0.999780389	58.3	120	154	1.05e-49	1	NA
Tub.110-k141_121237_1-1..275	Tub.110	Probable	BACA	1	275	k141_121237_1	bacitracin	YP_981592|FEATURES|bacA|bacitracin|bacA	0.995341682	56.7	275	303	4.76e-104	1	NA
Tub.4-k141_367992_1-3..117	Tub.4	Potential	TRUNCATED_PUTATIVE_RESPONSE_REGULATOR_ARLR	3	117	k141_367992_1	aminoglycoside	undefined	0.304914767	52.5	118	112	3.04e-32	1	NA
Tub.4-k141_367992_1-3..117	Tub.4	Potential_loser	TRUNCATED_PUTATIVE_RESPONSE_REGULATOR_ARLR	3	117	k141_367992_1	unclassified	NC_002745.1124086.p01|FEATURES|truncated_putative_response_regulator_ArlR|unclassified|truncated_putative_response_regulator_ArlR	0.289315838	52.5	118	112	3.04e-32	1	NA
Tub.31-k141_419198_2-5..224	Tub.31	Probable	KDPE	5	224	k141_419198_2	aminoglycoside	NP_415222.1|FEATURES|kdpE|aminoglycoside|kdpE	0.985444694	60.2	221	285	1.85e-98	1	NA
Tub.18-k141_131804_2-23..227	Tub.18	Potential	MTRA	23	227	k141_131804_2	aminoglycoside	undefined	0.578197799	72.7	205	308	5.57e-108	1	NA
Tub.18-k141_131804_2-23..227	Tub.18	Potential_loser	MTRA	23	227	k141_131804_2	multidrug	CCP46065.1|FEATURES|mtrA|multidrug|mtrA	0.263545947	72.7	205	308	5.57e-108	1	NA
Tub.82-k141_422633_45-7..1014	Tub.82	Potential	MDTC	7	1014	k141_422633_45	multidrug	CP001918.1.gene3441.p01|FEATURES|mdtC|multidrug|mdtC	0.612203097	52.7	1083	1008	0	1	NA
Tub.82-k141_422633_45-7..1014	Tub.82	Potential_loser	MDTC	7	1014	k141_422633_45	aminocoumarin	CP001918.1.gene3441.p01|FEATURES|mdtC|multidrug|mdtC	0.370190678	52.7	1083	1008	0	1	NA
Tub.59-k141_676438_12-1..1045	Tub.59	Probable	MEXF	1	1045	k141_676438_12	multidrug	gi:780147796:ref:WP_045491627.1:|FEATURES|mexF|multidrug|mexF	0.999999654	61.4	1047	1241	0	1	fluoroquinolone antibiotic; tetracycline antibiotic
Tub.59-k141_484706_4-11..300	Tub.59	Potential	RM3	11	300	k141_484706_4	aminoglycoside	undefined	0.36845387	52.1	290	292	4.62e-99	1	NA
Tub.59-k141_484706_4-11..300	Tub.59	Potential_loser	RM3	11	300	k141_484706_4	multidrug	undefined	0.276972931	52.1	290	292	4.62e-99	1	NA
Tub.18-k141_589128_4-7..80	Tub.18	Probable	TRUNCATED_PUTATIVE_RESPONSE_REGULATOR_ARLR	7	80	k141_589128_4	unclassified	NC_002745.3251084.p01|FEATURES|truncated_putative_response_regulator_ArlR|unclassified|truncated_putative_response_regulator_ArlR	0.907569824	56.8	74	85.5	3.19e-22	1	NA
Tub.58-k141_182687_6-9..264	Tub.58	Probable	KASUGAMYCIN_RESISTANCE_PROTEIN_KSGA	9	264	k141_182687_6	aminoglycoside	Q8FL96|FEATURES|kasugamycin_resistance_protein_ksgA|aminoglycoside|kasugamycin_resistance_protein_ksgA	0.999999682	50.8	256	246	3.18e-82	1	NA
Tub.88-k141_386641_1-33..270	Tub.88	Probable	LEN	33	270	k141_386641_1	beta-lactam	AAN05031.1|FEATURES|LEN-4|beta-lactam|LEN	0.976555641	50.4	238	231	1.89e-76	1	NA
Tub.31-k141_625646_3-18..403	Tub.31	Probable	ROSA	18	403	k141_625646_3	fosmidomycin	YP_001477378|FEATURES|rosA|fosmidomycin|rosA	0.998961743	68.9	386	513	9.50e-183	1	NA
Tub.30-k141_688396_1-50..380	Tub.30	Probable	ROSA	50	380	k141_688396_1	fosmidomycin	YP_001477378|FEATURES|rosA|fosmidomycin|rosA	0.997084886	66.5	331	423	4.73e-149	1	NA
Tub.26-k141_275857_1-1..95	Tub.26	Potential	RBPA	1	95	k141_275857_1	peptide	undefined	0.262488561	58.3	96	106	2.51e-31	1	NA
Tub.26-k141_275857_1-1..95	Tub.26	Potential_loser	RBPA	1	95	k141_275857_1	multidrug	undefined	0.228180259	58.3	96	106	2.51e-31	1	NA
Tub.105-k141_329669_48-18..130	Tub.105	Probable	BLEOMYCIN_RESISTANCE_PROTEIN	18	130	k141_329669_48	glycopeptide	gi:1036907773:ref:WP_064732565.1:|FEATURES|bleomycin_resistance_protein|glycopeptide|bleomycin_resistance_protein	0.995540459	50	116	122	3.26e-37	1	NA
Tub.30-k141_75228_11-8..401	Tub.30	Probable	ROSA	8	401	k141_75228_11	fosmidomycin	ZP_04621517|FEATURES|rosA|fosmidomycin|rosA	0.998642627	66	394	492	1.32e-174	1	NA
Tub.104-k141_78150_1-10..78	Tub.104	Probable	TRUNCATED_PUTATIVE_RESPONSE_REGULATOR_ARLR	10	78	k141_78150_1	unclassified	NC_002745.3251084.p01|FEATURES|truncated_putative_response_regulator_ArlR|unclassified|truncated_putative_response_regulator_ArlR	0.871295834	51.4	70	67.8	2.77e-17	1	NA
Tub.104-k141_78150_1-10..78	Tub.104	Potential_loser	TRUNCATED_PUTATIVE_RESPONSE_REGULATOR_ARLR	10	78	k141_78150_1	peptide	undefined	0.066304413	51.4	70	67.8	2.77e-17	1	NA
Tub.31-k141_108058_3-1..274	Tub.31	Probable	BACA	1	274	k141_108058_3	bacitracin	YP_970399|FEATURES|bacA|bacitracin|bacA	0.994228401	78.7	277	447	2.51e-161	1	NA
Tub.31-k141_160504_43-3..388	Tub.31	Probable	SMED	3	388	k141_160504_43	multidrug	CAC14594|FEATURES|smeD|multidrug|smeD	0.997248058	62.5	387	421	6.95e-147	1	NA
Tub.59-k141_550966_2-15..293	Tub.59	Probable	LRA	15	293	k141_550966_2	beta-lactam	EU408351.1.gene26.p01|FEATURES|LRA-12|beta-lactam|LRA	0.999982617	63.9	285	383	3.04e-135	1	NA
Tub.82-k141_22013_101-9..264	Tub.82	Probable	KASUGAMYCIN_RESISTANCE_PROTEIN_KSGA	9	264	k141_22013_101	aminoglycoside	Q8FL96|FEATURES|kasugamycin_resistance_protein_ksgA|aminoglycoside|kasugamycin_resistance_protein_ksgA	0.999999902	51.8	257	258	7.44e-87	1	NA
Tub.88-k141_324134_1-2..130	Tub.88	Probable	GOLS	2	130	k141_324134_1	multidrug	NP_459349.1|FEATURES|golS|multidrug|golS	0.997492966	56.6	129	151	1.41e-48	1	NA
Tub.11-k141_120989_19-1..109	Tub.11	Potential	RBPA	1	109	k141_120989_19	peptide	undefined	0.261939615	54.1	109	114	3.00e-34	1	NA
Tub.11-k141_120989_19-1..109	Tub.11	Potential_loser	RBPA	1	109	k141_120989_19	multidrug	undefined	0.227861338	54.1	109	114	3.00e-34	1	NA
Tub.31-k141_432315_2-57..358	Tub.31	Potential	LRA	57	358	k141_432315_2	multidrug	undefined	0.229575366	65	303	403	1.03e-141	1	NA
Tub.31-k141_432315_2-57..358	Tub.31	Potential_loser	LRA	57	358	k141_432315_2	peptide	undefined	0.22550581	65	303	403	1.03e-141	1	NA
Tub.82-k141_182508_15-9..265	Tub.82	Probable	KASUGAMYCIN_RESISTANCE_PROTEIN_KSGA	9	265	k141_182508_15	aminoglycoside	Q56016|FEATURES|kasugamycin_resistance_protein_ksgA|aminoglycoside|kasugamycin_resistance_protein_ksgA	0.999868779	50.6	257	252	2.00e-84	1	NA
Tub.59-k141_582989_2-317..1123	Tub.59	Probable	RPOB2	317	1123	k141_582989_2	multidrug	BAD59497.1|FEATURES|rpoB2|multidrug|rpoB2	0.980182092	52	957	898	1.33e-314	1	NA
Tub.105-k141_66311_1-1..109	Tub.105	Potential	RBPA	1	109	k141_66311_1	peptide	undefined	0.262488561	69.1	110	150	6.52e-49	1	NA
Tub.105-k141_66311_1-1..109	Tub.105	Potential_loser	RBPA	1	109	k141_66311_1	multidrug	undefined	0.228180259	69.1	110	150	6.52e-49	1	NA
Tub.4-k141_149414_1-36..289	Tub.4	Potential	LRA	36	289	k141_149414_1	peptide	undefined	0.342176894	53.5	256	249	2.86e-82	1	NA
Tub.4-k141_149414_1-36..289	Tub.4	Potential_loser	LRA	36	289	k141_149414_1	aminoglycoside	undefined	0.147684503	53.5	256	249	2.86e-82	1	NA
Tub.85-k141_458543_1-6..512	Tub.85	Probable	EMRB	6	512	k141_458543_1	multidrug	gi:486057056:ref:WP_001507824.1:|FEATURES|emrB|multidrug|emrB	0.999119949	54.2	507	548	4.63e-193	1	NA
Tub.51-k141_95606_2-4..224	Tub.51	Probable	KDPE	4	224	k141_95606_2	aminoglycoside	NP_415222.1|FEATURES|kdpE|aminoglycoside|kdpE	0.971450955	50.7	223	225	4.62e-75	1	NA
Tub.85-k141_137279_2-12..208	Tub.85	Probable	CAMP-REGULATORY_PROTEIN	12	208	k141_137279_2	unclassified	gi:491301754:ref:WP_005159757.1:|FEATURES|cAMP-regulatory_protein|unclassified|cAMP-regulatory_protein	0.995420394	54.5	202	223	3.78e-74	1	NA
Tub.107-k141_14829_1-39..176	Tub.107	Probable	AAC(6')-I	39	176	k141_14829_1	aminoglycoside	AB164230.1.gene1.p01|FEATURES|aac(6')-I|aminoglycoside|aac(6')-I	0.988118495	52.7	146	147	2.54e-46	1	NA
Tub.18-k141_407670_1-3..162	Tub.18	Potential	DFRA3	3	162	k141_407670_1	peptide	undefined	0.300650896	50.3	161	150	1.40e-47	1	NA
Tub.18-k141_407670_1-3..162	Tub.18	Potential_loser	DFRA3	3	162	k141_407670_1	aminoglycoside	undefined	0.18938683	50.3	161	150	1.40e-47	1	NA
Tub.105-k141_298051_10-3..316	Tub.105	Potential	OLEC	3	316	k141_298051_10	tetracycline	undefined	0.890179558	50.5	315	299	7.42e-101	1	NA
Tub.105-k141_298051_10-3..316	Tub.105	Potential_loser	OLEC	3	316	k141_298051_10	MLS	AAA26793|FEATURES|oleC|MLS|oleC	0.070961302	50.5	315	299	7.42e-101	1	NA
Tub.16-k141_278687_1-41..227	Tub.16	Potential	MTRA	41	227	k141_278687_1	aminoglycoside	undefined	0.40085405	52.1	192	187	1.21e-60	1	NA
Tub.16-k141_278687_1-41..227	Tub.16	Potential_loser	MTRA	41	227	k141_278687_1	multidrug	CCP46065.1|FEATURES|mtrA|multidrug|mtrA	0.275374922	52.1	192	187	1.21e-60	1	NA
Tub.26-k141_229064_4-6..243	Tub.26	Probable	OMPR	6	243	k141_229064_4	multidrug	NC_008702.1.4607594.p01|FEATURES|ompR|multidrug|ompR	0.99653107	68.5	238	315	1.94e-109	1	NA
Tub.16-k141_88515_3-4..663	Tub.16	Potential	OTRA	4	663	k141_88515_3	multidrug	undefined	0.353057426	50.8	673	600	4.67e-209	1	tetracycline antibiotic
Tub.16-k141_88515_3-4..663	Tub.16	Potential_loser	OTRA	4	663	k141_88515_3	aminoglycoside	undefined	0.200021203	50.8	673	600	4.67e-209	1	tetracycline antibiotic
Tub.104-k141_188290_5-24..157	Tub.104	Probable	AAC(6')-I	24	157	k141_188290_5	aminoglycoside	AB116646.1.gene1.p01|FEATURES|aac(6')-I|aminoglycoside|aac(6')-I	0.985583412	51.4	140	146	3.14e-46	1	NA
Tub.85-k141_654772_2-3..222	Tub.85	Probable	KDPE	3	222	k141_654772_2	aminoglycoside	NP_415222.1|FEATURES|kdpE|aminoglycoside|kdpE	0.97159934	54.1	222	233	3.25e-78	1	NA
Tub.31-k141_110771_1-3..216	Tub.31	Potential	MTRA	3	216	k141_110771_1	aminoglycoside	undefined	0.570876959	65	214	281	2.51e-96	1	NA
Tub.31-k141_110771_1-3..216	Tub.31	Potential_loser	MTRA	3	216	k141_110771_1	multidrug	CCP46065.1|FEATURES|mtrA|multidrug|mtrA	0.264593201	65	214	281	2.51e-96	1	NA
Tub.104-k141_484708_2-1..111	Tub.104	Potential	RBPA	1	111	k141_484708_2	peptide	undefined	0.254382179	51.8	112	115	7.15e-35	1	NA
Tub.104-k141_484708_2-1..111	Tub.104	Potential_loser	RBPA	1	111	k141_484708_2	multidrug	undefined	0.224481973	51.8	112	115	7.15e-35	1	NA
Tub.30-k141_167101_1-2..228	Tub.30	Probable	TRANSCRIPTIONAL_REGULATORY_PROTEIN_CPXR_CPXR	2	228	k141_167101_1	unclassified	CP000034.1.gene3834.p01|FEATURES|transcriptional_regulatory_protein_CpxR_cpxR|unclassified|transcriptional_regulatory_protein_CpxR_cpxR	0.855358008	50	230	210	6.60e-69	1	NA
Tub.30-k141_167101_1-2..228	Tub.30	Potential_loser	TRANSCRIPTIONAL_REGULATORY_PROTEIN_CPXR_CPXR	2	228	k141_167101_1	peptide	undefined	0.040214233	50	230	210	6.60e-69	1	NA
Tub.83-k141_792698_4-7..81	Tub.83	Probable	TRUNCATED_PUTATIVE_RESPONSE_REGULATOR_ARLR	7	81	k141_792698_4	unclassified	NC_002745.3251084.p01|FEATURES|truncated_putative_response_regulator_ArlR|unclassified|truncated_putative_response_regulator_ArlR	0.874368886	52	75	79.3	7.40e-20	1	NA
Tub.83-k141_792698_4-7..81	Tub.83	Potential_loser	TRUNCATED_PUTATIVE_RESPONSE_REGULATOR_ARLR	7	81	k141_792698_4	peptide	undefined	0.064815003	52	75	79.3	7.40e-20	1	NA
Tub.83-k141_3116_9-1..1019	Tub.83	Potential	MUXB	1	1019	k141_3116_9	aminocoumarin	NP_251217.1|FEATURES|MuxB|multidrug|MuxB	0.73756087	65.4	1019	1264	0	1	NA
Tub.83-k141_3116_9-1..1019	Tub.83	Potential_loser	MUXB	1	1019	k141_3116_9	multidrug	NP_251217.1|FEATURES|MuxB|multidrug|MuxB	0.234831139	65.4	1019	1264	0	1	NA
Tub.83-k141_84224_2-8..245	Tub.83	Probable	OMPR	8	245	k141_84224_2	multidrug	gi:909830386:gb:AKU13184.1:|FEATURES|ompR|multidrug|ompR	0.99653107	67.6	238	297	7.52e-103	1	NA
Tub.12-k141_265963_1-1..267	Tub.12	Potential	OLEC	1	267	k141_265963_1	tetracycline	undefined	0.857830415	54.2	271	260	1.82e-85	1	NA
Tub.12-k141_265963_1-1..267	Tub.12	Potential_loser	OLEC	1	267	k141_265963_1	MLS	AAA26793|FEATURES|oleC|MLS|oleC	0.072429586	54.2	271	260	1.82e-85	1	NA
Tub.58-k141_408484_2-21..238	Tub.58	Probable	OMPR	21	238	k141_408484_2	multidrug	NC_008702.1.4607594.p01|FEATURES|ompR|multidrug|ompR	0.931825845	50	218	195	4.44e-63	1	NA
Tub.31-k141_694724_6-1..232	Tub.31	Probable	TRANSCRIPTIONAL_REGULATORY_PROTEIN_CPXR_CPXR	1	232	k141_694724_6	unclassified	CP000647.1.gene4257.p01|FEATURES|transcriptional_regulatory_protein_CpxR_cpxR|unclassified|transcriptional_regulatory_protein_CpxR_cpxR	0.956392243	51.5	235	215	4.67e-71	1	NA
Tub.105-k141_535171_2-2..137	Tub.105	Probable	AAC(6')-I	2	137	k141_535171_2	aminoglycoside	AB116646.1.gene1.p01|FEATURES|aac(6')-I|aminoglycoside|aac(6')-I	0.999327537	52.4	145	140	7.98e-44	1	NA
Tub.4-k141_962524_3-2..78	Tub.4	Probable	TRUNCATED_PUTATIVE_RESPONSE_REGULATOR_ARLR	2	78	k141_962524_3	unclassified	NC_002745.3251084.p01|FEATURES|truncated_putative_response_regulator_ArlR|unclassified|truncated_putative_response_regulator_ArlR	0.870645025	50.6	77	79	8.92e-20	1	NA
Tub.4-k141_962524_3-2..78	Tub.4	Potential_loser	TRUNCATED_PUTATIVE_RESPONSE_REGULATOR_ARLR	2	78	k141_962524_3	peptide	undefined	0.066618691	50.6	77	79	8.92e-20	1	NA
Tub.105-k141_289021_2-9..181	Tub.105	Probable	AAC(2')-I	9	181	k141_289021_2	aminoglycoside	YP_001848841|FEATURES|aac(2')-I|aminoglycoside|aac(2')-I	0.985734607	50.9	175	169	2.14e-54	1	NA
Tub.94-k141_17421_2-10..373	Tub.94	Probable	MEXE	10	373	k141_17421_2	multidrug	YP_001175678|FEATURES|mexE|multidrug|mexE	0.99999918	52.9	365	336	1.28e-113	1	NA
Tub.31-k141_304181_2-1..277	Tub.31	Potential	BACA	1	277	k141_304181_2	peptide	undefined	0.273015893	52.3	279	268	1.00e-90	1	NA
Tub.31-k141_304181_2-1..277	Tub.31	Potential_loser	BACA	1	277	k141_304181_2	multidrug	undefined	0.225436924	52.3	279	268	1.00e-90	1	NA
Tub.83-k141_769270_2-5..223	Tub.83	Probable	KDPE	5	223	k141_769270_2	aminoglycoside	NP_415222.1|FEATURES|kdpE|aminoglycoside|kdpE	0.988194436	51.6	221	232	7.44e-78	1	NA
Tub.85-k141_318842_31-8..596	Tub.85	Probable	MULTIDRUG_ABC_TRANSPORTER	8	596	k141_318842_31	multidrug	gi:926376632:ref:WP_053705806.1:|FEATURES|multidrug_ABC_transporter|multidrug|multidrug_ABC_transporter	0.995221829	50.6	615	543	5.94e-188	1	NA
Tub.99-k141_31371_2-1..146	Tub.99	Potential	DFRA3	1	146	k141_31371_2	peptide	undefined	0.300650896	50.3	149	149	6.77e-47	1	NA
Tub.99-k141_31371_2-1..146	Tub.99	Potential_loser	DFRA3	1	146	k141_31371_2	aminoglycoside	undefined	0.18938683	50.3	149	149	6.77e-47	1	NA
Tub.31-k141_188003_2-5..238	Tub.31	Probable	OMPR	5	238	k141_188003_2	multidrug	NC_008702.1.4607594.p01|FEATURES|ompR|multidrug|ompR	0.980016712	50.9	234	216	8.95e-71	1	NA
Tub.51-k141_37992_2-2..228	Tub.51	Probable	TRANSCRIPTIONAL_REGULATORY_PROTEIN_CPXR_CPXR	2	228	k141_37992_2	unclassified	CP000647.1.gene4257.p01|FEATURES|transcriptional_regulatory_protein_CpxR_cpxR|unclassified|transcriptional_regulatory_protein_CpxR_cpxR	0.972240443	50	228	207	7.57e-68	1	NA
Tub.85-k141_450214_1-11..109	Tub.85	Potential	RBPA	11	109	k141_450214_1	peptide	undefined	0.262488561	52.5	99	102	7.52e-30	1	NA
Tub.85-k141_450214_1-11..109	Tub.85	Potential_loser	RBPA	11	109	k141_450214_1	multidrug	undefined	0.228180259	52.5	99	102	7.52e-30	1	NA
Tub.85-k141_798141_1-4..224	Tub.85	Probable	TRANSCRIPTIONAL_REGULATORY_PROTEIN_CPXR_CPXR	4	224	k141_798141_1	unclassified	CP000675.2.gene1535.p01|FEATURES|transcriptional_regulatory_protein_CpxR_cpxR|unclassified|transcriptional_regulatory_protein_CpxR_cpxR	0.961636688	53.5	226	223	4.41e-74	1	NA
Tub.1-k141_94747_2-13..357	Tub.1	Probable	EMRA	13	357	k141_94747_2	multidrug	gi:695709491:ref:WP_032642979.1:|FEATURES|emrA|multidrug|emrA	0.996129238	52.2	345	331	1.08e-111	1	NA
Tub.104-k141_314164_3-1..151	Tub.104	Potential	DFRA3	1	151	k141_314164_3	peptide	undefined	0.300650896	50	154	147	3.82e-46	1	NA
Tub.104-k141_314164_3-1..151	Tub.104	Potential_loser	DFRA3	1	151	k141_314164_3	aminoglycoside	undefined	0.18938683	50	154	147	3.82e-46	1	NA
Tub.104-k141_416707_1-25..143	Tub.104	Probable	ADP-RIBOSYLATING_TRANSFERASE_ARR	25	143	k141_416707_1	rifamycin	AF001493.1.orf0.gene.p01|FEATURES|ADP-ribosylating_transferase_arr|rifamycin|ADP-ribosylating_transferase_arr	0.999494972	72.3	119	186	1.86e-62	1	NA
Tub.30-k141_702568_2-1..120	Tub.30	Potential	TRUNCATED_PUTATIVE_RESPONSE_REGULATOR_ARLR	1	120	k141_702568_2	aminoglycoside	undefined	0.303822833	50.4	121	118	3.59e-34	1	NA
Tub.30-k141_702568_2-1..120	Tub.30	Potential_loser	TRUNCATED_PUTATIVE_RESPONSE_REGULATOR_ARLR	1	120	k141_702568_2	unclassified	NC_002745.1124086.p01|FEATURES|truncated_putative_response_regulator_ArlR|unclassified|truncated_putative_response_regulator_ArlR	0.294137357	50.4	121	118	3.59e-34	1	NA
Tub.104-k141_508081_2-17..327	Tub.104	Probable	TETA(48)	17	327	k141_508081_2	tetracycline	APB03214.1|FEATURES|tetA(48)|tetracycline|tetA(48)	0.996501831	53.4	313	309	7.65e-105	1	NA
Tub.1-k141_288762_2-3..127	Tub.1	Potential	TRUNCATED_PUTATIVE_RESPONSE_REGULATOR_ARLR	3	127	k141_288762_2	unclassified	NC_002745.1124086.p01|FEATURES|truncated_putative_response_regulator_ArlR|unclassified|truncated_putative_response_regulator_ArlR	0.342964907	52	127	125	6.04e-37	1	NA
Tub.1-k141_288762_2-3..127	Tub.1	Potential_loser	TRUNCATED_PUTATIVE_RESPONSE_REGULATOR_ARLR	3	127	k141_288762_2	aminoglycoside	undefined	0.289478615	52	127	125	6.04e-37	1	NA
Tub.1-k141_222441_1-1..163	Tub.1	Probable	CAMP-REGULATORY_PROTEIN	1	163	k141_222441_1	unclassified	CP004022.1.gene2827.p01|FEATURES|cAMP-regulatory_protein|unclassified|cAMP-regulatory_protein	0.994277624	54.8	168	190	5.11e-63	1	NA
Tub.16-k141_41679_4-1..105	Tub.16	Potential	RBPA	1	105	k141_41679_4	peptide	undefined	0.254544315	57.5	106	115	1.87e-34	1	NA
Tub.16-k141_41679_4-1..105	Tub.16	Potential_loser	RBPA	1	105	k141_41679_4	multidrug	undefined	0.22453965	57.5	106	115	1.87e-34	1	NA
Tub.105-k141_433958_3-4..181	Tub.105	Probable	AAC(2')-I	4	181	k141_433958_3	aminoglycoside	YP_001848841|FEATURES|aac(2')-I|aminoglycoside|aac(2')-I	0.989965146	52.2	178	183	6.91e-60	1	NA
Tub.88-k141_347762_1-60..365	Tub.88	Potential	MEXJ	60	365	k141_347762_1	triclosan	undefined	0.482752979	51.8	311	284	6.43e-95	1	NA
Tub.88-k141_347762_1-60..365	Tub.88	Potential_loser	MEXJ	60	365	k141_347762_1	multidrug	NP_252367.1|FEATURES|MexJ|multidrug|MexJ	0.171887244	51.8	311	284	6.43e-95	1	NA
Tub.59-k141_174191_1-118..1036	Tub.59	Potential	ACRB	118	1036	k141_174191_1	multidrug	gi:495735716:ref:WP_008460295.1:|FEATURES|acrB|multidrug|acrB	0.769394729	64.4	922	1125	0	1	NA
Tub.59-k141_174191_1-118..1036	Tub.59	Potential_loser	ACRB	118	1036	k141_174191_1	aminoglycoside	undefined	0.162779458	64.4	922	1125	0	1	NA
Tub.31-k141_641771_2-4..225	Tub.31	Probable	KDPE	4	225	k141_641771_2	aminoglycoside	NP_415222.1|FEATURES|kdpE|aminoglycoside|kdpE	0.988194436	62.9	229	305	1.81e-106	1	NA
Tub.11-k141_112387_2-5..223	Tub.11	Potential	MTRA	5	223	k141_112387_2	aminoglycoside	undefined	0.442409098	50.2	219	191	1.17e-61	1	NA
Tub.11-k141_112387_2-5..223	Tub.11	Potential_loser	MTRA	5	223	k141_112387_2	multidrug	CCP46065.1|FEATURES|mtrA|multidrug|mtrA	0.275919175	50.2	219	191	1.17e-61	1	NA
Tub.58-k141_475196_1-20..258	Tub.58	Probable	BACA	20	258	k141_475196_1	bacitracin	YP_002552549|FEATURES|bacA|bacitracin|bacA	0.966661149	64.3	241	303	1.07e-104	1	NA
Tub.16-k141_17930_1-12..118	Tub.16	Potential	TRUNCATED_PUTATIVE_RESPONSE_REGULATOR_ARLR	12	118	k141_17930_1	aminoglycoside	undefined	0.306449027	51.4	109	106	3.40e-31	1	NA
Tub.16-k141_17930_1-12..118	Tub.16	Potential_loser	TRUNCATED_PUTATIVE_RESPONSE_REGULATOR_ARLR	12	118	k141_17930_1	unclassified	NC_002745.1124086.p01|FEATURES|truncated_putative_response_regulator_ArlR|unclassified|truncated_putative_response_regulator_ArlR	0.281641089	51.4	109	106	3.40e-31	1	NA
Tub.31-k141_82796_2-1..276	Tub.31	Probable	BACA	1	276	k141_82796_2	bacitracin	ZP_04577926|FEATURES|bacA|bacitracin|bacA	0.98867901	73.3	277	386	4.32e-137	1	NA
Tub.104-k141_600234_1-24..175	Tub.104	Probable	AAC(6')-I	24	175	k141_600234_1	aminoglycoside	AB164230.1.gene1.p01|FEATURES|aac(6')-I|aminoglycoside|aac(6')-I	0.99962992	54	163	167	5.61e-54	1	NA
Tub.59-k141_505589_5-1..292	Tub.59	Probable	BACA	1	292	k141_505589_5	bacitracin	YP_584847|FEATURES|bacA|bacitracin|bacA	0.988979443	55.1	292	304	7.24e-104	1	NA
Tub.58-k141_141619_2-4..224	Tub.58	Probable	KDPE	4	224	k141_141619_2	aminoglycoside	NP_415222.1|FEATURES|kdpE|aminoglycoside|kdpE	0.968838989	54.7	223	222	9.57e-74	1	NA
Tub.31-k141_598261_1-8..257	Tub.31	Probable	BACA	8	257	k141_598261_1	bacitracin	ABM94007|FEATURES|bacA|bacitracin|bacA	0.968727352	72.4	250	367	5.66e-130	1	NA
Tub.10-k141_415308_1-7..131	Tub.10	Probable	AAC(3)-I	7	131	k141_415308_1	aminoglycoside	AJ511268.1.gene3.p01|FEATURES|aac(3)-I|aminoglycoside|aac(3)-I	0.998559068	56.8	125	140	3.94e-44	1	NA
Tub.31-k141_743141_1-28..223	Tub.31	Probable	KDPE	28	223	k141_743141_1	aminoglycoside	NP_415222.1|FEATURES|kdpE|aminoglycoside|kdpE	0.948193113	50.3	197	193	7.35e-63	1	NA
Tub.83-k141_299113_3-2..118	Tub.83	Potential	TRUNCATED_PUTATIVE_RESPONSE_REGULATOR_ARLR	2	118	k141_299113_3	aminoglycoside	undefined	0.303015742	50.8	118	113	4.31e-32	1	NA
Tub.83-k141_299113_3-2..118	Tub.83	Potential_loser	TRUNCATED_PUTATIVE_RESPONSE_REGULATOR_ARLR	2	118	k141_299113_3	unclassified	NC_002745.1124086.p01|FEATURES|truncated_putative_response_regulator_ArlR|unclassified|truncated_putative_response_regulator_ArlR	0.297503535	50.8	118	113	4.31e-32	1	NA
Tub.88-k141_82343_2-9..246	Tub.88	Probable	OMPR	9	246	k141_82343_2	multidrug	gi:909830386:gb:AKU13184.1:|FEATURES|ompR|multidrug|ompR	0.933656658	51	241	229	5.43e-76	1	NA
Tub.105-k141_40119_5-3..472	Tub.105	Probable	RIFAMPIN_MONOOXYGENASE	3	472	k141_40119_5	rifamycin	gi:663760960:ref:WP_030535072.1:|FEATURES|rifampin_monooxygenase|rifamycin|rifampin_monooxygenase	0.999973576	67.1	471	658	4.60e-238	1	rifamycin antibiotic
Tub.104-k141_557190_2-6..78	Tub.104	Probable	TRUNCATED_PUTATIVE_RESPONSE_REGULATOR_ARLR	6	78	k141_557190_2	unclassified	NC_002745.3251084.p01|FEATURES|truncated_putative_response_regulator_ArlR|unclassified|truncated_putative_response_regulator_ArlR	0.907569824	52.7	74	74.3	3.55e-19	1	NA
Tub.70-k141_214938_1-35..222	Tub.70	Probable	KDPE	35	222	k141_214938_1	aminoglycoside	NP_415222.1|FEATURES|kdpE|aminoglycoside|kdpE	0.988194436	51.6	188	192	1.68e-62	1	NA
Tub.58-k141_16563_7-1..276	Tub.58	Probable	BACA	1	276	k141_16563_7	bacitracin	ZP_04577926|FEATURES|bacA|bacitracin|bacA	0.989803531	74	277	393	7.89e-140	1	NA
Tub.85-k141_771348_2-4..224	Tub.85	Probable	TRANSCRIPTIONAL_REGULATORY_PROTEIN_CPXR_CPXR	4	224	k141_771348_2	unclassified	CP000675.2.gene1535.p01|FEATURES|transcriptional_regulatory_protein_CpxR_cpxR|unclassified|transcriptional_regulatory_protein_CpxR_cpxR	0.918308592	52.4	225	229	2.06e-76	1	NA
Tub.18-k141_189310_2-11..501	Tub.18	Potential	EMRB	11	501	k141_189310_2	peptide	undefined	0.364670994	50.6	492	481	4.84e-167	1	NA
Tub.18-k141_189310_2-11..501	Tub.18	Potential_loser	EMRB	11	501	k141_189310_2	diaminopyrimidine	undefined	0.229686453	50.6	492	481	4.84e-167	1	NA
Tub.30-k141_408185_1-4..120	Tub.30	Potential	TRUNCATED_PUTATIVE_RESPONSE_REGULATOR_ARLR	4	120	k141_408185_1	aminoglycoside	undefined	0.305099465	55.1	118	116	8.90e-34	1	NA
Tub.30-k141_408185_1-4..120	Tub.30	Potential_loser	TRUNCATED_PUTATIVE_RESPONSE_REGULATOR_ARLR	4	120	k141_408185_1	unclassified	NC_002745.1124086.p01|FEATURES|truncated_putative_response_regulator_ArlR|unclassified|truncated_putative_response_regulator_ArlR	0.288442599	55.1	118	116	8.90e-34	1	NA
Tub.31-k141_820492_21-19..367	Tub.31	Probable	EMRA	19	367	k141_820492_21	multidrug	gi:695792093:ref:WP_032706315.1:|FEATURES|emrA|multidrug|emrA	0.995847317	50.7	349	314	5.35e-105	1	NA
Tub.51-k141_322689_2-31..292	Tub.51	Potential	AIM-1	31	292	k141_322689_2	peptide	undefined	0.261261164	54.1	266	278	1.84e-93	1	NA
Tub.51-k141_322689_2-31..292	Tub.51	Potential_loser	AIM-1	31	292	k141_322689_2	aminoglycoside	undefined	0.224993377	54.1	266	278	1.84e-93	1	NA
Tub.104-k141_530003_3-24..175	Tub.104	Probable	AAC(6')-I	24	175	k141_530003_3	aminoglycoside	AB164230.1.gene1.p01|FEATURES|aac(6')-I|aminoglycoside|aac(6')-I	0.974517276	51.3	160	143	2.04e-44	1	NA
Tub.1-k141_251344_1-1..249	Tub.1	Probable	MYRA	1	249	k141_251344_1	MLS	BAA03674.1|FEATURES|myrA|MLS|myrA	0.970378449	50.6	249	211	1.84e-68	1	NA
Tub.10-k141_234252_1-35..223	Tub.10	Probable	KDPE	35	223	k141_234252_1	aminoglycoside	NP_415222.1|FEATURES|kdpE|aminoglycoside|kdpE	0.988194436	56.1	189	220	1.48e-73	1	NA
Tub.18-k141_518711_1-49..176	Tub.18	Probable	AAC(6')-I	49	176	k141_518711_1	aminoglycoside	AB164230.1.gene1.p01|FEATURES|aac(6')-I|aminoglycoside|aac(6')-I	0.999632398	52.5	141	145	3.16e-45	1	NA
Tub.1-k141_212233_2-3..121	Tub.1	Potential	TRUNCATED_PUTATIVE_RESPONSE_REGULATOR_ARLR	3	121	k141_212233_2	unclassified	NC_002745.1124086.p01|FEATURES|truncated_putative_response_regulator_ArlR|unclassified|truncated_putative_response_regulator_ArlR	0.308863667	51.2	121	114	1.21e-32	1	NA
Tub.1-k141_212233_2-3..121	Tub.1	Potential_loser	TRUNCATED_PUTATIVE_RESPONSE_REGULATOR_ARLR	3	121	k141_212233_2	aminoglycoside	undefined	0.300046728	51.2	121	114	1.21e-32	1	NA
Tub.82-k141_331562_1-1..223	Tub.82	Probable	BACA	1	223	k141_331562_1	bacitracin	YP_970399|FEATURES|bacA|bacitracin|bacA	0.943827668	71.4	224	308	5.43e-107	1	NA
Tub.59-k141_101343_2-62..1024	Tub.59	Potential	MUXB	62	1024	k141_101343_2	aminocoumarin	NP_251217.1|FEATURES|MuxB|multidrug|MuxB	0.659024282	61	1016	1149	0	1	NA
Tub.59-k141_101343_2-62..1024	Tub.59	Potential_loser	MUXB	62	1024	k141_101343_2	multidrug	NP_251217.1|FEATURES|MuxB|multidrug|MuxB	0.302153509	61	1016	1149	0	1	NA
Tub.58-k141_325855_3-3..118	Tub.58	Potential	TRUNCATED_PUTATIVE_RESPONSE_REGULATOR_ARLR	3	118	k141_325855_3	unclassified	NC_002745.1124086.p01|FEATURES|truncated_putative_response_regulator_ArlR|unclassified|truncated_putative_response_regulator_ArlR	0.330514232	50	116	120	7.37e-36	1	NA
Tub.58-k141_325855_3-3..118	Tub.58	Potential_loser	TRUNCATED_PUTATIVE_RESPONSE_REGULATOR_ARLR	3	118	k141_325855_3	aminoglycoside	undefined	0.293580359	50	116	120	7.37e-36	1	NA
Tub.58-k141_186011_1-8..78	Tub.58	Potential	TRUNCATED_PUTATIVE_RESPONSE_REGULATOR_ARLR	8	78	k141_186011_1	unclassified	NC_002745.3251084.p01|FEATURES|truncated_putative_response_regulator_ArlR|unclassified|truncated_putative_response_regulator_ArlR	0.666081275	50	72	58.9	9.63e-14	1	NA
Tub.58-k141_186011_1-8..78	Tub.58	Potential_loser	TRUNCATED_PUTATIVE_RESPONSE_REGULATOR_ARLR	8	78	k141_186011_1	peptide	undefined	0.155694144	50	72	58.9	9.63e-14	1	NA
Tub.104-k141_608625_2-1..221	Tub.104	Probable	VANR	1	221	k141_608625_2	glycopeptide	gi:943675889:ref:WP_055502070.1:|FEATURES|vanR|glycopeptide|vanR	0.999972353	52	221	222	6.11e-74	1	NA
Tub.26-k141_613808_3-27..383	Tub.26	Probable	TRIA	27	383	k141_613808_3	triclosan	NP_248846.1|FEATURES|TriA|triclosan|TriA	0.997488475	52.5	358	335	9.97e-114	1	NA
Tub.16-k141_268152_2-3..224	Tub.16	Potential	MTRA	3	224	k141_268152_2	aminoglycoside	undefined	0.422890476	50.4	228	206	2.11e-67	1	NA
Tub.16-k141_268152_2-3..224	Tub.16	Potential_loser	MTRA	3	224	k141_268152_2	multidrug	CCP46065.1|FEATURES|mtrA|multidrug|mtrA	0.275925044	50.4	228	206	2.11e-67	1	NA
Tub.59-k141_460561_2-9..291	Tub.59	Probable	BACA	9	291	k141_460561_2	bacitracin	YP_294981|FEATURES|bacA|bacitracin|bacA	0.988739679	60.4	283	338	7.58e-118	1	NA
Tub.85-k141_652510_1-1..1022	Tub.85	Potential	MDTC	1	1022	k141_652510_1	aminocoumarin	CP001918.1.gene3441.p01|FEATURES|mdtC|multidrug|mdtC	0.509951458	55.4	1058	1043	0	1	NA
Tub.85-k141_652510_1-1..1022	Tub.85	Potential_loser	MDTC	1	1022	k141_652510_1	multidrug	CP001918.1.gene3441.p01|FEATURES|mdtC|multidrug|mdtC	0.480652809	55.4	1058	1043	0	1	NA
Tub.94-k141_1146_2-10..402	Tub.94	Probable	ROSA	10	402	k141_1146_2	fosmidomycin	YP_001401993|FEATURES|rosA|fosmidomycin|rosA	0.999274644	62.4	394	473	2.29e-167	1	NA
Tub.58-k141_210183_2-7..1014	Tub.58	Potential	MDTC	7	1014	k141_210183_2	multidrug	CP001918.1.gene3441.p01|FEATURES|mdtC|multidrug|mdtC	0.56753556	56.4	1050	1043	0	1	NA
Tub.58-k141_210183_2-7..1014	Tub.58	Potential_loser	MDTC	7	1014	k141_210183_2	aminocoumarin	CP001918.1.gene3441.p01|FEATURES|mdtC|multidrug|mdtC	0.423478806	56.4	1050	1043	0	1	NA
Tub.1-k141_41959_1-30..163	Tub.1	Potential	CAMP-REGULATORY_PROTEIN	30	163	k141_41959_1	unclassified	CP004022.1.gene2827.p01|FEATURES|cAMP-regulatory_protein|unclassified|cAMP-regulatory_protein	0.317759739	54	139	150	7.49e-48	1	NA
Tub.1-k141_41959_1-30..163	Tub.1	Potential_loser	CAMP-REGULATORY_PROTEIN	30	163	k141_41959_1	aminoglycoside	undefined	0.194515906	54	139	150	7.49e-48	1	NA
Tub.31-k141_618368_1-9..1030	Tub.31	Probable	ACRB	9	1030	k141_618368_1	multidrug	gi:491078681:ref:WP_004940301.1:|FEATURES|acrB|multidrug|acrB	0.930511767	53.7	1029	997	0	1	NA
Tub.83-k141_888459_2-49..326	Tub.83	Probable	TETA(48)	49	326	k141_888459_2	tetracycline	APB03214.1|FEATURES|tetA(48)|tetracycline|tetA(48)	0.995137289	51.2	281	266	1.35e-88	1	NA
Tub.58-k141_660221_2-1..223	Tub.58	Probable	KDPE	1	223	k141_660221_2	aminoglycoside	NP_415222.1|FEATURES|kdpE|aminoglycoside|kdpE	0.971430176	51.1	223	228	2.88e-76	1	NA
Tub.85-k141_310670_1-32..315	Tub.85	Probable	PMRF	32	315	k141_310670_1	peptide	AAC75314.1|FEATURES|PmrF|peptide|PmrF	0.923324141	51.1	284	292	3.63e-99	1	NA
Tub.30-k141_397967_3-3..210	Tub.30	Probable	CAMP-REGULATORY_PROTEIN	3	210	k141_397967_3	unclassified	gi:490367208:ref:WP_004246872.1:|FEATURES|cAMP-regulatory_protein|unclassified|cAMP-regulatory_protein	0.995410461	52.6	213	231	7.77e-77	1	NA
Tub.83-k141_645950_1-1..170	Tub.83	Probable	AAC(6')-II	1	170	k141_645950_1	aminoglycoside	L06163.1.gene1.p01|FEATURES|aac(6')-II|aminoglycoside|aac(6')-II	0.999999575	51.4	175	187	9.02e-62	1	NA
Tub.51-k141_38799_5-1..547	Tub.51	Probable	ROSB	1	547	k141_38799_5	fosmidomycin	gi:1001786599:ref:WP_061324791.1:|FEATURES|rosB|fosmidomycin|rosB	0.9999419	57.4	552	573	1.10e-201	1	NA
Tub.34-k141_735062_3-1..128	Tub.34	Probable	GOLS	1	128	k141_735062_3	multidrug	NP_459349.1|FEATURES|golS|multidrug|golS	0.997612096	50.8	128	127	5.64e-39	1	NA
Tub.82-k141_423014_9-8..81	Tub.82	Probable	TRUNCATED_PUTATIVE_RESPONSE_REGULATOR_ARLR	8	81	k141_423014_9	unclassified	NC_002745.3251084.p01|FEATURES|truncated_putative_response_regulator_ArlR|unclassified|truncated_putative_response_regulator_ArlR	0.904165874	50	74	81.6	9.84e-21	1	NA
Tub.15-k141_246847_1-5..81	Tub.15	Probable	TRUNCATED_PUTATIVE_RESPONSE_REGULATOR_ARLR	5	81	k141_246847_1	unclassified	NC_002745.3251084.p01|FEATURES|truncated_putative_response_regulator_ArlR|unclassified|truncated_putative_response_regulator_ArlR	0.907569824	54.5	77	82.8	2.11e-22	1	NA
Tub.31-k141_67599_1-4..118	Tub.31	Potential	TRUNCATED_PUTATIVE_RESPONSE_REGULATOR_ARLR	4	118	k141_67599_1	aminoglycoside	undefined	0.308427157	50.9	116	111	2.69e-32	1	NA
Tub.31-k141_67599_1-4..118	Tub.31	Potential_loser	TRUNCATED_PUTATIVE_RESPONSE_REGULATOR_ARLR	4	118	k141_67599_1	unclassified	NC_002745.1124086.p01|FEATURES|truncated_putative_response_regulator_ArlR|unclassified|truncated_putative_response_regulator_ArlR	0.270033397	50.9	116	111	2.69e-32	1	NA
Tub.51-k141_229034_1-49..277	Tub.51	Probable	BACA	49	277	k141_229034_1	bacitracin	YP_981592|FEATURES|bacA|bacitracin|bacA	0.982577951	87.8	229	403	1.91e-144	1	NA
Tub.51-k141_130457_2-4..227	Tub.51	Potential	MTRA	4	227	k141_130457_2	aminoglycoside	undefined	0.588673131	71	224	325	2.36e-114	1	NA
Tub.51-k141_130457_2-4..227	Tub.51	Potential_loser	MTRA	4	227	k141_130457_2	multidrug	CCP46065.1|FEATURES|mtrA|multidrug|mtrA	0.261722209	71	224	325	2.36e-114	1	NA
Tub.59-k141_421583_3-62..390	Tub.59	Probable	MDTA	62	390	k141_421583_3	multidrug	CP001918.1.gene3439.p01|FEATURES|mdtA|multidrug|mdtA	0.938639811	50.3	330	296	1.77e-97	1	NA
Tub.4-k141_853762_1-1..109	Tub.4	Potential	RBPA	1	109	k141_853762_1	peptide	undefined	0.262488561	59.1	110	136	2.08e-42	1	NA
Tub.4-k141_853762_1-1..109	Tub.4	Potential_loser	RBPA	1	109	k141_853762_1	multidrug	undefined	0.228180259	59.1	110	136	2.08e-42	1	NA
Tub.18-k141_734692_1-1..119	Tub.18	Probable	BRP(MBL)	1	119	k141_734692_1	glycopeptide	YP_007652797.1|FEATURES|BRP(MBL)|glycopeptide|BRP(MBL)	0.990796604	63	119	158	8.54e-52	1	NA
Tub.110-k141_137935_2-7..118	Tub.110	Potential	TRUNCATED_PUTATIVE_RESPONSE_REGULATOR_ARLR	7	118	k141_137935_2	unclassified	NC_002745.1124086.p01|FEATURES|truncated_putative_response_regulator_ArlR|unclassified|truncated_putative_response_regulator_ArlR	0.342964907	50	112	118	5.99e-34	1	NA
Tub.110-k141_137935_2-7..118	Tub.110	Potential_loser	TRUNCATED_PUTATIVE_RESPONSE_REGULATOR_ARLR	7	118	k141_137935_2	aminoglycoside	undefined	0.289478615	50	112	118	5.99e-34	1	NA
Tub.105-k141_173815_1-1..277	Tub.105	Probable	CHRB	1	277	k141_173815_1	MLS	AAS79458.1|FEATURES|chrB|MLS|chrB	0.984954881	51.4	280	245	1.95e-81	1	NA
Tub.10-k141_86642_1-45..345	Tub.10	Potential	VANS	45	345	k141_86642_1	aminoglycoside	undefined	0.351584465	70.8	301	393	1.53e-137	1	NA
Tub.10-k141_86642_1-45..345	Tub.10	Potential_loser	VANS	45	345	k141_86642_1	multidrug	undefined	0.321682295	70.8	301	393	1.53e-137	1	NA
Tub.34-k141_233069_1-3..121	Tub.34	Potential	TRUNCATED_PUTATIVE_RESPONSE_REGULATOR_ARLR	3	121	k141_233069_1	unclassified	NC_002745.1124086.p01|FEATURES|truncated_putative_response_regulator_ArlR|unclassified|truncated_putative_response_regulator_ArlR	0.342964907	54.2	120	124	2.96e-37	1	NA
Tub.34-k141_233069_1-3..121	Tub.34	Potential_loser	TRUNCATED_PUTATIVE_RESPONSE_REGULATOR_ARLR	3	121	k141_233069_1	aminoglycoside	undefined	0.289478615	54.2	120	124	2.96e-37	1	NA
Tub.30-k141_139478_2-4..226	Tub.30	Probable	TRUNCATED_PUTATIVE_RESPONSE_REGULATOR_ARLR	4	226	k141_139478_2	unclassified	HE999704.1.gene1528.p01|FEATURES|truncated_putative_response_regulator_ArlR|unclassified|truncated_putative_response_regulator_ArlR	0.990814325	50	224	218	4.12e-72	1	NA
Tub.94-k141_530521_1-3..118	Tub.94	Potential	TRUNCATED_PUTATIVE_RESPONSE_REGULATOR_ARLR	3	118	k141_530521_1	unclassified	NC_002745.1124086.p01|FEATURES|truncated_putative_response_regulator_ArlR|unclassified|truncated_putative_response_regulator_ArlR	0.327435784	50.4	117	119	2.55e-35	1	NA
Tub.94-k141_530521_1-3..118	Tub.94	Potential_loser	TRUNCATED_PUTATIVE_RESPONSE_REGULATOR_ARLR	3	118	k141_530521_1	aminoglycoside	undefined	0.294496242	50.4	117	119	2.55e-35	1	NA
Tub.88-k141_227035_17-17..1137	Tub.88	Probable	RPOB2	17	1137	k141_227035_17	multidrug	BAD59497.1|FEATURES|rpoB2|multidrug|rpoB2	0.995364685	55.1	1216	1208	0	1	NA
Tub.13-k141_67006_1-35..325	Tub.13	Probable	TETA(48)	35	325	k141_67006_1	tetracycline	APB03214.1|FEATURES|tetA(48)|tetracycline|tetA(48)	0.864714101	51.4	292	295	5.47e-100	1	NA
Tub.13-k141_67006_1-35..325	Tub.13	Potential_loser	TETA(48)	35	325	k141_67006_1	aminoglycoside	undefined	0.10403489	51.4	292	295	5.47e-100	1	NA
Tub.85-k141_447209_9-3..159	Tub.85	Probable	VANZ	3	159	k141_447209_9	glycopeptide	gi:497301484:ref:WP_009615701.1:|FEATURES|vanZ|glycopeptide|vanZ	0.999997419	68.1	160	200	6.52e-67	1	NA
Tub.58-k141_419754_6-5..225	Tub.58	Probable	KDPE	5	225	k141_419754_6	aminoglycoside	NP_415222.1|FEATURES|kdpE|aminoglycoside|kdpE	0.988194436	63.6	225	299	3.33e-104	1	NA
Tub.26-k141_670701_12-47..301	Tub.26	Probable	MEXT	47	301	k141_670701_12	multidrug	gi:3646369:emb:CAA07694.1:|FEATURES|mexT|multidrug|mexT	0.999563053	53.1	256	241	2.26e-80	1	NA
Tub.104-k141_465492_2-20..175	Tub.104	Probable	AAC(6')-I	20	175	k141_465492_2	aminoglycoside	AB164230.1.gene1.p01|FEATURES|aac(6')-I|aminoglycoside|aac(6')-I	0.999634944	50	168	167	1.07e-53	1	NA
Tub.16-k141_42126_1-10..416	Tub.16	Potential	LRFA	10	416	k141_42126_1	fluoroquinolone	AAC43550.1|FEATURES|lrfA|fluoroquinolone|lrfA	0.345272837	52.1	407	386	2.26e-131	1	NA
Tub.16-k141_42126_1-10..416	Tub.16	Potential_loser	LRFA	10	416	k141_42126_1	tetracycline	undefined	0.150773236	52.1	407	386	2.26e-131	1	NA
Tub.30-k141_535732_2-20..119	Tub.30	Probable	BRP(MBL)	20	119	k141_535732_2	glycopeptide	YP_007652797.1|FEATURES|BRP(MBL)|glycopeptide|BRP(MBL)	0.982230001	62	100	133	3.16e-42	1	NA
Tub.12-k141_451375_3-1..109	Tub.12	Potential	RBPA	1	109	k141_451375_3	peptide	undefined	0.262488561	55	109	117	1.31e-35	1	NA
Tub.12-k141_451375_3-1..109	Tub.12	Potential_loser	RBPA	1	109	k141_451375_3	multidrug	undefined	0.228180259	55	109	117	1.31e-35	1	NA
Tub.94-k141_392880_2-19..355	Tub.94	Probable	EMRA	19	355	k141_392880_2	multidrug	gi:695720550:ref:WP_032648001.1:|FEATURES|emrA|multidrug|emrA	0.993670233	50.4	337	316	1.66e-106	1	NA
Tub.85-k141_497195_4-15..330	Tub.85	Probable	TETA(48)	15	330	k141_497195_4	tetracycline	APB03214.1|FEATURES|tetA(48)|tetracycline|tetA(48)	0.911237203	50.2	317	294	5.62e-99	1	NA
Tub.51-k141_13616_5-1..1025	Tub.51	Probable	MUXB	1	1025	k141_13616_5	multidrug	NP_251217.1|FEATURES|MuxB|multidrug|MuxB	0.836795055	51.9	1040	959	0	1	NA
Tub.51-k141_13616_5-1..1025	Tub.51	Potential_loser	MUXB	1	1025	k141_13616_5	aminoglycoside	undefined	0.046128764	51.9	1040	959	0	1	NA
Tub.82-k141_462885_1-1..110	Tub.82	Potential	TRUNCATED_PUTATIVE_RESPONSE_REGULATOR_ARLR	1	110	k141_462885_1	aminoglycoside	undefined	0.308405246	51.4	111	107	1.01e-31	1	NA
Tub.82-k141_462885_1-1..110	Tub.82	Potential_loser	TRUNCATED_PUTATIVE_RESPONSE_REGULATOR_ARLR	1	110	k141_462885_1	unclassified	NC_002745.1124086.p01|FEATURES|truncated_putative_response_regulator_ArlR|unclassified|truncated_putative_response_regulator_ArlR	0.270177408	51.4	111	107	1.01e-31	1	NA
Tub.88-k141_327019_1-3..118	Tub.88	Potential	TRUNCATED_PUTATIVE_RESPONSE_REGULATOR_ARLR	3	118	k141_327019_1	aminoglycoside	undefined	0.307233687	51.3	117	112	1.89e-33	1	NA
Tub.88-k141_327019_1-3..118	Tub.88	Potential_loser	TRUNCATED_PUTATIVE_RESPONSE_REGULATOR_ARLR	3	118	k141_327019_1	unclassified	NC_002745.1124086.p01|FEATURES|truncated_putative_response_regulator_ArlR|unclassified|truncated_putative_response_regulator_ArlR	0.277281851	51.3	117	112	1.89e-33	1	NA
Tub.31-k141_833529_2-5..160	Tub.31	Potential	DFRA3	5	160	k141_833529_2	peptide	undefined	0.298066453	50.6	162	157	3.70e-50	1	NA
Tub.31-k141_833529_2-5..160	Tub.31	Potential_loser	DFRA3	5	160	k141_833529_2	aminoglycoside	undefined	0.191906197	50.6	162	157	3.70e-50	1	NA
Tub.15-k141_83329_1-1..109	Tub.15	Potential	RBPA	1	109	k141_83329_1	peptide	undefined	0.253635413	50.5	109	105	4.70e-31	1	NA
Tub.15-k141_83329_1-1..109	Tub.15	Potential_loser	RBPA	1	109	k141_83329_1	multidrug	undefined	0.224235969	50.5	109	105	4.70e-31	1	NA
Tub.34-k141_133941_1-1..100	Tub.34	Potential	RBPA	1	100	k141_133941_1	peptide	undefined	0.253613562	53	100	102	5.14e-30	1	NA
Tub.34-k141_133941_1-1..100	Tub.34	Potential_loser	RBPA	1	100	k141_133941_1	multidrug	undefined	0.224230217	53	100	102	5.14e-30	1	NA
Tub.15-k141_404784_1-6..143	Tub.15	Probable	ADP-RIBOSYLATING_TRANSFERASE_ARR	6	143	k141_404784_1	rifamycin	AF001493.1.orf0.gene.p01|FEATURES|ADP-ribosylating_transferase_arr|rifamycin|ADP-ribosylating_transferase_arr	0.999137298	71.7	138	220	2.09e-75	1	NA
Tub.85-k141_676844_3-3..274	Tub.85	Potential	OXA	3	274	k141_676844_3	aminoglycoside	undefined	0.377981696	68	272	377	1.09e-133	1	NA
Tub.85-k141_676844_3-3..274	Tub.85	Potential_loser	OXA	3	274	k141_676844_3	peptide	undefined	0.233109476	68	272	377	1.09e-133	1	NA
Tub.105-k141_99510_1-22..226	Tub.105	Potential	MTRA	22	226	k141_99510_1	aminoglycoside	undefined	0.551818418	72.7	205	305	4.75e-107	1	NA
Tub.105-k141_99510_1-22..226	Tub.105	Potential_loser	MTRA	22	226	k141_99510_1	multidrug	CCP46065.1|FEATURES|mtrA|multidrug|mtrA	0.26715216	72.7	205	305	4.75e-107	1	NA
Tub.83-k141_730517_6-1..1017	Tub.83	Potential	MDTC	1	1017	k141_730517_6	multidrug	gi:545142697:ref:WP_021501376.1:|FEATURES|mdtC|multidrug|mdtC	0.538883068	57.2	1020	1056	0	1	NA
Tub.83-k141_730517_6-1..1017	Tub.83	Potential_loser	MDTC	1	1017	k141_730517_6	aminocoumarin	gi:545142697:ref:WP_021501376.1:|FEATURES|mdtC|multidrug|mdtC	0.450864426	57.2	1020	1056	0	1	NA
Tub.51-k141_316965_2-3..140	Tub.51	Potential	DFRA3	3	140	k141_316965_2	peptide	undefined	0.300650896	51.4	138	153	1.15e-48	1	NA
Tub.51-k141_316965_2-3..140	Tub.51	Potential_loser	DFRA3	3	140	k141_316965_2	aminoglycoside	undefined	0.18938683	51.4	138	153	1.15e-48	1	NA
Tub.12-k141_423001_2-27..196	Tub.12	Potential	COB(I)ALAMIN_ADENOLSYLTRANSFERASE	27	196	k141_423001_2	unclassified	gi:485791166:ref:WP_001413069.1:|FEATURES|cob(I)alamin_adenolsyltransferase|unclassified|cob(I)alamin_adenolsyltransferase	0.247862386	51.7	172	188	2.97e-61	1	NA
Tub.12-k141_423001_2-27..196	Tub.12	Potential_loser	COB(I)ALAMIN_ADENOLSYLTRANSFERASE	27	196	k141_423001_2	peptide	undefined	0.206065221	51.7	172	188	2.97e-61	1	NA
Tub.18-k141_473112_2-3..181	Tub.18	Probable	AAC(2')-I	3	181	k141_473112_2	aminoglycoside	YP_001848841|FEATURES|aac(2')-I|aminoglycoside|aac(2')-I	0.999998364	55.3	179	205	1.20e-68	1	NA
Tub.30-k141_629363_8-11..240	Tub.30	Potential	SHV	11	240	k141_629363_8	aminoglycoside	undefined	0.441782579	50.2	231	206	1.02e-66	1	NA
Tub.30-k141_629363_8-11..240	Tub.30	Potential_loser	SHV	11	240	k141_629363_8	peptide	undefined	0.163529045	50.2	231	206	1.02e-66	1	NA
Tub.51-k141_162880_2-55..366	Tub.51	Potential	ACRA	55	366	k141_162880_2	multidrug	gi:874366274:gb:KMT76179.1:|FEATURES|acrA|multidrug|acrA	0.475150221	50	314	273	2.18e-88	1	NA
Tub.51-k141_162880_2-55..366	Tub.51	Potential_loser	ACRA	55	366	k141_162880_2	aminoglycoside	undefined	0.204229344	50	314	273	2.18e-88	1	NA
Tub.18-k141_428776_1-31..205	Tub.18	Potential	TRANSCRIPTIONAL_REGULATORY_PROTEIN_CPXR_CPXR	31	205	k141_428776_1	unclassified	CP001918.1.gene5135.p01|FEATURES|transcriptional_regulatory_protein_CpxR_cpxR|unclassified|transcriptional_regulatory_protein_CpxR_cpxR	0.448878377	50.3	175	170	1.76e-54	1	NA
Tub.18-k141_428776_1-31..205	Tub.18	Potential_loser	TRANSCRIPTIONAL_REGULATORY_PROTEIN_CPXR_CPXR	31	205	k141_428776_1	peptide	undefined	0.208339403	50.3	175	170	1.76e-54	1	NA
Tub.31-k141_336972_1-32..322	Tub.31	Probable	TETA(48)	32	322	k141_336972_1	tetracycline	APB03214.1|FEATURES|tetA(48)|tetracycline|tetA(48)	0.997216682	52.2	297	273	9.55e-91	1	NA
Tub.82-k141_174026_1-1..109	Tub.82	Potential	RBPA	1	109	k141_174026_1	peptide	undefined	0.255728046	52.3	109	114	1.07e-34	1	NA
Tub.82-k141_174026_1-1..109	Tub.82	Potential_loser	RBPA	1	109	k141_174026_1	multidrug	undefined	0.224952846	52.3	109	114	1.07e-34	1	NA
Tub.18-k141_171736_62-24..1153	Tub.18	Probable	RPOB2	24	1153	k141_171736_62	multidrug	BAD59497.1|FEATURES|rpoB2|multidrug|rpoB2	0.995364685	71.4	1146	1600	0	1	NA
Tub.59-k141_326053_3-7..520	Tub.59	Potential	EMRB-QACA_FAMILY_MAJOR_FACILITATOR_TRANSPORTER	7	520	k141_326053_3	peptide	undefined	0.45005439	57.2	514	614	2.49e-219	1	NA
Tub.59-k141_326053_3-7..520	Tub.59	Potential_loser	EMRB-QACA_FAMILY_MAJOR_FACILITATOR_TRANSPORTER	7	520	k141_326053_3	tetracycline	undefined	0.133083864	57.2	514	614	2.49e-219	1	NA
Tub.85-k141_13232_2-74..393	Tub.85	Probable	TETA	74	393	k141_13232_2	tetracycline	gi:947880287:ref:WP_056540658.1:|FEATURES|tetA|tetracycline|tetA	0.835665845	53.4	320	342	2.55e-117	1	NA
Tub.85-k141_13232_2-74..393	Tub.85	Potential_loser	TETA	74	393	k141_13232_2	aminoglycoside	undefined	0.068830052	53.4	320	342	2.55e-117	1	NA
Tub.104-k141_237463_2-36..171	Tub.104	Probable	ERM(37)	36	171	k141_237463_2	MLS	CCP44758.1|FEATURES|Erm(37)|MLS|Erm(37)	0.996084695	52.1	144	128	8.81e-39	1	NA
Tub.16-k141_974866_3-57..291	Tub.16	Potential	BACA	57	291	k141_974866_3	multidrug	undefined	0.30635397	62.1	235	278	6.12e-95	1	NA
Tub.16-k141_974866_3-57..291	Tub.16	Potential_loser	BACA	57	291	k141_974866_3	fluoroquinolone	undefined	0.300596025	62.1	235	278	6.12e-95	1	NA
Tub.83-k141_871465_1-1..123	Tub.83	Potential	TRUNCATED_PUTATIVE_RESPONSE_REGULATOR_ARLR	1	123	k141_871465_1	aminoglycoside	undefined	0.303015742	50.8	124	113	2.07e-33	1	NA
Tub.83-k141_871465_1-1..123	Tub.83	Potential_loser	TRUNCATED_PUTATIVE_RESPONSE_REGULATOR_ARLR	1	123	k141_871465_1	unclassified	NC_002745.1124086.p01|FEATURES|truncated_putative_response_regulator_ArlR|unclassified|truncated_putative_response_regulator_ArlR	0.297503535	50.8	124	113	2.07e-33	1	NA
Tub.82-k141_517953_1-4..223	Tub.82	Probable	VANR	4	223	k141_517953_1	glycopeptide	KF478993.1.gene8.p01|FEATURES|vanR|glycopeptide|vanR	0.999987973	55.9	220	242	7.57e-82	1	NA
Tub.85-k141_3869_4-1..126	Tub.85	Probable	GOLS	1	126	k141_3869_4	multidrug	NP_459349.1|FEATURES|golS|multidrug|golS	0.994705217	54	126	129	2.65e-39	1	NA
Tub.83-k141_316176_3-7..286	Tub.83	Potential	SUL4	7	286	k141_316176_3	multidrug	undefined	0.266999169	50.2	283	255	5.99e-85	1	NA
Tub.83-k141_316176_3-7..286	Tub.83	Potential_loser	SUL4	7	286	k141_316176_3	peptide	undefined	0.216087245	50.2	283	255	5.99e-85	1	NA
Tub.83-k141_912166_1-37..224	Tub.83	Potential	MTRA	37	224	k141_912166_1	aminoglycoside	undefined	0.457190694	50.3	191	181	4.09e-58	1	NA
Tub.83-k141_912166_1-37..224	Tub.83	Potential_loser	MTRA	37	224	k141_912166_1	multidrug	CCP46065.1|FEATURES|mtrA|multidrug|mtrA	0.275480912	50.3	191	181	4.09e-58	1	NA
Tub.31-k141_813207_1-3..119	Tub.31	Potential	TRUNCATED_PUTATIVE_RESPONSE_REGULATOR_ARLR	3	119	k141_813207_1	unclassified	NC_002745.1124086.p01|FEATURES|truncated_putative_response_regulator_ArlR|unclassified|truncated_putative_response_regulator_ArlR	0.323263069	51.3	117	130	4.93e-39	1	NA
Tub.31-k141_813207_1-3..119	Tub.31	Potential_loser	TRUNCATED_PUTATIVE_RESPONSE_REGULATOR_ARLR	3	119	k141_813207_1	aminoglycoside	undefined	0.295792092	51.3	117	130	4.93e-39	1	NA
Tub.58-k141_38423_2-55..500	Tub.58	Potential	EMRB	55	500	k141_38423_2	peptide	undefined	0.473692524	50.6	447	437	5.79e-151	1	NA
Tub.58-k141_38423_2-55..500	Tub.58	Potential_loser	EMRB	55	500	k141_38423_2	aminoglycoside	undefined	0.087888646	50.6	447	437	5.79e-151	1	NA
Tub.59-k141_561769_1-1..380	Tub.59	Probable	ROSA	1	380	k141_561769_1	fosmidomycin	ZP_04623896|FEATURES|rosA|fosmidomycin|rosA	0.999274644	66.9	381	503	1.15e-179	1	NA
Tub.58-k141_437475_2-4..81	Tub.58	Probable	TRUNCATED_PUTATIVE_RESPONSE_REGULATOR_ARLR	4	81	k141_437475_2	unclassified	NC_002745.3251084.p01|FEATURES|truncated_putative_response_regulator_ArlR|unclassified|truncated_putative_response_regulator_ArlR	0.907569824	55.1	78	90.5	4.98e-24	1	NA
Tub.10-k141_497150_1-5..133	Tub.10	Probable	ARR-4	5	133	k141_497150_1	rifamycin	ABV26705.1|FEATURES|arr-4|rifamycin|arr-4	0.999332995	56.6	129	167	8.86e-55	1	NA
Tub.58-k141_179842_3-3..528	Tub.58	Potential	TAEA	3	528	k141_179842_3	multidrug	undefined	0.632878878	51.3	526	515	6.95e-179	1	NA
Tub.58-k141_179842_3-3..528	Tub.58	Potential_loser	TAEA	3	528	k141_179842_3	aminoglycoside	undefined	0.068075882	51.3	526	515	6.95e-179	1	NA
Tub.105-k141_60216_1-1..136	Tub.105	Potential	ADP-RIBOSYLATING_TRANSFERASE_ARR	1	136	k141_60216_1	multidrug	AL939114.1.orf1.gene.p01|FEATURES|ADP-ribosylating_transferase_arr|rifamycin|ADP-ribosylating_transferase_arr	0.379024452	71.4	140	197	1.31e-66	1	NA
Tub.105-k141_60216_1-1..136	Tub.105	Potential_loser	ADP-RIBOSYLATING_TRANSFERASE_ARR	1	136	k141_60216_1	peptide	AL939114.1.orf1.gene.p01|FEATURES|ADP-ribosylating_transferase_arr|rifamycin|ADP-ribosylating_transferase_arr	0.144434436	71.4	140	197	1.31e-66	1	NA
Tub.104-k141_462759_1-32..171	Tub.104	Probable	ERM(37)	32	171	k141_462759_1	MLS	CCP44758.1|FEATURES|Erm(37)|MLS|Erm(37)	0.999998728	58.4	149	162	2.49e-52	1	NA
Tub.31-k141_708936_2-1..380	Tub.31	Probable	ROSA	1	380	k141_708936_2	fosmidomycin	ZP_04623896|FEATURES|rosA|fosmidomycin|rosA	0.999226405	72.4	380	535	1.11e-191	1	NA
Tub.105-k141_160617_26-1..106	Tub.105	Potential	RBPA	1	106	k141_160617_26	peptide	undefined	0.255784083	53.3	107	119	1.47e-36	1	NA
Tub.105-k141_160617_26-1..106	Tub.105	Potential_loser	RBPA	1	106	k141_160617_26	multidrug	undefined	0.224968729	53.3	107	119	1.47e-36	1	NA
Tub.85-k141_187897_3-26..281	Tub.85	Potential	TLA-1	26	281	k141_187897_3	beta-lactam	AAD37403.1|FEATURES|TLA-1|beta-lactam|TLA-1	0.427395165	52.3	256	278	5.67e-94	1	NA
Tub.85-k141_187897_3-26..281	Tub.85	Potential_loser	TLA-1	26	281	k141_187897_3	aminoglycoside	undefined	0.269399195	52.3	256	278	5.67e-94	1	NA
Tub.34-k141_289272_1-20..150	Tub.34	Probable	ARR-4	20	150	k141_289272_1	rifamycin	ABV26705.1|FEATURES|arr-4|rifamycin|arr-4	0.999666709	60.1	138	169	1.73e-55	1	NA
Tub.13-k141_273529_2-24..127	Tub.13	Potential	TRUNCATED_PUTATIVE_RESPONSE_REGULATOR_ARLR	24	127	k141_273529_2	aminoglycoside	undefined	0.304649617	52.3	109	115	2.75e-34	1	NA
Tub.13-k141_273529_2-24..127	Tub.13	Potential_loser	TRUNCATED_PUTATIVE_RESPONSE_REGULATOR_ARLR	24	127	k141_273529_2	unclassified	NC_002745.1124086.p01|FEATURES|truncated_putative_response_regulator_ArlR|unclassified|truncated_putative_response_regulator_ArlR	0.29051538	52.3	109	115	2.75e-34	1	NA
Tub.31-k141_778846_5-11..512	Tub.31	Probable	EMRB	11	512	k141_778846_5	multidrug	gi:447110037:ref:WP_001187293.1:|FEATURES|emrB|multidrug|emrB	0.931485739	50.3	505	489	8.27e-170	1	NA
Tub.59-k141_228584_24-2..1124	Tub.59	Probable	RPOB2	2	1124	k141_228584_24	multidrug	BAD59497.1|FEATURES|rpoB2|multidrug|rpoB2	0.995364685	58.7	1168	1254	0	1	NA
Tub.15-k141_157567_1-23..228	Tub.15	Potential	MTRA	23	228	k141_157567_1	aminoglycoside	undefined	0.543955818	74.8	210	315	5.89e-111	1	NA
Tub.15-k141_157567_1-23..228	Tub.15	Potential_loser	MTRA	23	228	k141_157567_1	multidrug	CCP46065.1|FEATURES|mtrA|multidrug|mtrA	0.268185906	74.8	210	315	5.89e-111	1	NA
Tub.31-k141_667907_2-25..272	Tub.31	Probable	BACA	25	272	k141_667907_2	bacitracin	YP_002890644|FEATURES|bacA|bacitracin|bacA	0.944834053	59.7	248	298	9.25e-103	1	NA
Tub.31-k141_457387_8-1..109	Tub.31	Potential	RBPA	1	109	k141_457387_8	peptide	undefined	0.261975718	50.9	114	98.2	3.84e-28	1	NA
Tub.31-k141_457387_8-1..109	Tub.31	Potential_loser	RBPA	1	109	k141_457387_8	multidrug	undefined	0.227885244	50.9	114	98.2	3.84e-28	1	NA
Tub.85-k141_529131_1-12..118	Tub.85	Potential	TRUNCATED_PUTATIVE_RESPONSE_REGULATOR_ARLR	12	118	k141_529131_1	unclassified	NC_002745.1124086.p01|FEATURES|truncated_putative_response_regulator_ArlR|unclassified|truncated_putative_response_regulator_ArlR	0.31319892	56.5	108	120	1.44e-35	1	NA
Tub.85-k141_529131_1-12..118	Tub.85	Potential_loser	TRUNCATED_PUTATIVE_RESPONSE_REGULATOR_ARLR	12	118	k141_529131_1	aminoglycoside	undefined	0.29882179	56.5	108	120	1.44e-35	1	NA
Tub.4-k141_443705_2-16..152	Tub.4	Probable	AAC(3)-I	16	152	k141_443705_2	aminoglycoside	AJ511268.1.gene3.p01|FEATURES|aac(3)-I|aminoglycoside|aac(3)-I	0.999967248	58.4	137	159	3.34e-51	1	NA
Tub.83-k141_144717_1-20..225	Tub.83	Potential	JOHN-1	20	225	k141_144717_1	aminoglycoside	undefined	0.277822739	57.8	206	264	1.95e-90	1	NA
Tub.83-k141_144717_1-20..225	Tub.83	Potential_loser	JOHN-1	20	225	k141_144717_1	multidrug	undefined	0.246536913	57.8	206	264	1.95e-90	1	NA
Tub.83-k141_146944_1-2..126	Tub.83	Probable	GOLS	2	126	k141_146944_1	multidrug	NP_459349.1|FEATURES|golS|multidrug|golS	0.99655252	58.4	125	142	1.23e-44	1	NA
Tub.4-k141_191176_2-8..210	Tub.4	Probable	MEXL	8	210	k141_191176_2	multidrug	NP_252368.1|FEATURES|MexL|multidrug|MexL	0.994769086	50.7	203	173	7.53e-55	1	NA
Tub.82-k141_134023_2-1..308	Tub.82	Probable	TETA(48)	1	308	k141_134023_2	tetracycline	APB03214.1|FEATURES|tetA(48)|tetracycline|tetA(48)	0.997140303	53.5	316	307	1.89e-104	1	NA
Tub.59-k141_293209_1-31..199	Tub.59	Potential	VEB-1	31	199	k141_293209_1	aminoglycoside	undefined	0.248311778	54.1	170	191	3.98e-63	1	NA
Tub.59-k141_293209_1-31..199	Tub.59	Potential_loser	VEB-1	31	199	k141_293209_1	peptide	undefined	0.198368966	54.1	170	191	3.98e-63	1	NA
Tub.82-k141_169124_17-14..321	Tub.82	Probable	TETA(48)	14	321	k141_169124_17	tetracycline	APB03214.1|FEATURES|tetA(48)|tetracycline|tetA(48)	0.996870574	50.2	309	299	9.34e-101	1	NA
Tub.59-k141_568458_4-8..153	Tub.59	Probable	AAC(6')-I	8	153	k141_568458_4	aminoglycoside	AF140221.1.gene1.p1|FEATURES|aac(6')-I|aminoglycoside|aac(6')-I	0.997333906	53.3	150	140	9.48e-44	1	NA
Tub.85-k141_235615_4-18..235	Tub.85	Potential	JOHN-1	18	235	k141_235615_4	aminoglycoside	undefined	0.278962248	58.7	218	283	1.99e-97	1	NA
Tub.85-k141_235615_4-18..235	Tub.85	Potential_loser	JOHN-1	18	235	k141_235615_4	multidrug	undefined	0.243666947	58.7	218	283	1.99e-97	1	NA
Tub.99-k141_161112_1-49..227	Tub.99	Potential	MTRA	49	227	k141_161112_1	aminoglycoside	undefined	0.415493931	51.1	184	167	1.11e-52	1	NA
Tub.99-k141_161112_1-49..227	Tub.99	Potential_loser	MTRA	49	227	k141_161112_1	multidrug	CCP46065.1|FEATURES|mtrA|multidrug|mtrA	0.275811536	51.1	184	167	1.11e-52	1	NA
Tub.82-k141_330620_3-1..126	Tub.82	Probable	GOLS	1	126	k141_330620_3	multidrug	NP_459349.1|FEATURES|golS|multidrug|golS	0.996168714	54	126	138	3.10e-43	1	NA
Tub.58-k141_464033_2-4..237	Tub.58	Potential	BACA	4	237	k141_464033_2	multidrug	undefined	0.408983213	51.1	237	216	8.91e-71	1	NA
Tub.58-k141_464033_2-4..237	Tub.58	Potential_loser	BACA	4	237	k141_464033_2	fluoroquinolone	undefined	0.254833146	51.1	237	216	8.91e-71	1	NA
Tub.83-k141_550991_2-6..78	Tub.83	Probable	TRUNCATED_PUTATIVE_RESPONSE_REGULATOR_ARLR	6	78	k141_550991_2	unclassified	NC_002745.3251084.p01|FEATURES|truncated_putative_response_regulator_ArlR|unclassified|truncated_putative_response_regulator_ArlR	0.838830538	50	74	73.6	1.69e-17	1	NA
Tub.83-k141_550991_2-6..78	Tub.83	Potential_loser	TRUNCATED_PUTATIVE_RESPONSE_REGULATOR_ARLR	6	78	k141_550991_2	peptide	undefined	0.081726504	50	74	73.6	1.69e-17	1	NA
Tub.88-k141_325171_4-14..133	Tub.88	Probable	ADP-RIBOSYLATING_TRANSFERASE_ARR	14	133	k141_325171_4	rifamycin	AF001493.1.orf0.gene.p01|FEATURES|ADP-ribosylating_transferase_arr|rifamycin|ADP-ribosylating_transferase_arr	0.999363623	59.2	120	155	5.86e-50	1	NA
Tub.82-k141_427742_1-4..246	Tub.82	Potential	BCRA	4	246	k141_427742_1	multidrug	undefined	0.288307793	50.2	245	224	2.01e-73	1	NA
Tub.82-k141_427742_1-4..246	Tub.82	Potential_loser	BCRA	4	246	k141_427742_1	peptide	undefined	0.169893146	50.2	245	224	2.01e-73	1	NA
Tub.83-k141_413821_1-5..81	Tub.83	Probable	TRUNCATED_PUTATIVE_RESPONSE_REGULATOR_ARLR	5	81	k141_413821_1	unclassified	NC_002745.3251084.p01|FEATURES|truncated_putative_response_regulator_ArlR|unclassified|truncated_putative_response_regulator_ArlR	0.878722276	51.9	77	80.1	7.00e-21	1	NA
Tub.83-k141_413821_1-5..81	Tub.83	Potential_loser	TRUNCATED_PUTATIVE_RESPONSE_REGULATOR_ARLR	5	81	k141_413821_1	peptide	undefined	0.062691667	51.9	77	80.1	7.00e-21	1	NA
Tub.82-k141_203547_3-1..107	Tub.82	Potential	ABES	1	107	k141_203547_3	aminoglycoside	NC_010410.6003348.p01|FEATURES|abeS|multidrug|abeS	0.484635637	56.1	107	116	1.10e-35	1	disinfecting agents and antiseptics
Tub.82-k141_203547_3-1..107	Tub.82	Potential_loser	ABES	1	107	k141_203547_3	peptide	undefined	0.162092494	56.1	107	116	1.10e-35	1	disinfecting agents and antiseptics
Tub.16-k141_402815_1-1..95	Tub.16	Potential	RBPA	1	95	k141_402815_1	peptide	undefined	0.253903226	61.5	96	112	1.87e-33	1	NA
Tub.16-k141_402815_1-1..95	Tub.16	Potential_loser	RBPA	1	95	k141_402815_1	multidrug	undefined	0.224316497	61.5	96	112	1.87e-33	1	NA
Tub.58-k141_402590_4-1..280	Tub.58	Potential	BACA	1	280	k141_402590_4	peptide	undefined	0.273015893	57.5	280	279	4.76e-95	1	NA
Tub.58-k141_402590_4-1..280	Tub.58	Potential_loser	BACA	1	280	k141_402590_4	multidrug	undefined	0.225436924	57.5	280	279	4.76e-95	1	NA
Tub.105-k141_22279_2-4..127	Tub.105	Potential	ADP-RIBOSYLATING_TRANSFERASE_ARR	4	127	k141_22279_2	multidrug	undefined	0.390441077	59.7	124	154	1.72e-49	1	NA
Tub.105-k141_22279_2-4..127	Tub.105	Potential_loser	ADP-RIBOSYLATING_TRANSFERASE_ARR	4	127	k141_22279_2	peptide	undefined	0.143660003	59.7	124	154	1.72e-49	1	NA
Tub.12-k141_483658_4-10..112	Tub.12	Probable	EMRE	10	112	k141_483658_4	multidrug	gi:806820541:emb:CQD09651.1:|FEATURES|emrE|multidrug|emrE	0.912511241	50.5	103	77	4.80e-20	1	NA
Tub.10-k141_609927_3-7..225	Tub.10	Potential	MTRA	7	225	k141_609927_3	aminoglycoside	undefined	0.457391835	50.7	223	210	5.62e-69	1	NA
Tub.10-k141_609927_3-7..225	Tub.10	Potential_loser	MTRA	7	225	k141_609927_3	multidrug	CCP46065.1|FEATURES|mtrA|multidrug|mtrA	0.275473104	50.7	223	210	5.62e-69	1	NA
Tub.105-k141_106420_1-7..81	Tub.105	Probable	TRUNCATED_PUTATIVE_RESPONSE_REGULATOR_ARLR	7	81	k141_106420_1	unclassified	NC_002745.3251084.p01|FEATURES|truncated_putative_response_regulator_ArlR|unclassified|truncated_putative_response_regulator_ArlR	0.89196272	51.3	76	71.6	2.12e-18	1	NA
Tub.105-k141_106420_1-7..81	Tub.105	Potential_loser	TRUNCATED_PUTATIVE_RESPONSE_REGULATOR_ARLR	7	81	k141_106420_1	peptide	undefined	0.056179195	51.3	76	71.6	2.12e-18	1	NA
Tub.64-k141_416484_1-26..210	Tub.64	Probable	VANR	26	210	k141_416484_1	glycopeptide	gi:953999146:ref:WP_058083598.1:|FEATURES|vanR|glycopeptide|vanR	0.999935237	52.4	185	174	7.79e-56	1	NA
Tub.85-k141_356601_1-20..231	Tub.85	Probable	OMPR	20	231	k141_356601_1	multidrug	gi:909830386:gb:AKU13184.1:|FEATURES|ompR|multidrug|ompR	0.995659317	52.4	212	206	1.65e-67	1	NA
Tub.85-k141_690217_1-36..329	Tub.85	Probable	TETA(48)	36	329	k141_690217_1	tetracycline	APB03214.1|FEATURES|tetA(48)|tetracycline|tetA(48)	0.901791569	52	296	285	5.03e-96	1	NA
Tub.104-k141_427551_3-3..312	Tub.104	Potential	OLEC	3	312	k141_427551_3	tetracycline	undefined	0.896143015	54.6	313	310	3.88e-105	1	NA
Tub.104-k141_427551_3-3..312	Tub.104	Potential_loser	OLEC	3	312	k141_427551_3	MLS	AAA26793|FEATURES|oleC|MLS|oleC	0.070326886	54.6	313	310	3.88e-105	1	NA
Tub.51-k141_230273_2-50..512	Tub.51	Probable	EMRB	50	512	k141_230273_2	multidrug	gi:828164785:ref:WP_047255785.1:|FEATURES|emrB|multidrug|emrB	0.985471778	51.2	463	471	6.58e-164	1	NA
Tub.64-k141_180177_3-4..228	Tub.64	Potential	MTRA	4	228	k141_180177_3	aminoglycoside	undefined	0.591164137	73.8	229	340	4.54e-120	1	NA
Tub.64-k141_180177_3-4..228	Tub.64	Potential_loser	MTRA	4	228	k141_180177_3	multidrug	CCP46065.1|FEATURES|mtrA|multidrug|mtrA	0.261294015	73.8	229	340	4.54e-120	1	NA
Tub.83-k141_157229_2-7..150	Tub.83	Probable	ARR-4	7	150	k141_157229_2	rifamycin	ABV26705.1|FEATURES|arr-4|rifamycin|arr-4	0.999796675	59	144	190	1.89e-63	1	NA
Tub.110-k141_142595_2-4..120	Tub.110	Potential	TRUNCATED_PUTATIVE_RESPONSE_REGULATOR_ARLR	4	120	k141_142595_2	unclassified	NC_002745.1124086.p01|FEATURES|truncated_putative_response_regulator_ArlR|unclassified|truncated_putative_response_regulator_ArlR	0.339683123	50	118	117	4.65e-35	1	NA
Tub.110-k141_142595_2-4..120	Tub.110	Potential_loser	TRUNCATED_PUTATIVE_RESPONSE_REGULATOR_ARLR	4	120	k141_142595_2	aminoglycoside	undefined	0.290610114	50	118	117	4.65e-35	1	NA
Tub.64-k141_194617_1-30..163	Tub.64	Potential	CAMP-REGULATORY_PROTEIN	30	163	k141_194617_1	unclassified	CP004022.1.gene2827.p01|FEATURES|cAMP-regulatory_protein|unclassified|cAMP-regulatory_protein	0.335161027	53	134	156	7.68e-50	1	NA
Tub.64-k141_194617_1-30..163	Tub.64	Potential_loser	CAMP-REGULATORY_PROTEIN	30	163	k141_194617_1	aminoglycoside	undefined	0.191408604	53	134	156	7.68e-50	1	NA
Tub.104-k141_566614_4-1..217	Tub.104	Probable	VANR	1	217	k141_566614_4	glycopeptide	gi:943675889:ref:WP_055502070.1:|FEATURES|vanR|glycopeptide|vanR	0.999972326	52.1	217	221	1.14e-73	1	NA
Tub.30-k141_281278_2-4..120	Tub.30	Potential	TRUNCATED_PUTATIVE_RESPONSE_REGULATOR_ARLR	4	120	k141_281278_2	aminoglycoside	undefined	0.307709094	50.4	119	111	9.55e-32	1	NA
Tub.30-k141_281278_2-4..120	Tub.30	Potential_loser	TRUNCATED_PUTATIVE_RESPONSE_REGULATOR_ARLR	4	120	k141_281278_2	unclassified	NC_002745.1124086.p01|FEATURES|truncated_putative_response_regulator_ArlR|unclassified|truncated_putative_response_regulator_ArlR	0.27450989	50.4	119	111	9.55e-32	1	NA
Tub.23-k141_99701_1-1..130	Tub.23	Probable	GOLS	1	130	k141_99701_1	multidrug	NP_459349.1|FEATURES|golS|multidrug|golS	0.995943085	54.6	130	139	1.83e-43	1	NA
Tub.51-k141_331642_1-5..502	Tub.51	Potential	EMRB	5	502	k141_331642_1	diaminopyrimidine	undefined	0.439747847	51.8	498	509	1.86e-178	1	NA
Tub.51-k141_331642_1-5..502	Tub.51	Potential_loser	EMRB	5	502	k141_331642_1	antibacterial_free_fatty_acids	undefined	0.219128138	51.8	498	509	1.86e-178	1	NA
Tub.105-k141_363223_3-1..111	Tub.105	Potential	RBPA	1	111	k141_363223_3	peptide	undefined	0.253054635	50	112	107	1.75e-31	1	NA
Tub.105-k141_363223_3-1..111	Tub.105	Potential_loser	RBPA	1	111	k141_363223_3	multidrug	undefined	0.224076558	50	112	107	1.75e-31	1	NA
Tub.1-k141_241854_2-17..225	Tub.1	Probable	KDPE	17	225	k141_241854_2	aminoglycoside	NP_415222.1|FEATURES|kdpE|aminoglycoside|kdpE	0.987676637	63.4	213	281	2.95e-97	1	NA
Tub.51-k141_202389_1-3..1025	Tub.51	Potential	MEXK	3	1025	k141_202389_1	triclosan	undefined	0.791963361	71.5	1051	1427	0	1	NA
Tub.51-k141_202389_1-3..1025	Tub.51	Potential_loser	MEXK	3	1025	k141_202389_1	multidrug	AAG07064.1|FEATURES|MexK|multidrug|MexK	0.080439289	71.5	1051	1427	0	1	NA
Tub.30-k141_572324_7-1..1025	Tub.30	Potential	MUXB	1	1025	k141_572324_7	aminocoumarin	NP_251217.1|FEATURES|MuxB|multidrug|MuxB	0.695278502	60.6	1026	1184	0	1	NA
Tub.30-k141_572324_7-1..1025	Tub.30	Potential_loser	MUXB	1	1025	k141_572324_7	multidrug	NP_251217.1|FEATURES|MuxB|multidrug|MuxB	0.290582779	60.6	1026	1184	0	1	NA
Tub.94-k141_173196_1-36..275	Tub.94	Probable	BACA	36	275	k141_173196_1	bacitracin	YP_981592|FEATURES|bacA|bacitracin|bacA	0.97334761	61.3	240	298	5.12e-103	1	NA
Tub.88-k141_286528_1-1..130	Tub.88	Probable	GOLS	1	130	k141_286528_1	multidrug	NP_459349.1|FEATURES|golS|multidrug|golS	0.995081787	50	130	131	1.82e-40	1	NA
Tub.31-k141_305298_3-13..323	Tub.31	Potential	EMRA	13	323	k141_305298_3	multidrug	gi:740320274:ref:WP_038157440.1:|FEATURES|emrA|multidrug|emrA	0.495892813	50	312	278	6.74e-92	1	NA
Tub.31-k141_305298_3-13..323	Tub.31	Potential_loser	EMRA	13	323	k141_305298_3	peptide	undefined	0.112209339	50	312	278	6.74e-92	1	NA
Tub.31-k141_592666_6-34..376	Tub.31	Potential	MEXE	34	376	k141_592666_6	multidrug	gi:759552006:ref:WP_043271822.1:|FEATURES|mexE|multidrug|mexE	0.773271661	51	345	317	1.42e-105	1	NA
Tub.31-k141_592666_6-34..376	Tub.31	Potential_loser	MEXE	34	376	k141_592666_6	aminoglycoside	undefined	0.09853845	51	345	317	1.42e-105	1	NA
Tub.18-k141_538630_3-18..120	Tub.18	Potential	EMRE	18	120	k141_538630_3	multidrug	gi:808575916:emb:CPR13135.1:|FEATURES|emrE|multidrug|emrE	0.767573252	50.5	103	83.2	2.26e-22	1	NA
Tub.18-k141_538630_3-18..120	Tub.18	Potential_loser	EMRE	18	120	k141_538630_3	fluoroquinolone	undefined	0.180071748	50.5	103	83.2	2.26e-22	1	NA
Tub.94-k141_295090_1-5..184	Tub.94	Probable	KDPE	5	184	k141_295090_1	aminoglycoside	NP_415222.1|FEATURES|kdpE|aminoglycoside|kdpE	0.98693899	65.7	181	238	9.42e-81	1	NA
Tub.31-k141_583118_3-51..388	Tub.31	Potential	MDTA	51	388	k141_583118_3	multidrug	CP001918.1.gene3439.p01|FEATURES|mdtA|multidrug|mdtA	0.384353924	51	341	319	2.48e-106	1	NA
Tub.31-k141_583118_3-51..388	Tub.31	Potential_loser	MDTA	51	388	k141_583118_3	peptide	undefined	0.160860357	51	341	319	2.48e-106	1	NA
Tub.94-k141_194035_2-11..498	Tub.94	Potential	EMRB	11	498	k141_194035_2	peptide	undefined	0.351442504	50.7	489	481	1.08e-166	1	NA
Tub.94-k141_194035_2-11..498	Tub.94	Potential_loser	EMRB	11	498	k141_194035_2	diaminopyrimidine	undefined	0.271805864	50.7	489	481	1.08e-166	1	NA
Tub.59-k141_509342_2-4..225	Tub.59	Probable	KDPE	4	225	k141_509342_2	aminoglycoside	NP_415222.1|FEATURES|kdpE|aminoglycoside|kdpE	0.98688664	62.1	224	286	3.21e-99	1	NA
Tub.12-k141_544755_2-7..150	Tub.12	Probable	AAC(3)-I	7	150	k141_544755_2	aminoglycoside	AJ511268.1.gene3.p01|FEATURES|aac(3)-I|aminoglycoside|aac(3)-I	0.999999895	62.5	144	181	9.81e-60	1	NA
Tub.10-k141_610963_2-5..228	Tub.10	Potential	MTRA	5	228	k141_610963_2	aminoglycoside	undefined	0.591164137	75.4	228	342	5.33e-121	1	NA
Tub.10-k141_610963_2-5..228	Tub.10	Potential_loser	MTRA	5	228	k141_610963_2	multidrug	CCP46065.1|FEATURES|mtrA|multidrug|mtrA	0.261294015	75.4	228	342	5.33e-121	1	NA
Tub.70-k141_241562_1-38..161	Tub.70	Potential	CAMP-REGULATORY_PROTEIN	38	161	k141_241562_1	peptide	undefined	0.237506928	50.4	129	134	1.27e-41	1	NA
Tub.70-k141_241562_1-38..161	Tub.70	Potential_loser	CAMP-REGULATORY_PROTEIN	38	161	k141_241562_1	aminoglycoside	undefined	0.190531167	50.4	129	134	1.27e-41	1	NA
Tub.82-k141_166699_6-12..402	Tub.82	Probable	ROSA	12	402	k141_166699_6	fosmidomycin	YP_001605796|FEATURES|rosA|fosmidomycin|rosA	0.999031889	64.6	393	478	4.84e-169	1	NA
Tub.11-k141_383061_3-7..150	Tub.11	Probable	ARR-4	7	150	k141_383061_3	rifamycin	ABV26705.1|FEATURES|arr-4|rifamycin|arr-4	0.999739055	59.7	144	195	1.99e-65	1	NA
Tub.58-k141_266696_5-7..1029	Tub.58	Potential	MUXB	7	1029	k141_266696_5	multidrug	NP_251217.1|FEATURES|MuxB|multidrug|MuxB	0.548276693	52.2	1066	978	0	1	NA
Tub.58-k141_266696_5-7..1029	Tub.58	Potential_loser	MUXB	7	1029	k141_266696_5	aminocoumarin	undefined	0.446158204	52.2	1066	978	0	1	NA
Tub.82-k141_400038_2-26..602	Tub.82	Probable	MULTIDRUG_ABC_TRANSPORTER	26	602	k141_400038_2	multidrug	gi:664180077:ref:WP_030714054.1:|FEATURES|multidrug_ABC_transporter|multidrug|multidrug_ABC_transporter	0.995796395	62.5	579	644	6.28e-229	1	NA
Tub.12-k141_96457_11-5..78	Tub.12	Probable	TRUNCATED_PUTATIVE_RESPONSE_REGULATOR_ARLR	5	78	k141_96457_11	unclassified	NC_002745.3251084.p01|FEATURES|truncated_putative_response_regulator_ArlR|unclassified|truncated_putative_response_regulator_ArlR	0.83706558	50.7	75	67.4	2.54e-15	1	NA
Tub.12-k141_96457_11-5..78	Tub.12	Potential_loser	TRUNCATED_PUTATIVE_RESPONSE_REGULATOR_ARLR	5	78	k141_96457_11	peptide	undefined	0.082546674	50.7	75	67.4	2.54e-15	1	NA
Tub.94-k141_550174_3-20..301	Tub.94	Potential	THIN-B	20	301	k141_550174_3	aminoglycoside	undefined	0.231077387	50.7	294	278	2.52e-93	1	NA
Tub.94-k141_550174_3-20..301	Tub.94	Potential_loser	THIN-B	20	301	k141_550174_3	peptide	undefined	0.220786568	50.7	294	278	2.52e-93	1	NA
Tub.10-k141_460122_3-8..226	Tub.10	Potential	MTRA	8	226	k141_460122_3	aminoglycoside	undefined	0.58551872	74.9	219	335	1.57e-118	1	NA
Tub.10-k141_460122_3-8..226	Tub.10	Potential_loser	MTRA	8	226	k141_460122_3	multidrug	CCP46065.1|FEATURES|mtrA|multidrug|mtrA	0.262292386	74.9	219	335	1.57e-118	1	NA
Tub.82-k141_43020_10-2..128	Tub.82	Probable	GOLS	2	128	k141_43020_10	multidrug	NP_459349.1|FEATURES|golS|multidrug|golS	0.997157453	54.3	127	147	7.09e-47	1	NA
Tub.16-k141_637313_1-31..143	Tub.16	Potential	ADP-RIBOSYLATING_TRANSFERASE_ARR	31	143	k141_637313_1	multidrug	undefined	0.383381487	53	117	132	1.76e-41	1	NA
Tub.16-k141_637313_1-31..143	Tub.16	Potential_loser	ADP-RIBOSYLATING_TRANSFERASE_ARR	31	143	k141_637313_1	peptide	undefined	0.16627778	53	117	132	1.76e-41	1	NA
Tub.31-k141_148780_1-1..128	Tub.31	Probable	GOLS	1	128	k141_148780_1	multidrug	NP_459349.1|FEATURES|golS|multidrug|golS	0.991804803	50.8	128	126	1.03e-38	1	NA
Tub.16-k141_742338_1-1..125	Tub.16	Potential	TRUNCATED_PUTATIVE_RESPONSE_REGULATOR_ARLR	1	125	k141_742338_1	unclassified	NC_002745.1124086.p01|FEATURES|truncated_putative_response_regulator_ArlR|unclassified|truncated_putative_response_regulator_ArlR	0.342964907	50.8	130	126	8.43e-38	1	NA
Tub.16-k141_742338_1-1..125	Tub.16	Potential_loser	TRUNCATED_PUTATIVE_RESPONSE_REGULATOR_ARLR	1	125	k141_742338_1	aminoglycoside	undefined	0.289478615	50.8	130	126	8.43e-38	1	NA
Tub.18-k141_209477_2-4..310	Tub.18	Probable	TETA(48)	4	310	k141_209477_2	tetracycline	APB03214.1|FEATURES|tetA(48)|tetracycline|tetA(48)	0.997157683	52.6	308	306	1.26e-103	1	NA
Tub.31-k141_231983_96-32..225	Tub.31	Probable	KDPE	32	225	k141_231983_96	aminoglycoside	NP_415222.1|FEATURES|kdpE|aminoglycoside|kdpE	0.978613494	61.5	195	254	7.26e-87	1	NA
Tub.18-k141_75969_2-3..221	Tub.18	Probable	VANR	3	221	k141_75969_2	glycopeptide	gi:747653988:emb:CEL19270.1:|FEATURES|vanR|glycopeptide|vanR	0.999987898	56.6	219	241	2.33e-81	1	NA
Tub.18-k141_23431_2-1..179	Tub.18	Potential	VANR	1	179	k141_23431_2	glycopeptide	gi:950257734:ref:WP_057294159.1:|FEATURES|vanR|glycopeptide|vanR	0.665675337	55	180	167	4.51e-53	1	NA
Tub.18-k141_23431_2-1..179	Tub.18	Potential_loser	VANR	1	179	k141_23431_2	peptide	undefined	0.159464204	55	180	167	4.51e-53	1	NA
Tub.83-k141_3116_10-56..388	Tub.83	Potential	MDTA	56	388	k141_3116_10	multidrug	CP001918.1.gene3439.p01|FEATURES|mdtA|multidrug|mdtA	0.372555085	52.9	333	325	1.02e-108	1	NA
Tub.83-k141_3116_10-56..388	Tub.83	Potential_loser	MDTA	56	388	k141_3116_10	aminoglycoside	undefined	0.222378031	52.9	333	325	1.02e-108	1	NA
Tub.105-k141_439440_5-14..328	Tub.105	Probable	TETA(48)	14	328	k141_439440_5	tetracycline	APB03214.1|FEATURES|tetA(48)|tetracycline|tetA(48)	0.873194683	50.5	315	299	1.01e-100	1	NA
Tub.105-k141_439440_5-14..328	Tub.105	Potential_loser	TETA(48)	14	328	k141_439440_5	aminoglycoside	undefined	0.097988656	50.5	315	299	1.01e-100	1	NA
Tub.16-k141_297191_2-8..81	Tub.16	Probable	TRUNCATED_PUTATIVE_RESPONSE_REGULATOR_ARLR	8	81	k141_297191_2	unclassified	NC_002745.3251084.p01|FEATURES|truncated_putative_response_regulator_ArlR|unclassified|truncated_putative_response_regulator_ArlR	0.887169641	50	74	77	6.40e-19	1	NA
Tub.16-k141_297191_2-8..81	Tub.16	Potential_loser	TRUNCATED_PUTATIVE_RESPONSE_REGULATOR_ARLR	8	81	k141_297191_2	peptide	undefined	0.058545584	50	74	77	6.40e-19	1	NA
Tub.105-k141_157896_13-22..600	Tub.105	Probable	MULTIDRUG_ABC_TRANSPORTER	22	600	k141_157896_13	multidrug	gi:926345639:ref:WP_053677539.1:|FEATURES|multidrug_ABC_transporter|multidrug|multidrug_ABC_transporter	0.997528161	66.7	588	708	3.54e-253	1	NA
Tub.16-k141_289042_1-2..227	Tub.16	Potential	MTRA	2	227	k141_289042_1	aminoglycoside	undefined	0.435245515	50.6	231	217	4.64e-71	1	NA
Tub.16-k141_289042_1-2..227	Tub.16	Potential_loser	MTRA	2	227	k141_289042_1	multidrug	CCP46065.1|FEATURES|mtrA|multidrug|mtrA	0.275986813	50.6	231	217	4.64e-71	1	NA
Tub.104-k141_588936_1-4..131	Tub.104	Probable	ADP-RIBOSYLATING_TRANSFERASE_ARR	4	131	k141_588936_1	rifamycin	AF001493.1.orf0.gene.p01|FEATURES|ADP-ribosylating_transferase_arr|rifamycin|ADP-ribosylating_transferase_arr	0.999513241	60.9	128	163	2.97e-53	1	NA
Tub.13-k141_280649_2-16..328	Tub.13	Probable	TETA(48)	16	328	k141_280649_2	tetracycline	APB03214.1|FEATURES|tetA(48)|tetracycline|tetA(48)	0.9974507	58.3	314	345	7.30e-119	1	NA
Tub.85-k141_311565_2-4..266	Tub.85	Potential	BACA	4	266	k141_311565_2	multidrug	undefined	0.357196771	61.2	263	281	2.54e-95	1	NA
Tub.85-k141_311565_2-4..266	Tub.85	Potential_loser	BACA	4	266	k141_311565_2	peptide	undefined	0.167004659	61.2	263	281	2.54e-95	1	NA
Tub.18-k141_161798_3-1..105	Tub.18	Potential	RBPA	1	105	k141_161798_3	peptide	undefined	0.25184341	57.5	106	114	2.89e-34	1	NA
Tub.18-k141_161798_3-1..105	Tub.18	Potential_loser	RBPA	1	105	k141_161798_3	multidrug	undefined	0.223733387	57.5	106	114	2.89e-34	1	NA
Tub.31-k141_347384_2-6..140	Tub.31	Potential	DFRA3	6	140	k141_347384_2	peptide	undefined	0.292552295	51.9	135	140	1.31e-43	1	NA
Tub.31-k141_347384_2-6..140	Tub.31	Potential_loser	DFRA3	6	140	k141_347384_2	aminoglycoside	undefined	0.195971008	51.9	135	140	1.31e-43	1	NA
Tub.58-k141_16651_5-2..1020	Tub.58	Potential	MEXK	2	1020	k141_16651_5	triclosan	undefined	0.791963361	51.8	1029	991	0	1	NA
Tub.58-k141_16651_5-2..1020	Tub.58	Potential_loser	MEXK	2	1020	k141_16651_5	multidrug	AAG07064.1|FEATURES|MexK|multidrug|MexK	0.080439289	51.8	1029	991	0	1	NA
Tub.4-k141_142744_2-6..78	Tub.4	Potential	TRUNCATED_PUTATIVE_RESPONSE_REGULATOR_ARLR	6	78	k141_142744_2	unclassified	NC_002745.3251084.p01|FEATURES|truncated_putative_response_regulator_ArlR|unclassified|truncated_putative_response_regulator_ArlR	0.799789215	50	74	68.9	4.48e-17	1	NA
Tub.4-k141_142744_2-6..78	Tub.4	Potential_loser	TRUNCATED_PUTATIVE_RESPONSE_REGULATOR_ARLR	6	78	k141_142744_2	peptide	undefined	0.099499586	50	74	68.9	4.48e-17	1	NA
Tub.51-k141_339389_2-19..400	Tub.51	Probable	ROSA	19	400	k141_339389_2	fosmidomycin	ZP_04621517|FEATURES|rosA|fosmidomycin|rosA	0.998975836	67.5	382	503	4.60e-178	1	NA
Tub.30-k141_599832_2-1..196	Tub.30	Potential	COB(I)ALAMIN_ADENOLSYLTRANSFERASE	1	196	k141_599832_2	unclassified	gi:447201641:ref:WP_001278897.1:|FEATURES|cob(I)alamin_adenolsyltransferase|unclassified|cob(I)alamin_adenolsyltransferase	0.601139299	50.3	199	178	9.02e-57	1	NA
Tub.30-k141_599832_2-1..196	Tub.30	Potential_loser	COB(I)ALAMIN_ADENOLSYLTRANSFERASE	1	196	k141_599832_2	peptide	undefined	0.139497463	50.3	199	178	9.02e-57	1	NA
Tub.58-k141_654366_3-17..211	Tub.58	Probable	VATF	17	211	k141_654366_3	MLS	AAF63432|FEATURES|vatF|MLS|vatF	1	73.3	195	317	6.07e-112	1	NA
Tub.85-k141_355196_1-59..391	Tub.85	Potential	MDTA	59	391	k141_355196_1	peptide	undefined	0.323281721	50.2	333	320	7.86e-105	1	NA
Tub.85-k141_355196_1-59..391	Tub.85	Potential_loser	MDTA	59	391	k141_355196_1	aminoglycoside	undefined	0.161918457	50.2	333	320	7.86e-105	1	NA
Tub.59-k141_125881_5-1..239	Tub.59	Potential	JOHN-1	1	239	k141_125881_5	multidrug	undefined	0.35420955	57.3	239	297	5.71e-103	1	NA
Tub.59-k141_125881_5-1..239	Tub.59	Potential_loser	JOHN-1	1	239	k141_125881_5	aminoglycoside	undefined	0.182720759	57.3	239	297	5.71e-103	1	NA
Tub.94-k141_338050_1-16..327	Tub.94	Probable	TETA(48)	16	327	k141_338050_1	tetracycline	APB03214.1|FEATURES|tetA(48)|tetracycline|tetA(48)	0.997348723	57.4	312	348	5.88e-120	1	NA
Tub.99-k141_48233_2-1..223	Tub.99	Probable	KDPE	1	223	k141_48233_2	aminoglycoside	NP_415222.1|FEATURES|kdpE|aminoglycoside|kdpE	0.988194436	51.8	224	223	3.75e-74	1	NA
Tub.110-k141_56137_1-8..75	Tub.110	Probable	TRUNCATED_PUTATIVE_RESPONSE_REGULATOR_ARLR	8	75	k141_56137_1	unclassified	NC_002745.3251084.p01|FEATURES|truncated_putative_response_regulator_ArlR|unclassified|truncated_putative_response_regulator_ArlR	0.852578438	51.5	68	73.9	7.21e-18	1	NA
Tub.110-k141_56137_1-8..75	Tub.110	Potential_loser	TRUNCATED_PUTATIVE_RESPONSE_REGULATOR_ARLR	8	75	k141_56137_1	peptide	undefined	0.075261328	51.5	68	73.9	7.21e-18	1	NA
Tub.30-k141_454931_2-1..547	Tub.30	Probable	ROSB	1	547	k141_454931_2	fosmidomycin	gi:1001786599:ref:WP_061324791.1:|FEATURES|rosB|fosmidomycin|rosB	0.999892997	51.9	547	514	1.08e-178	1	NA
Tub.64-k141_19623_2-1..274	Tub.64	Potential	BACA	1	274	k141_19623_2	peptide	undefined	0.273015893	51.1	280	244	3.81e-81	1	NA
Tub.64-k141_19623_2-1..274	Tub.64	Potential_loser	BACA	1	274	k141_19623_2	multidrug	undefined	0.225436924	51.1	280	244	3.81e-81	1	NA
Tub.4-k141_2853_1-20..175	Tub.4	Probable	AAC(6')-I	20	175	k141_2853_1	aminoglycoside	AB164230.1.gene1.p01|FEATURES|aac(6')-I|aminoglycoside|aac(6')-I	0.982148011	50.3	169	151	1.53e-47	1	NA
Tub.1-k141_237563_1-5..118	Tub.1	Potential	TRUNCATED_PUTATIVE_RESPONSE_REGULATOR_ARLR	5	118	k141_237563_1	unclassified	NC_002745.1124086.p01|FEATURES|truncated_putative_response_regulator_ArlR|unclassified|truncated_putative_response_regulator_ArlR	0.318243906	53	117	117	1.55e-35	1	NA
Tub.1-k141_237563_1-5..118	Tub.1	Potential_loser	TRUNCATED_PUTATIVE_RESPONSE_REGULATOR_ARLR	5	118	k141_237563_1	aminoglycoside	undefined	0.297342246	53	117	117	1.55e-35	1	NA
Tub.51-k141_281594_3-8..286	Tub.51	Potential	SUL4	8	286	k141_281594_3	multidrug	undefined	0.273209729	50.5	281	265	7.72e-89	1	NA
Tub.51-k141_281594_3-8..286	Tub.51	Potential_loser	SUL4	8	286	k141_281594_3	peptide	undefined	0.213302542	50.5	281	265	7.72e-89	1	NA
Tub.58-k141_40889_1-1..261	Tub.58	Probable	BACA	1	261	k141_40889_1	bacitracin	ZP_04577926|FEATURES|bacA|bacitracin|bacA	0.97824606	68.8	266	345	7.53e-121	1	NA
Tub.18-k141_118149_1-1..119	Tub.18	Probable	BRP(MBL)	1	119	k141_118149_1	glycopeptide	YP_007652797.1|FEATURES|BRP(MBL)|glycopeptide|BRP(MBL)	0.993726499	64.7	119	170	1.62e-56	1	NA
Tub.83-k141_825154_1-34..302	Tub.83	Potential	OLEC	34	302	k141_825154_1	tetracycline	undefined	0.863631431	52	271	258	7.36e-86	1	NA
Tub.83-k141_825154_1-34..302	Tub.83	Potential_loser	OLEC	34	302	k141_825154_1	MLS	AAA26793|FEATURES|oleC|MLS|oleC	0.072323844	52	271	258	7.36e-86	1	NA
Tub.64-k141_272666_1-24..147	Tub.64	Potential	LEN	24	147	k141_272666_1	multidrug	undefined	0.236743529	54	124	122	7.98e-37	1	NA
Tub.64-k141_272666_1-24..147	Tub.64	Potential_loser	LEN	24	147	k141_272666_1	peptide	undefined	0.222037731	54	124	122	7.98e-37	1	NA
Tub.15-k141_156345_2-2..363	Tub.15	Probable	UGD	2	363	k141_156345_2	peptide	AAC75089.1|FEATURES|ugd|peptide|ugd	0.915861636	67.7	362	493	7.54e-176	1	NA
Tub.58-k141_412693_3-18..510	Tub.58	Potential	EMRB	18	510	k141_412693_3	antibacterial_free_fatty_acids	gi:983377615:ref:WP_060555304.1:|FEATURES|emrB|multidrug|emrB	0.41032134	52	494	500	1.44e-174	1	NA
Tub.58-k141_412693_3-18..510	Tub.58	Potential_loser	EMRB	18	510	k141_412693_3	diaminopyrimidine	undefined	0.29903699	52	494	500	1.44e-174	1	NA
Tub.16-k141_262093_1-3..129	Tub.16	Potential	TRUNCATED_PUTATIVE_RESPONSE_REGULATOR_ARLR	3	129	k141_262093_1	unclassified	NC_002745.1124086.p01|FEATURES|truncated_putative_response_regulator_ArlR|unclassified|truncated_putative_response_regulator_ArlR	0.324624176	50	128	120	1.15e-35	1	NA
Tub.16-k141_262093_1-3..129	Tub.16	Potential_loser	TRUNCATED_PUTATIVE_RESPONSE_REGULATOR_ARLR	3	129	k141_262093_1	aminoglycoside	undefined	0.295360853	50	128	120	1.15e-35	1	NA
Tub.4-k141_113021_2-5..81	Tub.4	Probable	TRUNCATED_PUTATIVE_RESPONSE_REGULATOR_ARLR	5	81	k141_113021_2	unclassified	NC_002745.3251084.p01|FEATURES|truncated_putative_response_regulator_ArlR|unclassified|truncated_putative_response_regulator_ArlR	0.907569824	54.5	77	86.7	6.23e-24	1	NA
Tub.85-k141_716554_2-20..374	Tub.85	Probable	MEXE	20	374	k141_716554_2	multidrug	gi:489927712:ref:WP_003831044.1:|FEATURES|mexE|multidrug|mexE	0.999998573	54.2	360	341	1.61e-115	1	NA
Tub.105-k141_194420_2-1..156	Tub.105	Probable	AAC(6')-I	1	156	k141_194420_2	aminoglycoside	AB116646.1.gene1.p01|FEATURES|aac(6')-I|aminoglycoside|aac(6')-I	0.999639528	58.5	164	169	8.24e-55	1	NA
Tub.59-k141_285354_5-5..225	Tub.59	Probable	TRANSCRIPTIONAL_REGULATORY_PROTEIN_CPXR_CPXR	5	225	k141_285354_5	unclassified	CP000675.2.gene1535.p01|FEATURES|transcriptional_regulatory_protein_CpxR_cpxR|unclassified|transcriptional_regulatory_protein_CpxR_cpxR	0.976781262	51.4	222	229	9.19e-77	1	NA
Tub.83-k141_474334_2-3..118	Tub.83	Potential	TRUNCATED_PUTATIVE_RESPONSE_REGULATOR_ARLR	3	118	k141_474334_2	unclassified	NC_002745.1124086.p01|FEATURES|truncated_putative_response_regulator_ArlR|unclassified|truncated_putative_response_regulator_ArlR	0.342964907	50.4	117	128	5.20e-39	1	NA
Tub.83-k141_474334_2-3..118	Tub.83	Potential_loser	TRUNCATED_PUTATIVE_RESPONSE_REGULATOR_ARLR	3	118	k141_474334_2	aminoglycoside	undefined	0.289478615	50.4	117	128	5.20e-39	1	NA
Tub.105-k141_77137_2-1..111	Tub.105	Potential	RBPA	1	111	k141_77137_2	peptide	undefined	0.254224907	50.4	113	112	1.92e-33	1	NA
Tub.105-k141_77137_2-1..111	Tub.105	Potential_loser	RBPA	1	111	k141_77137_2	multidrug	undefined	0.224424963	50.4	113	112	1.92e-33	1	NA
Tub.82-k141_347594_2-1..107	Tub.82	Potential	RBPA	1	107	k141_347594_2	peptide	undefined	0.256460901	54.6	108	117	1.16e-35	1	NA
Tub.82-k141_347594_2-1..107	Tub.82	Potential_loser	RBPA	1	107	k141_347594_2	multidrug	undefined	0.225107493	54.6	108	117	1.16e-35	1	NA
Tub.105-k141_415458_1-1..223	Tub.105	Potential	MTRA	1	223	k141_415458_1	aminoglycoside	undefined	0.561551268	70	223	316	7.48e-111	1	NA
Tub.105-k141_415458_1-1..223	Tub.105	Potential_loser	MTRA	1	223	k141_415458_1	multidrug	CCP46065.1|FEATURES|mtrA|multidrug|mtrA	0.265841188	70	223	316	7.48e-111	1	NA
Tub.12-k141_253830_1-5..268	Tub.12	Potential	OLEC	5	268	k141_253830_1	tetracycline	undefined	0.880233965	57.2	264	285	1.39e-96	1	NA
Tub.12-k141_253830_1-5..268	Tub.12	Potential_loser	OLEC	5	268	k141_253830_1	MLS	AAA26793|FEATURES|oleC|MLS|oleC	0.071689657	57.2	264	285	1.39e-96	1	NA
Tub.12-k141_447986_2-70..378	Tub.12	Potential	ROSA	70	378	k141_447986_2	peptide	undefined	0.346979861	63.5	310	371	8.52e-129	1	NA
Tub.12-k141_447986_2-70..378	Tub.12	Potential_loser	ROSA	70	378	k141_447986_2	multidrug	undefined	0.166155114	63.5	310	371	8.52e-129	1	NA
Tub.31-k141_417531_1-22..161	Tub.31	Potential	DFRA3	22	161	k141_417531_1	peptide	undefined	0.289477173	50	142	130	7.88e-40	1	NA
Tub.31-k141_417531_1-22..161	Tub.31	Potential_loser	DFRA3	22	161	k141_417531_1	aminoglycoside	undefined	0.19786969	50	142	130	7.88e-40	1	NA
Tub.13-k141_12358_1-3..162	Tub.13	Potential	DFRA3	3	162	k141_12358_1	peptide	undefined	0.300650896	50	160	157	3.02e-50	1	NA
Tub.13-k141_12358_1-3..162	Tub.13	Potential_loser	DFRA3	3	162	k141_12358_1	aminoglycoside	undefined	0.18938683	50	160	157	3.02e-50	1	NA
Tub.58-k141_384186_1-47..275	Tub.58	Potential	BACA	47	275	k141_384186_1	multidrug	undefined	0.300340366	62.9	229	278	3.70e-95	1	NA
Tub.58-k141_384186_1-47..275	Tub.58	Potential_loser	BACA	47	275	k141_384186_1	peptide	undefined	0.171901574	62.9	229	278	3.70e-95	1	NA
Tub.4-k141_356539_1-1..111	Tub.4	Potential	RBPA	1	111	k141_356539_1	peptide	undefined	0.255320848	50	112	106	2.29e-31	1	NA
Tub.4-k141_356539_1-1..111	Tub.4	Potential_loser	RBPA	1	111	k141_356539_1	multidrug	undefined	0.224816739	50	112	106	2.29e-31	1	NA
Tub.34-k141_403658_2-17..606	Tub.34	Probable	MULTIDRUG_ABC_TRANSPORTER	17	606	k141_403658_2	multidrug	gi:926294973:ref:WP_053631154.1:|FEATURES|multidrug_ABC_transporter|multidrug|multidrug_ABC_transporter	0.99980968	63.6	591	690	2.80e-246	1	NA
Tub.18-k141_623533_2-17..176	Tub.18	Probable	AAC(6')-I	17	176	k141_623533_2	aminoglycoside	AB164230.1.gene1.p01|FEATURES|aac(6')-I|aminoglycoside|aac(6')-I	0.988118495	50	172	163	6.55e-52	1	NA
Tub.104-k141_485246_7-1..109	Tub.104	Potential	RBPA	1	109	k141_485246_7	peptide	undefined	0.262488561	70	110	153	6.82e-50	1	NA
Tub.104-k141_485246_7-1..109	Tub.104	Potential_loser	RBPA	1	109	k141_485246_7	multidrug	undefined	0.228180259	70	110	153	6.82e-50	1	NA
Tub.64-k141_2315_9-2..128	Tub.64	Probable	GOLS	2	128	k141_2315_9	multidrug	NP_459349.1|FEATURES|golS|multidrug|golS	0.996197177	54.3	127	140	6.86e-44	1	NA
Tub.104-k141_62697_2-3..316	Tub.104	Potential	OLEC	3	316	k141_62697_2	tetracycline	undefined	0.889575261	50.8	319	298	1.49e-100	1	NA
Tub.104-k141_62697_2-3..316	Tub.104	Potential_loser	OLEC	3	316	k141_62697_2	MLS	AAA26793|FEATURES|oleC|MLS|oleC	0.071020654	50.8	319	298	1.49e-100	1	NA
Tub.58-k141_444067_5-3..160	Tub.58	Potential	DFRA3	3	160	k141_444067_5	peptide	undefined	0.299945482	51.2	164	163	1.55e-52	1	NA
Tub.58-k141_444067_5-3..160	Tub.58	Potential_loser	DFRA3	3	160	k141_444067_5	aminoglycoside	undefined	0.190150871	51.2	164	163	1.55e-52	1	NA
Tub.99-k141_280308_2-1..111	Tub.99	Potential	RBPA	1	111	k141_280308_2	peptide	undefined	0.262488561	50	112	107	8.95e-32	1	NA
Tub.99-k141_280308_2-1..111	Tub.99	Potential_loser	RBPA	1	111	k141_280308_2	multidrug	undefined	0.228180259	50	112	107	8.95e-32	1	NA
Tub.104-k141_212714_2-26..1153	Tub.104	Probable	RPOB2	26	1153	k141_212714_2	multidrug	BAD59497.1|FEATURES|rpoB2|multidrug|rpoB2	0.994749385	74.7	1137	1680	0	1	NA
Tub.104-k141_308101_10-4..228	Tub.104	Potential	MTRA	4	228	k141_308101_10	aminoglycoside	undefined	0.568436801	78.2	225	351	7.38e-125	1	NA
Tub.104-k141_308101_10-4..228	Tub.104	Potential_loser	MTRA	4	228	k141_308101_10	multidrug	CCP46065.1|FEATURES|mtrA|multidrug|mtrA	0.26491494	78.2	225	351	7.38e-125	1	NA
Tub.15-k141_44240_1-3..121	Tub.15	Potential	TRUNCATED_PUTATIVE_RESPONSE_REGULATOR_ARLR	3	121	k141_44240_1	unclassified	NC_002745.1124086.p01|FEATURES|truncated_putative_response_regulator_ArlR|unclassified|truncated_putative_response_regulator_ArlR	0.33117338	52.5	120	127	6.00e-39	1	NA
Tub.15-k141_44240_1-3..121	Tub.15	Potential_loser	TRUNCATED_PUTATIVE_RESPONSE_REGULATOR_ARLR	3	121	k141_44240_1	aminoglycoside	undefined	0.293382306	52.5	120	127	6.00e-39	1	NA
Tub.18-k141_669860_1-38..340	Tub.18	Probable	EMRA	38	340	k141_669860_1	multidrug	gi:797196726:ref:WP_045857723.1:|FEATURES|emrA|multidrug|emrA	0.997273216	53.9	317	309	8.41e-104	1	NA
Tub.104-k141_188872_1-3..224	Tub.104	Potential	MTRA	3	224	k141_188872_1	aminoglycoside	undefined	0.426503956	50.4	228	207	5.24e-68	1	NA
Tub.104-k141_188872_1-3..224	Tub.104	Potential_loser	MTRA	3	224	k141_188872_1	multidrug	CCP46065.1|FEATURES|mtrA|multidrug|mtrA	0.27594549	50.4	228	207	5.24e-68	1	NA
Tub.58-k141_243696_4-1..147	Tub.58	Probable	GOLS	1	147	k141_243696_4	multidrug	NP_459349.1|FEATURES|golS|multidrug|golS	0.997775616	55.1	147	163	1.05e-52	1	NA
Tub.4-k141_304452_14-3..119	Tub.4	Probable	BRP(MBL)	3	119	k141_304452_14	glycopeptide	YP_007652797.1|FEATURES|BRP(MBL)|glycopeptide|BRP(MBL)	0.983887224	58.1	117	144	1.82e-46	1	NA
Tub.58-k141_63976_6-11..284	Tub.58	Potential	SUL4	11	284	k141_63976_6	multidrug	undefined	0.273209729	50.9	275	282	8.99e-96	1	NA
Tub.58-k141_63976_6-11..284	Tub.58	Potential_loser	SUL4	11	284	k141_63976_6	peptide	undefined	0.213302542	50.9	275	282	8.99e-96	1	NA
Tub.10-k141_401260_2-1..126	Tub.10	Probable	GOLS	1	126	k141_401260_2	multidrug	NP_459349.1|FEATURES|golS|multidrug|golS	0.997775616	55.6	126	134	3.30e-41	1	NA
Tub.31-k141_586754_4-9..215	Tub.31	Probable	VATF	9	215	k141_586754_4	MLS	AAF63432|FEATURES|vatF|MLS|vatF	0.999999226	51.4	208	214	5.63e-71	1	NA
Tub.88-k141_401277_27-1..310	Tub.88	Probable	TETA(48)	1	310	k141_401277_27	tetracycline	APB03214.1|FEATURES|tetA(48)|tetracycline|tetA(48)	0.9974507	54.5	319	310	1.56e-105	1	NA
Tub.4-k141_561624_1-7..112	Tub.4	Potential	TRUNCATED_PUTATIVE_RESPONSE_REGULATOR_ARLR	7	112	k141_561624_1	aminoglycoside	undefined	0.304914767	53.3	107	112	1.36e-33	1	NA
Tub.4-k141_561624_1-7..112	Tub.4	Potential_loser	TRUNCATED_PUTATIVE_RESPONSE_REGULATOR_ARLR	7	112	k141_561624_1	unclassified	NC_002745.1124086.p01|FEATURES|truncated_putative_response_regulator_ArlR|unclassified|truncated_putative_response_regulator_ArlR	0.289315838	53.3	107	112	1.36e-33	1	NA
Tub.4-k141_786918_1-32..156	Tub.4	Probable	AAC(6')-I	32	156	k141_786918_1	aminoglycoside	AB116646.1.gene1.p01|FEATURES|aac(6')-I|aminoglycoside|aac(6')-I	0.990611688	52.6	137	142	1.64e-44	1	NA
Tub.59-k141_154796_1-36..227	Tub.59	Potential	MTRA	36	227	k141_154796_1	aminoglycoside	undefined	0.591164137	50.7	203	189	2.31e-61	1	NA
Tub.59-k141_154796_1-36..227	Tub.59	Potential_loser	MTRA	36	227	k141_154796_1	multidrug	CCP46065.1|FEATURES|mtrA|multidrug|mtrA	0.261294015	50.7	203	189	2.31e-61	1	NA
Tub.83-k141_396810_8-7..81	Tub.83	Probable	TRUNCATED_PUTATIVE_RESPONSE_REGULATOR_ARLR	7	81	k141_396810_8	unclassified	NC_002745.3251084.p01|FEATURES|truncated_putative_response_regulator_ArlR|unclassified|truncated_putative_response_regulator_ArlR	0.876561041	52	75	79.7	1.03e-21	1	NA
Tub.83-k141_396810_8-7..81	Tub.83	Potential_loser	TRUNCATED_PUTATIVE_RESPONSE_REGULATOR_ARLR	7	81	k141_396810_8	peptide	undefined	0.063748955	52	75	79.7	1.03e-21	1	NA
Tub.85-k141_511077_1-3..92	Tub.85	Probable	PSEUDOMONAS_AERUGINOSA_EMRE	3	92	k141_511077_1	aminoglycoside	NP_253677.1|FEATURES|Pseudomonas_aeruginosa_emrE|aminoglycoside|Pseudomonas_aeruginosa_emrE	0.996446386	55.6	90	99	5.81e-29	1	disinfecting agents and antiseptics
Tub.59-k141_717416_1-1..277	Tub.59	Potential	BACA	1	277	k141_717416_1	peptide	undefined	0.27116594	50.4	278	237	2.17e-78	1	NA
Tub.59-k141_717416_1-1..277	Tub.59	Potential_loser	BACA	1	277	k141_717416_1	multidrug	undefined	0.22414993	50.4	278	237	2.17e-78	1	NA
Tub.16-k141_396657_2-3..226	Tub.16	Potential	MTRA	3	226	k141_396657_2	aminoglycoside	undefined	0.544607956	73.3	225	325	1.67e-114	1	NA
Tub.16-k141_396657_2-3..226	Tub.16	Potential_loser	MTRA	3	226	k141_396657_2	multidrug	CCP46065.1|FEATURES|mtrA|multidrug|mtrA	0.26810367	73.3	225	325	1.67e-114	1	NA
Tub.26-k141_683270_1-1..270	Tub.26	Probable	RPSD_(RAMA_OR_SUD2)	1	270	k141_683270_1	unclassified	AB158573.gene.p01|FEATURES|rpsD_(ramA_or_sud2)|unclassified|rpsD_(ramA_or_sud2)	0.990679303	67.8	270	364	1.62e-128	1	NA
Tub.104-k141_432218_1-17..605	Tub.104	Probable	MULTIDRUG_ABC_TRANSPORTER	17	605	k141_432218_1	multidrug	gi:772774655:ref:WP_045322518.1:|FEATURES|multidrug_ABC_transporter|multidrug|multidrug_ABC_transporter	0.99892878	62.2	590	660	2.34e-234	1	NA
Tub.85-k141_589228_2-1..105	Tub.85	Potential	ABES	1	105	k141_589228_2	aminoglycoside	NC_010410.6003348.p01|FEATURES|abeS|multidrug|abeS	0.484635637	51.4	105	109	5.33e-33	1	disinfecting agents and antiseptics
Tub.85-k141_589228_2-1..105	Tub.85	Potential_loser	ABES	1	105	k141_589228_2	peptide	undefined	0.162092494	51.4	105	109	5.33e-33	1	disinfecting agents and antiseptics
Tub.59-k141_339197_1-26..155	Tub.59	Potential	LEN	26	155	k141_339197_1	aminoglycoside	undefined	0.292198789	51.9	131	128	2.96e-37	1	NA
Tub.59-k141_339197_1-26..155	Tub.59	Potential_loser	LEN	26	155	k141_339197_1	multidrug	undefined	0.248963621	51.9	131	128	2.96e-37	1	NA
Tub.15-k141_306559_1-3..218	Tub.15	Probable	VANR	3	218	k141_306559_1	glycopeptide	gi:747653988:emb:CEL19270.1:|FEATURES|vanR|glycopeptide|vanR	0.999987973	58.8	216	241	9.73e-81	1	NA
Tub.15-k141_194331_1-1..450	Tub.15	Probable	RIFAMPIN_MONOOXYGENASE	1	450	k141_194331_1	rifamycin	gi:769934495:ref:WP_045068423.1:|FEATURES|rifampin_monooxygenase|rifamycin|rifampin_monooxygenase	0.999973576	66.7	450	633	2.26e-228	1	rifamycin antibiotic
Tub.94-k141_129663_1-1..126	Tub.94	Probable	GOLS	1	126	k141_129663_1	multidrug	NP_459349.1|FEATURES|golS|multidrug|golS	0.996674072	61.1	126	144	2.09e-45	1	NA
Tub.51-k141_330945_6-1..120	Tub.51	Probable	BRP(MBL)	1	120	k141_330945_6	glycopeptide	YP_007652797.1|FEATURES|BRP(MBL)|glycopeptide|BRP(MBL)	0.993726499	60	120	147	2.31e-47	1	NA
Tub.105-k141_135862_12-16..322	Tub.105	Probable	TETA(48)	16	322	k141_135862_12	tetracycline	APB03214.1|FEATURES|tetA(48)|tetracycline|tetA(48)	0.997121201	58	307	340	8.41e-117	1	NA
Tub.58-k141_626418_1-38..341	Tub.58	Potential	ROSA	38	341	k141_626418_1	peptide	undefined	0.330261884	62.4	306	371	5.42e-129	1	NA
Tub.58-k141_626418_1-38..341	Tub.58	Potential_loser	ROSA	38	341	k141_626418_1	multidrug	undefined	0.187362987	62.4	306	371	5.42e-129	1	NA
Tub.64-k141_38214_1-12..402	Tub.64	Probable	ROSA	12	402	k141_38214_1	fosmidomycin	YP_001401993|FEATURES|rosA|fosmidomycin|rosA	0.999274644	63.1	393	477	1.10e-168	1	NA
Tub.85-k141_709094_2-1..390	Tub.85	Probable	MDTD	1	390	k141_709094_2	multidrug	gi:446053046:ref:WP_000130901.1:|FEATURES|mdtD|multidrug|mdtD	0.999999312	50.8	392	382	7.80e-130	1	NA
Tub.59-k141_626386_5-4..119	Tub.59	Potential	TRUNCATED_PUTATIVE_RESPONSE_REGULATOR_ARLR	4	119	k141_626386_5	unclassified	NC_002745.1124086.p01|FEATURES|truncated_putative_response_regulator_ArlR|unclassified|truncated_putative_response_regulator_ArlR	0.303898655	54.7	117	125	3.79e-37	1	NA
Tub.59-k141_626386_5-4..119	Tub.59	Potential_loser	TRUNCATED_PUTATIVE_RESPONSE_REGULATOR_ARLR	4	119	k141_626386_5	aminoglycoside	undefined	0.301412875	54.7	117	125	3.79e-37	1	NA
Tub.11-k141_219356_53-17..1137	Tub.11	Probable	RPOB2	17	1137	k141_219356_53	multidrug	BAD59497.1|FEATURES|rpoB2|multidrug|rpoB2	0.982103157	55.1	1216	1209	0	1	NA
Tub.94-k141_72680_1-128..1021	Tub.94	Potential	MEXK	128	1021	k141_72680_1	triclosan	undefined	0.575285243	50.4	903	826	5.04e-289	1	NA
Tub.94-k141_72680_1-128..1021	Tub.94	Potential_loser	MEXK	128	1021	k141_72680_1	multidrug	AAG07064.1|FEATURES|MexK|multidrug|MexK	0.158733963	50.4	903	826	5.04e-289	1	NA
Tub.85-k141_579899_1-1..126	Tub.85	Probable	GOLS	1	126	k141_579899_1	multidrug	NP_459349.1|FEATURES|golS|multidrug|golS	0.996298075	54.8	126	139	2.54e-43	1	NA
Tub.18-k141_679164_1-10..202	Tub.18	Potential	MTRA	10	202	k141_679164_1	aminoglycoside	undefined	0.548727283	72.6	197	276	1.13e-95	1	NA
Tub.18-k141_679164_1-10..202	Tub.18	Potential_loser	MTRA	10	202	k141_679164_1	multidrug	CCP46065.1|FEATURES|mtrA|multidrug|mtrA	0.267556255	72.6	197	276	1.13e-95	1	NA
Tub.11-k141_103241_8-1..109	Tub.11	Potential	RBPA	1	109	k141_103241_8	peptide	undefined	0.262488561	55	109	116	2.64e-35	1	NA
Tub.11-k141_103241_8-1..109	Tub.11	Potential_loser	RBPA	1	109	k141_103241_8	multidrug	undefined	0.228180259	55	109	116	2.64e-35	1	NA
Tub.58-k141_638053_1-1..321	Tub.58	Probable	TETA(48)	1	321	k141_638053_1	tetracycline	APB03214.1|FEATURES|tetA(48)|tetracycline|tetA(48)	0.9974507	53.1	324	317	1.64e-106	1	NA
Tub.31-k141_160504_30-16..510	Tub.31	Probable	EMRB	16	510	k141_160504_30	multidrug	gi:835242255:ref:WP_047414775.1:|FEATURES|emrB|multidrug|emrB	0.997229375	53.8	498	516	4.39e-181	1	NA
Tub.26-k141_278280_2-4..224	Tub.26	Probable	KDPE	4	224	k141_278280_2	aminoglycoside	NP_415222.1|FEATURES|kdpE|aminoglycoside|kdpE	0.988194436	50.7	221	229	1.36e-76	1	NA
Tub.4-k141_321227_1-11..107	Tub.4	Potential	QACH	11	107	k141_321227_1	peptide	undefined	0.348293248	79.4	97	156	2.02e-51	1	NA
Tub.4-k141_321227_1-11..107	Tub.4	Potential_loser	QACH	11	107	k141_321227_1	fosfomycin	undefined	0.211537463	79.4	97	156	2.02e-51	1	NA
Tub.82-k141_162953_12-7..313	Tub.82	Probable	PMRF	7	313	k141_162953_12	peptide	AAC75314.1|FEATURES|PmrF|peptide|PmrF	0.923324141	64.8	307	396	4.25e-139	1	NA
Tub.13-k141_247931_1-6..174	Tub.13	Probable	AAC(6')-31	6	174	k141_247931_1	aminoglycoside	gi:950181216:ref:WP_057228652.1:|FEATURES|aac(6')-31|aminoglycoside|aac(6')-31	0.999956645	51.5	171	194	2.38e-64	1	NA
Tub.18-k141_501178_1-1..923	Tub.18	Potential	ACRF	1	923	k141_501178_1	peptide	undefined	0.29839333	50.3	943	832	8.52e-291	1	NA
Tub.18-k141_501178_1-1..923	Tub.18	Potential_loser	ACRF	1	923	k141_501178_1	multidrug	CP000647.1.gene3710.p01|FEATURES|acrF|multidrug|acrF	0.195301097	50.3	943	832	8.52e-291	1	NA
Tub.4-k141_478733_1-5..226	Tub.4	Potential	MTRA	5	226	k141_478733_1	aminoglycoside	undefined	0.591164137	73.4	222	330	6.08e-116	1	NA
Tub.4-k141_478733_1-5..226	Tub.4	Potential_loser	MTRA	5	226	k141_478733_1	multidrug	CCP46065.1|FEATURES|mtrA|multidrug|mtrA	0.261294015	73.4	222	330	6.08e-116	1	NA
Tub.85-k141_175701_3-15..520	Tub.85	Potential	EMRB-QACA_FAMILY_MAJOR_FACILITATOR_TRANSPORTER	15	520	k141_175701_3	multidrug	EU408347.1.gene6.p01|FEATURES|EmrB-QacA_family_major_facilitator_transporter|multidrug|EmrB-QacA_family_major_facilitator_transporter	0.455260253	57.9	506	611	4.08e-218	1	NA
Tub.85-k141_175701_3-15..520	Tub.85	Potential_loser	EMRB-QACA_FAMILY_MAJOR_FACILITATOR_TRANSPORTER	15	520	k141_175701_3	fluoroquinolone	undefined	0.173938546	57.9	506	611	4.08e-218	1	NA
Tub.51-k141_312106_2-1..143	Tub.51	Probable	GOLS	1	143	k141_312106_2	multidrug	NP_459349.1|FEATURES|golS|multidrug|golS	0.997775616	55.5	146	154	4.97e-49	1	NA
Tub.82-k141_190201_2-3..120	Tub.82	Potential	TRUNCATED_PUTATIVE_RESPONSE_REGULATOR_ARLR	3	120	k141_190201_2	unclassified	NC_002745.1124086.p01|FEATURES|truncated_putative_response_regulator_ArlR|unclassified|truncated_putative_response_regulator_ArlR	0.322505647	51.3	119	125	4.03e-37	1	NA
Tub.82-k141_190201_2-3..120	Tub.82	Potential_loser	TRUNCATED_PUTATIVE_RESPONSE_REGULATOR_ARLR	3	120	k141_190201_2	aminoglycoside	undefined	0.296030644	51.3	119	125	4.03e-37	1	NA
Tub.59-k141_504319_1-21..143	Tub.59	Probable	ADP-RIBOSYLATING_TRANSFERASE_ARR	21	143	k141_504319_1	rifamycin	AF001493.1.orf0.gene.p01|FEATURES|ADP-ribosylating_transferase_arr|rifamycin|ADP-ribosylating_transferase_arr	0.999364152	59.3	123	160	2.43e-52	1	NA
Tub.58-k141_145416_2-17..124	Tub.58	Potential	MVAT	17	124	k141_145416_2	peptide	undefined	0.333774996	73.1	108	157	1.22e-51	1	NA
Tub.58-k141_145416_2-17..124	Tub.58	Potential_loser	MVAT	17	124	k141_145416_2	multidrug	NP_253005.1|FEATURES|MvaT|multidrug|MvaT	0.117036381	73.1	108	157	1.22e-51	1	NA
Tub.70-k141_295879_1-13..118	Tub.70	Potential	TRUNCATED_PUTATIVE_RESPONSE_REGULATOR_ARLR	13	118	k141_295879_1	unclassified	NC_002745.1124086.p01|FEATURES|truncated_putative_response_regulator_ArlR|unclassified|truncated_putative_response_regulator_ArlR	0.342964907	52.3	107	105	4.38e-31	1	NA
Tub.70-k141_295879_1-13..118	Tub.70	Potential_loser	TRUNCATED_PUTATIVE_RESPONSE_REGULATOR_ARLR	13	118	k141_295879_1	aminoglycoside	undefined	0.289478615	52.3	107	105	4.38e-31	1	NA
Tub.59-k141_472905_2-1..161	Tub.59	Potential	DFRA3	1	161	k141_472905_2	peptide	undefined	0.293415979	50.6	162	152	4.09e-48	1	NA
Tub.59-k141_472905_2-1..161	Tub.59	Potential_loser	DFRA3	1	161	k141_472905_2	aminoglycoside	undefined	0.195362401	50.6	162	152	4.09e-48	1	NA
Tub.85-k141_509373_4-1..142	Tub.85	Potential	DFRA22	1	142	k141_509373_4	peptide	undefined	0.341713828	51.4	142	139	3.51e-43	1	NA
Tub.85-k141_509373_4-1..142	Tub.85	Potential_loser	DFRA22	1	142	k141_509373_4	multidrug	undefined	0.141965518	51.4	142	139	3.51e-43	1	NA
Tub.94-k141_299036_5-10..300	Tub.94	Potential	RM3	10	300	k141_299036_5	aminoglycoside	undefined	0.36845387	51	294	289	3.08e-98	1	NA
Tub.94-k141_299036_5-10..300	Tub.94	Potential_loser	RM3	10	300	k141_299036_5	multidrug	undefined	0.276972931	51	294	289	3.08e-98	1	NA
Tub.59-k141_57131_2-5..323	Tub.59	Probable	TETA(48)	5	323	k141_57131_2	tetracycline	APB03214.1|FEATURES|tetA(48)|tetracycline|tetA(48)	0.9974507	52.6	323	302	2.35e-102	1	NA
Tub.82-k141_257245_9-1..116	Tub.82	Probable	EMRE	1	116	k141_257245_9	multidrug	NC_008702.1.4608023.p01|FEATURES|emrE|multidrug|emrE	0.994710134	73.3	116	165	1.41e-54	1	NA
Tub.16-k141_152137_4-7..150	Tub.16	Probable	ARR-4	7	150	k141_152137_4	rifamycin	ABV26705.1|FEATURES|arr-4|rifamycin|arr-4	0.999801123	60.4	144	192	1.29e-63	1	NA
Tub.31-k141_516843_1-10..326	Tub.31	Potential	SMED	10	326	k141_516843_1	multidrug	CAC14594|FEATURES|smeD|multidrug|smeD	0.714029666	53.6	319	262	1.33e-85	1	NA
Tub.31-k141_516843_1-10..326	Tub.31	Potential_loser	SMED	10	326	k141_516843_1	aminoglycoside	undefined	0.068585834	53.6	319	262	1.33e-85	1	NA
Tub.18-k141_701614_1-1..110	Tub.18	Potential	PSEUDOMONAS_AERUGINOSA_EMRE	1	110	k141_701614_1	peptide	undefined	0.552462239	64.5	110	138	3.97e-44	1	NA
Tub.18-k141_701614_1-1..110	Tub.18	Potential_loser	PSEUDOMONAS_AERUGINOSA_EMRE	1	110	k141_701614_1	fosfomycin	undefined	0.189537545	64.5	110	138	3.97e-44	1	NA
Tub.82-k141_352665_1-3..123	Tub.82	Potential	TRUNCATED_PUTATIVE_RESPONSE_REGULATOR_ARLR	3	123	k141_352665_1	unclassified	NC_002745.1124086.p01|FEATURES|truncated_putative_response_regulator_ArlR|unclassified|truncated_putative_response_regulator_ArlR	0.319555043	50.8	122	124	2.24e-37	1	NA
Tub.82-k141_352665_1-3..123	Tub.82	Potential_loser	TRUNCATED_PUTATIVE_RESPONSE_REGULATOR_ARLR	3	123	k141_352665_1	aminoglycoside	undefined	0.2969449	50.8	122	124	2.24e-37	1	NA
Tub.13-k141_103613_2-1..224	Tub.13	Potential	MTRA	1	224	k141_103613_2	aminoglycoside	undefined	0.46930803	50.2	229	212	7.19e-70	1	NA
Tub.13-k141_103613_2-1..224	Tub.13	Potential_loser	MTRA	1	224	k141_103613_2	multidrug	CCP46065.1|FEATURES|mtrA|multidrug|mtrA	0.274882215	50.2	229	212	7.19e-70	1	NA
Tub.104-k141_399120_12-18..328	Tub.104	Probable	TETA(48)	18	328	k141_399120_12	tetracycline	APB03214.1|FEATURES|tetA(48)|tetracycline|tetA(48)	0.996125078	50	312	302	6.64e-102	1	NA
Tub.10-k141_57817_1-40..293	Tub.10	Potential	AIM-1	40	293	k141_57817_1	peptide	undefined	0.262953378	51.2	254	255	1.79e-85	1	NA
Tub.10-k141_57817_1-40..293	Tub.10	Potential_loser	AIM-1	40	293	k141_57817_1	aminoglycoside	undefined	0.226078247	51.2	254	255	1.79e-85	1	NA
Tub.105-k141_289830_2-10..105	Tub.105	Potential	RBPA	10	105	k141_289830_2	peptide	undefined	0.25031091	52.6	97	94.7	8.25e-27	1	NA
Tub.105-k141_289830_2-10..105	Tub.105	Potential_loser	RBPA	10	105	k141_289830_2	multidrug	undefined	0.223346415	52.6	97	94.7	8.25e-27	1	NA
Tub.88-k141_101558_1-1..248	Tub.88	Probable	BACA	1	248	k141_101558_1	bacitracin	YP_970399|FEATURES|bacA|bacitracin|bacA	0.997168559	73.5	249	352	4.52e-124	1	NA
Tub.58-k141_174446_2-40..362	Tub.58	Probable	EFRB	40	362	k141_174446_2	multidrug	CDO61516.1|FEATURES|efrB|multidrug|efrB	0.858829418	52	323	331	8.68e-109	1	NA
Tub.58-k141_174446_2-40..362	Tub.58	Potential_loser	EFRB	40	362	k141_174446_2	aminoglycoside	undefined	0.073815627	52	323	331	8.68e-109	1	NA
Tub.58-k141_22536_12-12..234	Tub.58	Probable	BAER	12	234	k141_22536_12	multidrug	YP_490321.1|FEATURES|baeR|multidrug|baeR	0.997590583	56.1	223	250	9.46e-85	1	NA
Tub.16-k141_207344_3-12..265	Tub.16	Probable	KASUGAMYCIN_RESISTANCE_PROTEIN_KSGA	12	265	k141_207344_3	aminoglycoside	CAR58198|FEATURES|kasugamycin_resistance_protein_ksgA|aminoglycoside|kasugamycin_resistance_protein_ksgA	0.999999926	50.4	254	244	2.12e-81	1	NA
Tub.58-k141_94957_2-3..210	Tub.58	Probable	CAMP-REGULATORY_PROTEIN	3	210	k141_94957_2	unclassified	gi:490367208:ref:WP_004246872.1:|FEATURES|cAMP-regulatory_protein|unclassified|cAMP-regulatory_protein	0.993022087	52.6	213	231	1.90e-77	1	NA
Tub.83-k141_889261_2-1..128	Tub.83	Probable	GOLS	1	128	k141_889261_2	multidrug	NP_459349.1|FEATURES|golS|multidrug|golS	0.997775616	58.6	128	156	1.96e-50	1	NA
Tub.88-k141_120758_1-6..141	Tub.88	Probable	ARR-4	6	141	k141_120758_1	rifamycin	ABV26705.1|FEATURES|arr-4|rifamycin|arr-4	0.999811978	62.5	136	192	2.81e-64	1	NA
Tub.105-k141_10421_36-7..170	Tub.105	Probable	ERM(37)	7	170	k141_10421_36	MLS	CCP44758.1|FEATURES|Erm(37)|MLS|Erm(37)	0.999999041	59.8	169	176	2.20e-57	1	NA
Tub.11-k141_321005_1-5..78	Tub.11	Probable	TRUNCATED_PUTATIVE_RESPONSE_REGULATOR_ARLR	5	78	k141_321005_1	unclassified	NC_002745.3251084.p01|FEATURES|truncated_putative_response_regulator_ArlR|unclassified|truncated_putative_response_regulator_ArlR	0.875396894	52	75	77	2.90e-20	1	NA
Tub.11-k141_321005_1-5..78	Tub.11	Potential_loser	TRUNCATED_PUTATIVE_RESPONSE_REGULATOR_ARLR	5	78	k141_321005_1	peptide	undefined	0.064315681	52	75	77	2.90e-20	1	NA
Tub.31-k141_702208_7-1..278	Tub.31	Potential	BACA	1	278	k141_702208_7	peptide	undefined	0.272107964	50.4	280	251	8.94e-84	1	NA
Tub.31-k141_702208_7-1..278	Tub.31	Potential_loser	BACA	1	278	k141_702208_7	multidrug	undefined	0.224652606	50.4	280	251	8.94e-84	1	NA
Tub.94-k141_343620_2-6..520	Tub.94	Potential	EMRB-QACA_FAMILY_MAJOR_FACILITATOR_TRANSPORTER	6	520	k141_343620_2	diaminopyrimidine	undefined	0.342566001	57.9	515	598	6.26e-213	1	NA
Tub.94-k141_343620_2-6..520	Tub.94	Potential_loser	EMRB-QACA_FAMILY_MAJOR_FACILITATOR_TRANSPORTER	6	520	k141_343620_2	peptide	undefined	0.205426683	57.9	515	598	6.26e-213	1	NA
Tub.26-k141_260571_2-4..202	Tub.26	Potential	MTRA	4	202	k141_260571_2	aminoglycoside	undefined	0.435946099	50.7	205	190	1.51e-61	1	NA
Tub.26-k141_260571_2-4..202	Tub.26	Potential_loser	MTRA	4	202	k141_260571_2	multidrug	CCP46065.1|FEATURES|mtrA|multidrug|mtrA	0.275984305	50.7	205	190	1.51e-61	1	NA
Tub.10-k141_374469_1-1..119	Tub.10	Probable	BRP(MBL)	1	119	k141_374469_1	glycopeptide	YP_007652797.1|FEATURES|BRP(MBL)|glycopeptide|BRP(MBL)	0.993726499	60.5	119	161	1.05e-52	1	NA
Tub.12-k141_48790_1-7..225	Tub.12	Potential	MTRA	7	225	k141_48790_1	aminoglycoside	CCP46065.1|FEATURES|mtrA|multidrug|mtrA	0.480075344	52.9	221	220	7.85e-73	1	NA
Tub.12-k141_48790_1-7..225	Tub.12	Potential_loser	MTRA	7	225	k141_48790_1	multidrug	CCP46065.1|FEATURES|mtrA|multidrug|mtrA	0.274203111	52.9	221	220	7.85e-73	1	NA
Tub.34-k141_682557_3-6..320	Tub.34	Potential	OLEC	6	320	k141_682557_3	tetracycline	undefined	0.890283833	53	317	303	1.26e-102	1	NA
Tub.34-k141_682557_3-6..320	Tub.34	Potential_loser	OLEC	6	320	k141_682557_3	MLS	AAA26793|FEATURES|oleC|MLS|oleC	0.070951248	53	317	303	1.26e-102	1	NA
Tub.94-k141_117758_2-20..155	Tub.94	Potential	LEN	20	155	k141_117758_2	aminoglycoside	undefined	0.2924901	52.6	137	131	1.67e-38	1	NA
Tub.94-k141_117758_2-20..155	Tub.94	Potential_loser	LEN	20	155	k141_117758_2	multidrug	undefined	0.253247976	52.6	137	131	1.67e-38	1	NA
Tub.58-k141_401586_5-9..261	Tub.58	Probable	KASUGAMYCIN_RESISTANCE_PROTEIN_KSGA	9	261	k141_401586_5	aminoglycoside	Q8FL96|FEATURES|kasugamycin_resistance_protein_ksgA|aminoglycoside|kasugamycin_resistance_protein_ksgA	0.999999677	52.9	257	245	1.41e-81	1	NA
Tub.11-k141_239643_2-3..118	Tub.11	Potential	TRUNCATED_PUTATIVE_RESPONSE_REGULATOR_ARLR	3	118	k141_239643_2	unclassified	NC_002745.1124086.p01|FEATURES|truncated_putative_response_regulator_ArlR|unclassified|truncated_putative_response_regulator_ArlR	0.305627014	51.7	116	122	3.95e-36	1	NA
Tub.11-k141_239643_2-3..118	Tub.11	Potential_loser	TRUNCATED_PUTATIVE_RESPONSE_REGULATOR_ARLR	3	118	k141_239643_2	aminoglycoside	undefined	0.300961048	51.7	116	122	3.95e-36	1	NA
Tub.34-k141_662120_2-1..137	Tub.34	Probable	GOLS	1	137	k141_662120_2	multidrug	NP_459349.1|FEATURES|golS|multidrug|golS	0.997775616	54	137	129	2.25e-39	1	NA
Tub.26-k141_271973_3-13..497	Tub.26	Potential	LRFA	13	497	k141_271973_3	fluoroquinolone	AAC43550.1|FEATURES|lrfA|fluoroquinolone|lrfA	0.345272837	52.2	485	449	1.04e-154	1	NA
Tub.26-k141_271973_3-13..497	Tub.26	Potential_loser	LRFA	13	497	k141_271973_3	tetracycline	undefined	0.150773236	52.2	485	449	1.04e-154	1	NA
Tub.85-k141_213159_1-18..151	Tub.85	Potential	LEN	18	151	k141_213159_1	multidrug	undefined	0.234271643	51.1	135	120	4.99e-34	1	NA
Tub.85-k141_213159_1-18..151	Tub.85	Potential_loser	LEN	18	151	k141_213159_1	peptide	undefined	0.222535991	51.1	135	120	4.99e-34	1	NA
Tub.104-k141_326764_21-5..106	Tub.104	Probable	EMRE	5	106	k141_326764_21	multidrug	gi:808660312:emb:CQD20591.1:|FEATURES|emrE|multidrug|emrE	0.865267721	53.4	103	78.2	1.48e-20	1	NA
Tub.104-k141_326764_21-5..106	Tub.104	Potential_loser	EMRE	5	106	k141_326764_21	fluoroquinolone	undefined	0.117735867	53.4	103	78.2	1.48e-20	1	NA
Tub.94-k141_379251_1-24..219	Tub.94	Potential	MTRA	24	219	k141_379251_1	aminoglycoside	undefined	0.541477422	50.8	199	189	2.53e-61	1	NA
Tub.94-k141_379251_1-24..219	Tub.94	Potential_loser	MTRA	24	219	k141_379251_1	multidrug	CCP46065.1|FEATURES|mtrA|multidrug|mtrA	0.268496894	50.8	199	189	2.53e-61	1	NA
Tub.16-k141_484832_2-3..228	Tub.16	Potential	MTRA	3	228	k141_484832_2	aminoglycoside	undefined	0.506754497	61.9	226	284	7.29e-98	1	NA
Tub.16-k141_484832_2-3..228	Tub.16	Potential_loser	MTRA	3	228	k141_484832_2	multidrug	CCP46065.1|FEATURES|mtrA|multidrug|mtrA	0.272138332	61.9	226	284	7.29e-98	1	NA
Tub.51-k141_103360_2-9..210	Tub.51	Probable	CAMP-REGULATORY_PROTEIN	9	210	k141_103360_2	unclassified	gi:490367208:ref:WP_004246872.1:|FEATURES|cAMP-regulatory_protein|unclassified|cAMP-regulatory_protein	0.995380787	53.8	208	229	3.82e-77	1	NA
Tub.58-k141_142819_2-1..130	Tub.58	Probable	VANS	1	130	k141_142819_2	glycopeptide	AY082011.1.gene2.p1|FEATURES|vanS|glycopeptide|vanS	0.996548083	70.8	130	199	1.61e-67	1	NA
Tub.1-k141_32428_2-1..1040	Tub.1	Probable	ACRB	1	1040	k141_32428_2	multidrug	YP_002932544|FEATURES|acrB|multidrug|acrB	0.84809896	51.4	1058	967	0	1	NA
Tub.1-k141_32428_2-1..1040	Tub.1	Potential_loser	ACRB	1	1040	k141_32428_2	aminoglycoside	YP_002932544|FEATURES|acrB|multidrug|acrB	0.069687231	51.4	1058	967	0	1	NA
Tub.105-k141_587633_2-1..109	Tub.105	Potential	RBPA	1	109	k141_587633_2	peptide	undefined	0.259494524	60.9	110	134	1.09e-42	1	NA
Tub.105-k141_587633_2-1..109	Tub.105	Potential_loser	RBPA	1	109	k141_587633_2	multidrug	undefined	0.225770724	60.9	110	134	1.09e-42	1	NA
Tub.31-k141_221391_3-1..110	Tub.31	Potential	QACH	1	110	k141_221391_3	peptide	undefined	0.302887321	60	110	133	2.37e-42	1	disinfecting agents and antiseptics
Tub.31-k141_221391_3-1..110	Tub.31	Potential_loser	QACH	1	110	k141_221391_3	aminoglycoside	AAZ42322.1|FEATURES|qacH|fluoroquinolone|qacH	0.237022267	60	110	133	2.37e-42	1	disinfecting agents and antiseptics
Tub.104-k141_252273_3-12..181	Tub.104	Probable	AAC(2')-I	12	181	k141_252273_3	aminoglycoside	YP_001848841|FEATURES|aac(2')-I|aminoglycoside|aac(2')-I	0.999995138	53.5	170	192	2.23e-63	1	NA
Tub.83-k141_361759_1-3..119	Tub.83	Potential	TRUNCATED_PUTATIVE_RESPONSE_REGULATOR_ARLR	3	119	k141_361759_1	unclassified	NC_002745.1124086.p01|FEATURES|truncated_putative_response_regulator_ArlR|unclassified|truncated_putative_response_regulator_ArlR	0.324912896	50.8	118	122	4.74e-36	1	NA
Tub.83-k141_361759_1-3..119	Tub.83	Potential_loser	TRUNCATED_PUTATIVE_RESPONSE_REGULATOR_ARLR	3	119	k141_361759_1	aminoglycoside	undefined	0.295271887	50.8	118	122	4.74e-36	1	NA
Tub.31-k141_324359_13-14..292	Tub.31	Probable	LRA	14	292	k141_324359_13	beta-lactam	EU408351.1.gene26.p01|FEATURES|LRA-12|beta-lactam|LRA	0.999981297	65.6	279	389	8.20e-138	1	NA
Tub.30-k141_548626_1-5..222	Tub.30	Probable	KDPE	5	222	k141_548626_1	aminoglycoside	NP_415222.1|FEATURES|kdpE|aminoglycoside|kdpE	0.988194436	53.2	218	227	5.59e-76	1	NA
Tub.4-k141_185497_1-23..151	Tub.4	Probable	AAC(3)-I	23	151	k141_185497_1	aminoglycoside	CAI46944|FEATURES|aac(3)-I|aminoglycoside|aac(3)-I	0.999959881	58.1	129	147	1.04e-46	1	NA
Tub.85-k141_483403_2-2..143	Tub.85	Potential	DFRA3	2	143	k141_483403_2	peptide	undefined	0.297048611	52.4	147	140	6.30e-44	1	NA
Tub.85-k141_483403_2-2..143	Tub.85	Potential_loser	DFRA3	2	143	k141_483403_2	aminoglycoside	undefined	0.192685772	52.4	147	140	6.30e-44	1	NA
Tub.51-k141_120227_3-8..403	Tub.51	Probable	OPRM	8	403	k141_120227_3	multidrug	YP_001345922|FEATURES|oprM|multidrug|oprM	0.99958773	52.3	398	335	1.36e-110	1	NA
Tub.13-k141_486450_2-3..129	Tub.13	Potential	TRUNCATED_PUTATIVE_RESPONSE_REGULATOR_ARLR	3	129	k141_486450_2	unclassified	NC_002745.1124086.p01|FEATURES|truncated_putative_response_regulator_ArlR|unclassified|truncated_putative_response_regulator_ArlR	0.342964907	54.7	128	133	4.07e-40	1	NA
Tub.13-k141_486450_2-3..129	Tub.13	Potential_loser	TRUNCATED_PUTATIVE_RESPONSE_REGULATOR_ARLR	3	129	k141_486450_2	aminoglycoside	undefined	0.289478615	54.7	128	133	4.07e-40	1	NA
Tub.59-k141_676792_1-1..118	Tub.59	Potential	TRUNCATED_PUTATIVE_RESPONSE_REGULATOR_ARLR	1	118	k141_676792_1	aminoglycoside	undefined	0.305898731	50	118	118	5.06e-34	1	NA
Tub.59-k141_676792_1-1..118	Tub.59	Potential_loser	TRUNCATED_PUTATIVE_RESPONSE_REGULATOR_ARLR	1	118	k141_676792_1	unclassified	NC_002745.1124086.p01|FEATURES|truncated_putative_response_regulator_ArlR|unclassified|truncated_putative_response_regulator_ArlR	0.284523025	50	118	118	5.06e-34	1	NA
Tub.88-k141_255395_11-1..118	Tub.88	Potential	TRUNCATED_PUTATIVE_RESPONSE_REGULATOR_ARLR	1	118	k141_255395_11	aminoglycoside	undefined	0.302438257	50.4	123	120	5.41e-35	1	NA
Tub.88-k141_255395_11-1..118	Tub.88	Potential_loser	TRUNCATED_PUTATIVE_RESPONSE_REGULATOR_ARLR	1	118	k141_255395_11	unclassified	NC_002745.1124086.p01|FEATURES|truncated_putative_response_regulator_ArlR|unclassified|truncated_putative_response_regulator_ArlR	0.299853503	50.4	123	120	5.41e-35	1	NA
Tub.59-k141_751844_2-14..109	Tub.59	Potential	RBPA	14	109	k141_751844_2	peptide	undefined	0.261140163	56.7	97	104	6.03e-31	1	NA
Tub.59-k141_751844_2-14..109	Tub.59	Potential_loser	RBPA	14	109	k141_751844_2	multidrug	undefined	0.22722171	56.7	97	104	6.03e-31	1	NA
Tub.85-k141_534146_7-1..274	Tub.85	Probable	BACA	1	274	k141_534146_7	bacitracin	YP_002552549|FEATURES|bacA|bacitracin|bacA	0.993676368	81.4	274	436	8.26e-157	1	NA
Tub.59-k141_222631_4-12..274	Tub.59	Probable	BACA	12	274	k141_222631_4	bacitracin	ZP_03552050|FEATURES|bacA|bacitracin|bacA	0.990672965	74.6	264	385	6.95e-137	1	NA
Tub.82-k141_488439_1-3..78	Tub.82	Probable	TRUNCATED_PUTATIVE_RESPONSE_REGULATOR_ARLR	3	78	k141_488439_1	unclassified	NC_002745.3251084.p01|FEATURES|truncated_putative_response_regulator_ArlR|unclassified|truncated_putative_response_regulator_ArlR	0.88160146	52.6	76	77	4.78e-19	1	NA
Tub.82-k141_488439_1-3..78	Tub.82	Potential_loser	TRUNCATED_PUTATIVE_RESPONSE_REGULATOR_ARLR	3	78	k141_488439_1	peptide	undefined	0.06128104	52.6	76	77	4.78e-19	1	NA
Tub.4-k141_462471_2-11..231	Tub.4	Potential	BACA	11	231	k141_462471_2	multidrug	undefined	0.295887356	50	224	193	6.13e-62	1	NA
Tub.4-k141_462471_2-11..231	Tub.4	Potential_loser	BACA	11	231	k141_462471_2	peptide	undefined	0.202245026	50	224	193	6.13e-62	1	NA
Tub.16-k141_502244_7-11..174	Tub.16	Probable	AAC(6')-31	11	174	k141_502244_7	aminoglycoside	gi:939369456:ref:WP_054914207.1:|FEATURES|aac(6')-31|aminoglycoside|aac(6')-31	0.999998009	54.9	164	184	1.83e-60	1	NA
Tub.58-k141_176847_1-1..126	Tub.58	Probable	GOLS	1	126	k141_176847_1	multidrug	NP_459349.1|FEATURES|golS|multidrug|golS	0.996023832	57.9	126	144	1.22e-45	1	NA
Tub.82-k141_153992_3-13..330	Tub.82	Probable	TETA(48)	13	330	k141_153992_3	tetracycline	APB03214.1|FEATURES|tetA(48)|tetracycline|tetA(48)	0.996678672	50.8	319	300	5.97e-101	1	NA
Tub.31-k141_409868_1-89..504	Tub.31	Potential	LRFA	89	504	k141_409868_1	fluoroquinolone	AAC43550.1|FEATURES|lrfA|fluoroquinolone|lrfA	0.280237978	56.3	416	404	2.75e-138	1	NA
Tub.31-k141_409868_1-89..504	Tub.31	Potential_loser	LRFA	89	504	k141_409868_1	peptide	undefined	0.174709027	56.3	416	404	2.75e-138	1	NA
Tub.85-k141_418174_4-1..1043	Tub.85	Probable	MTRD	1	1043	k141_418174_4	multidrug	NP_274718.1|FEATURES|mtrD|multidrug|mtrD	0.901309798	58.4	1045	1143	0	1	fluoroquinolone antibiotic; tetracycline antibiotic
Tub.85-k141_533263_26-16..290	Tub.85	Probable	LRA	16	290	k141_533263_26	beta-lactam	EU408351.1.gene26.p01|FEATURES|LRA-12|beta-lactam|LRA	0.99998471	68.7	281	402	1.11e-142	1	NA
Tub.88-k141_328892_1-31..937	Tub.88	Potential	MEXK	31	937	k141_328892_1	triclosan	undefined	0.401725841	52.8	922	915	0	1	NA
Tub.88-k141_328892_1-31..937	Tub.88	Potential_loser	MEXK	31	937	k141_328892_1	multidrug	AAG07064.1|FEATURES|MexK|multidrug|MexK	0.21612426	52.8	922	915	0	1	NA
Tub.31-k141_596827_3-10..291	Tub.31	Potential	LRA	10	291	k141_596827_3	multidrug	undefined	0.271795612	50.7	286	254	3.34e-84	1	NA
Tub.31-k141_596827_3-10..291	Tub.31	Potential_loser	LRA	10	291	k141_596827_3	aminoglycoside	undefined	0.250472209	50.7	286	254	3.34e-84	1	NA
Tub.110-k141_66626_2-3..119	Tub.110	Potential	TRUNCATED_PUTATIVE_RESPONSE_REGULATOR_ARLR	3	119	k141_66626_2	unclassified	NC_002745.1124086.p01|FEATURES|truncated_putative_response_regulator_ArlR|unclassified|truncated_putative_response_regulator_ArlR	0.326647181	50	118	113	2.14e-32	1	NA
Tub.110-k141_66626_2-3..119	Tub.110	Potential_loser	TRUNCATED_PUTATIVE_RESPONSE_REGULATOR_ARLR	3	119	k141_66626_2	aminoglycoside	undefined	0.294739396	50	118	113	2.14e-32	1	NA
Tub.88-k141_214837_48-1..146	Tub.88	Probable	GOLS	1	146	k141_214837_48	multidrug	NP_459349.1|FEATURES|golS|multidrug|golS	0.994075109	50	146	126	2.93e-38	1	NA
Tub.26-k141_350036_4-15..321	Tub.26	Probable	TETA(48)	15	321	k141_350036_4	tetracycline	APB03214.1|FEATURES|tetA(48)|tetracycline|tetA(48)	0.997337366	52.3	310	299	4.15e-101	1	NA
Tub.83-k141_864427_5-22..173	Tub.83	Probable	AAC(6')-I	22	173	k141_864427_5	aminoglycoside	AB164230.1.gene1.p01|FEATURES|aac(6')-I|aminoglycoside|aac(6')-I	0.988118495	50.6	162	163	4.54e-52	1	NA
Tub.31-k141_615584_1-49..224	Tub.31	Probable	KDPE	49	224	k141_615584_1	aminoglycoside	NP_415222.1|FEATURES|kdpE|aminoglycoside|kdpE	0.973118049	65	183	237	1.44e-80	1	NA
Tub.16-k141_305800_3-10..209	Tub.16	Probable	MEXL	10	209	k141_305800_3	multidrug	NP_252368.1|FEATURES|MexL|multidrug|MexL	0.994769086	50.5	200	192	2.67e-62	1	NA
Tub.23-k141_79376_1-7..296	Tub.23	Potential	OPRM	7	296	k141_79376_1	multidrug	gi:573999612:gb:ETU76469.1:|FEATURES|oprM|multidrug|oprM	0.723886471	50.2	293	255	9.15e-84	1	NA
Tub.23-k141_79376_1-7..296	Tub.23	Potential_loser	OPRM	7	296	k141_79376_1	aminoglycoside	undefined	0.127311757	50.2	293	255	9.15e-84	1	NA
Tub.83-k141_6481_1-21..157	Tub.83	Probable	AAC(6')-I	21	157	k141_6481_1	aminoglycoside	AB116646.1.gene1.p01|FEATURES|aac(6')-I|aminoglycoside|aac(6')-I	0.993578869	52.7	148	159	2.15e-51	1	NA
Tub.4-k141_264743_2-9..100	Tub.4	Probable	BLEOMYCIN_RESISTANCE_PROTEIN	9	100	k141_264743_2	glycopeptide	gi:582371757:gb:EVW66658.1:|FEATURES|bleomycin_resistance_protein|glycopeptide|bleomycin_resistance_protein	0.972400301	50	96	95.1	2.33e-27	1	NA
Tub.82-k141_432204_48-7..246	Tub.82	Probable	OMPR	7	246	k141_432204_48	multidrug	gi:909830386:gb:AKU13184.1:|FEATURES|ompR|multidrug|ompR	0.996447946	65.8	240	306	4.59e-106	1	NA
Tub.85-k141_418078_2-4..223	Tub.85	Probable	KDPE	4	223	k141_418078_2	aminoglycoside	NP_415222.1|FEATURES|kdpE|aminoglycoside|kdpE	0.962007887	51.6	221	213	5.92e-70	1	NA
Tub.26-k141_33729_1-23..138	Tub.26	Potential	ADP-RIBOSYLATING_TRANSFERASE_ARR	23	138	k141_33729_1	rifamycin	AF001493.1.orf0.gene.p01|FEATURES|ADP-ribosylating_transferase_arr|rifamycin|ADP-ribosylating_transferase_arr	0.401356561	57.8	116	149	4.76e-48	1	NA
Tub.26-k141_33729_1-23..138	Tub.26	Potential_loser	ADP-RIBOSYLATING_TRANSFERASE_ARR	23	138	k141_33729_1	multidrug	undefined	0.212069677	57.8	116	149	4.76e-48	1	NA
Tub.10-k141_510119_1-3..123	Tub.10	Probable	AAC(6')-I	3	123	k141_510119_1	aminoglycoside	AB116646.1.gene1.p01|FEATURES|aac(6')-I|aminoglycoside|aac(6')-I	0.982735617	51.5	132	125	5.98e-38	1	NA
Tub.16-k141_818802_1-1..118	Tub.16	Potential	TRUNCATED_PUTATIVE_RESPONSE_REGULATOR_ARLR	1	118	k141_818802_1	unclassified	NC_002745.1124086.p01|FEATURES|truncated_putative_response_regulator_ArlR|unclassified|truncated_putative_response_regulator_ArlR	0.339893218	51.3	119	125	1.40e-37	1	NA
Tub.16-k141_818802_1-1..118	Tub.16	Potential_loser	TRUNCATED_PUTATIVE_RESPONSE_REGULATOR_ARLR	1	118	k141_818802_1	aminoglycoside	undefined	0.290537708	51.3	119	125	1.40e-37	1	NA
Tub.83-k141_846634_2-5..78	Tub.83	Probable	TRUNCATED_PUTATIVE_RESPONSE_REGULATOR_ARLR	5	78	k141_846634_2	unclassified	NC_002745.3251084.p01|FEATURES|truncated_putative_response_regulator_ArlR|unclassified|truncated_putative_response_regulator_ArlR	0.876561041	52	75	79.7	6.64e-20	1	NA
Tub.83-k141_846634_2-5..78	Tub.83	Potential_loser	TRUNCATED_PUTATIVE_RESPONSE_REGULATOR_ARLR	5	78	k141_846634_2	peptide	undefined	0.063748955	52	75	79.7	6.64e-20	1	NA
Tub.31-k141_663607_6-3..132	Tub.31	Potential	TRUNCATED_PUTATIVE_RESPONSE_REGULATOR_ARLR	3	132	k141_663607_6	unclassified	NC_002745.1124086.p01|FEATURES|truncated_putative_response_regulator_ArlR|unclassified|truncated_putative_response_regulator_ArlR	0.309023868	51.1	131	125	5.36e-37	1	NA
Tub.31-k141_663607_6-3..132	Tub.31	Potential_loser	TRUNCATED_PUTATIVE_RESPONSE_REGULATOR_ARLR	3	132	k141_663607_6	aminoglycoside	undefined	0.300002135	51.1	131	125	5.36e-37	1	NA
Tub.82-k141_518705_5-2..126	Tub.82	Probable	GOLS	2	126	k141_518705_5	multidrug	NP_459349.1|FEATURES|golS|multidrug|golS	0.996422508	59.2	125	140	4.32e-44	1	NA
Tub.83-k141_328667_2-18..176	Tub.83	Probable	AAC(6')-I	18	176	k141_328667_2	aminoglycoside	AB164230.1.gene1.p01|FEATURES|aac(6')-I|aminoglycoside|aac(6')-I	0.999641564	50.3	171	157	7.43e-50	1	NA
Tub.94-k141_330543_1-2..860	Tub.94	Potential	MEXK	2	860	k141_330543_1	triclosan	undefined	0.791963361	61.4	884	1028	0	1	NA
Tub.94-k141_330543_1-2..860	Tub.94	Potential_loser	MEXK	2	860	k141_330543_1	multidrug	AAG07064.1|FEATURES|MexK|multidrug|MexK	0.080439289	61.4	884	1028	0	1	NA
Tub.10-k141_120763_2-4..224	Tub.10	Potential	MTRA	4	224	k141_120763_2	aminoglycoside	undefined	0.583874275	74.7	225	333	1.02e-117	1	NA
Tub.10-k141_120763_2-4..224	Tub.10	Potential_loser	MTRA	4	224	k141_120763_2	multidrug	CCP46065.1|FEATURES|mtrA|multidrug|mtrA	0.262585294	74.7	225	333	1.02e-117	1	NA
Tub.105-k141_567642_2-4..293	Tub.105	Probable	MYRA	4	293	k141_567642_2	MLS	BAA03674.1|FEATURES|myrA|MLS|myrA	0.970378449	50.9	291	252	9.76e-84	1	NA
Tub.104-k141_452860_2-17..609	Tub.104	Probable	MULTIDRUG_ABC_TRANSPORTER	17	609	k141_452860_2	multidrug	gi:917203192:ref:WP_051809904.1:|FEATURES|multidrug_ABC_transporter|multidrug|multidrug_ABC_transporter	0.983611921	60.5	603	660	1.98e-234	1	NA
Tub.31-k141_736281_6-5..317	Tub.31	Potential	MEXA	5	317	k141_736281_6	multidrug	gi:552704089:gb:ERZ17546.1:|FEATURES|mexA|multidrug|mexA	0.496976982	50.5	327	285	1.34e-93	1	NA
Tub.31-k141_736281_6-5..317	Tub.31	Potential_loser	MEXA	5	317	k141_736281_6	aminoglycoside	undefined	0.149799573	50.5	327	285	1.34e-93	1	NA
Tub.51-k141_203525_1-5..224	Tub.51	Probable	KDPE	5	224	k141_203525_1	aminoglycoside	NP_415222.1|FEATURES|kdpE|aminoglycoside|kdpE	0.988194436	63.3	221	295	3.35e-102	1	NA
Tub.105-k141_217512_1-18..109	Tub.105	Potential	RBPA	18	109	k141_217512_1	peptide	undefined	0.254435947	57	93	113	1.31e-34	1	NA
Tub.105-k141_217512_1-18..109	Tub.105	Potential_loser	RBPA	18	109	k141_217512_1	multidrug	undefined	0.224501429	57	93	113	1.31e-34	1	NA
Tub.105-k141_158936_2-1..221	Tub.105	Probable	VANR	1	221	k141_158936_2	glycopeptide	gi:943675889:ref:WP_055502070.1:|FEATURES|vanR|glycopeptide|vanR	0.999973658	52	221	222	6.11e-74	1	NA
Tub.58-k141_105686_1-3..319	Tub.58	Potential	OLEC	3	319	k141_105686_1	tetracycline	undefined	0.881152124	50.9	320	289	4.77e-97	1	NA
Tub.58-k141_105686_1-3..319	Tub.58	Potential_loser	OLEC	3	319	k141_105686_1	MLS	AAA26793|FEATURES|oleC|MLS|oleC	0.071645389	50.9	320	289	4.77e-97	1	NA
Tub.85-k141_579639_1-8..80	Tub.85	Probable	TRUNCATED_PUTATIVE_RESPONSE_REGULATOR_ARLR	8	80	k141_579639_1	unclassified	NC_002745.3251084.p01|FEATURES|truncated_putative_response_regulator_ArlR|unclassified|truncated_putative_response_regulator_ArlR	0.861002315	53.4	73	77	2.71e-20	1	NA
Tub.85-k141_579639_1-8..80	Tub.85	Potential_loser	TRUNCATED_PUTATIVE_RESPONSE_REGULATOR_ARLR	8	80	k141_579639_1	peptide	undefined	0.071250149	53.4	73	77	2.71e-20	1	NA
Tub.31-k141_610428_3-5..864	Tub.31	Probable	TRIC	5	864	k141_610428_3	triclosan	NP_248848.1|FEATURES|TriC|triclosan|TriC	0.998298018	58.9	861	1021	0	1	NA
Tub.105-k141_493002_1-5..268	Tub.105	Potential	OLEC	5	268	k141_493002_1	tetracycline	undefined	0.876317894	55.3	266	279	3.12e-94	1	NA
Tub.105-k141_493002_1-5..268	Tub.105	Potential_loser	OLEC	5	268	k141_493002_1	MLS	AAA26793|FEATURES|oleC|MLS|oleC	0.071875821	55.3	266	279	3.12e-94	1	NA
Tub.15-k141_242758_2-1..109	Tub.15	Potential	RBPA	1	109	k141_242758_2	peptide	undefined	0.261832266	60.9	110	141	4.01e-45	1	NA
Tub.15-k141_242758_2-1..109	Tub.15	Potential_loser	RBPA	1	109	k141_242758_2	multidrug	undefined	0.227790221	60.9	110	141	4.01e-45	1	NA
Tub.105-k141_346507_8-1..217	Tub.105	Probable	VANR	1	217	k141_346507_8	glycopeptide	gi:943675889:ref:WP_055502070.1:|FEATURES|vanR|glycopeptide|vanR	0.999985519	57.6	217	236	1.97e-79	1	NA
Tub.58-k141_328324_2-2..225	Tub.58	Probable	KDPE	2	225	k141_328324_2	aminoglycoside	NP_415222.1|FEATURES|kdpE|aminoglycoside|kdpE	0.965953052	50.2	227	216	2.07e-71	1	NA
Tub.85-k141_199512_4-1..132	Tub.85	Probable	GOLS	1	132	k141_199512_4	multidrug	NP_459349.1|FEATURES|golS|multidrug|golS	0.995588525	54.5	134	134	1.20e-41	1	NA
Tub.85-k141_350492_4-17..216	Tub.85	Probable	VATF	17	216	k141_350492_4	MLS	AAF63432|FEATURES|vatF|MLS|vatF	1	72.5	200	320	7.12e-113	1	NA
Tub.26-k141_269606_3-69..593	Tub.26	Probable	MULTIDRUG_ABC_TRANSPORTER	69	593	k141_269606_3	multidrug	gi:948137056:ref:WP_056795395.1:|FEATURES|multidrug_ABC_transporter|multidrug|multidrug_ABC_transporter	0.997785319	64.2	525	629	2.51e-223	1	NA
Tub.30-k141_129736_2-1..1038	Tub.30	Potential	ACRB	1	1038	k141_129736_2	multidrug	YP_002932544|FEATURES|acrB|multidrug|acrB	0.599495602	50.6	1045	963	0	1	NA
Tub.30-k141_129736_2-1..1038	Tub.30	Potential_loser	ACRB	1	1038	k141_129736_2	aminoglycoside	undefined	0.198767577	50.6	1045	963	0	1	NA
Tub.107-k141_137130_3-20..227	Tub.107	Potential	MTRA	20	227	k141_137130_3	aminoglycoside	undefined	0.591164137	50.2	211	190	2.02e-61	1	NA
Tub.107-k141_137130_3-20..227	Tub.107	Potential_loser	MTRA	20	227	k141_137130_3	multidrug	CCP46065.1|FEATURES|mtrA|multidrug|mtrA	0.261294015	50.2	211	190	2.02e-61	1	NA
Tub.85-k141_78140_2-3..1025	Tub.85	Probable	ACRB	3	1025	k141_78140_2	multidrug	gi:446414955:ref:WP_000492810.1:|FEATURES|acrB|multidrug|acrB	0.826938058	56	1041	1060	0	1	NA
Tub.85-k141_78140_2-3..1025	Tub.85	Potential_loser	ACRB	3	1025	k141_78140_2	aminoglycoside	undefined	0.112210562	56	1041	1060	0	1	NA
Tub.104-k141_406590_3-1..110	Tub.104	Potential	RBPA	1	110	k141_406590_3	peptide	undefined	0.255486228	55.9	111	120	5.21e-37	1	NA
Tub.104-k141_406590_3-1..110	Tub.104	Potential_loser	RBPA	1	110	k141_406590_3	multidrug	undefined	0.224869988	55.9	111	120	5.21e-37	1	NA
Tub.85-k141_662577_1-3..127	Tub.85	Potential	TRUNCATED_PUTATIVE_RESPONSE_REGULATOR_ARLR	3	127	k141_662577_1	unclassified	NC_002745.1124086.p01|FEATURES|truncated_putative_response_regulator_ArlR|unclassified|truncated_putative_response_regulator_ArlR	0.31319892	51.2	127	120	2.31e-35	1	NA
Tub.85-k141_662577_1-3..127	Tub.85	Potential_loser	TRUNCATED_PUTATIVE_RESPONSE_REGULATOR_ARLR	3	127	k141_662577_1	aminoglycoside	undefined	0.29882179	51.2	127	120	2.31e-35	1	NA
Tub.30-k141_359005_13-7..520	Tub.30	Probable	EMRB-QACA_FAMILY_MAJOR_FACILITATOR_TRANSPORTER	7	520	k141_359005_13	multidrug	EU408347.1.gene6.p01|FEATURES|EmrB-QacA_family_major_facilitator_transporter|multidrug|EmrB-QacA_family_major_facilitator_transporter	0.992594999	57.2	516	607	2.70e-216	1	NA
Tub.104-k141_165456_3-22..175	Tub.104	Probable	AAC(6')-I	22	175	k141_165456_3	aminoglycoside	AB164230.1.gene1.p01|FEATURES|aac(6')-I|aminoglycoside|aac(6')-I	0.999631659	54	161	170	7.60e-55	1	NA
Tub.26-k141_617830_6-1..1023	Tub.26	Potential	MEXK	1	1023	k141_617830_6	triclosan	undefined	0.791963361	82	1023	1621	0	1	NA
Tub.26-k141_617830_6-1..1023	Tub.26	Potential_loser	MEXK	1	1023	k141_617830_6	multidrug	AAG07064.1|FEATURES|MexK|multidrug|MexK	0.080439289	82	1023	1621	0	1	NA
Tub.59-k141_566492_1-24..218	Tub.59	Probable	KDPE	24	218	k141_566492_1	aminoglycoside	NP_415222.1|FEATURES|kdpE|aminoglycoside|kdpE	0.980403592	61.9	197	253	1.99e-86	1	NA
Tub.31-k141_152404_2-4..136	Tub.31	Probable	ADP-RIBOSYLATING_TRANSFERASE_ARR	4	136	k141_152404_2	rifamycin	AL939114.1.orf1.gene.p01|FEATURES|ADP-ribosylating_transferase_arr|rifamycin|ADP-ribosylating_transferase_arr	0.890676407	60.2	133	152	1.22e-48	1	NA
Tub.31-k141_152404_2-4..136	Tub.31	Potential_loser	ADP-RIBOSYLATING_TRANSFERASE_ARR	4	136	k141_152404_2	multidrug	undefined	0.0427621	60.2	133	152	1.22e-48	1	NA
Tub.16-k141_76615_2-3..156	Tub.16	Probable	AAC(6')-I	3	156	k141_76615_2	aminoglycoside	AB116646.1.gene1.p01|FEATURES|aac(6')-I|aminoglycoside|aac(6')-I	0.993578869	50.6	168	161	1.34e-51	1	NA
Tub.11-k141_379912_5-15..495	Tub.11	Potential	PUROMYCIN_RESISTANCE_PROTEIN	15	495	k141_379912_5	nucleoside	P42670|FEATURES|puromycin_resistance_protein|nucleoside|puromycin_resistance_protein	0.566687754	50.1	489	414	9.73e-141	1	NA
Tub.11-k141_379912_5-15..495	Tub.11	Potential_loser	PUROMYCIN_RESISTANCE_PROTEIN	15	495	k141_379912_5	multidrug	undefined	0.289175749	50.1	489	414	9.73e-141	1	NA
Tub.10-k141_117610_2-17..133	Tub.10	Probable	ADP-RIBOSYLATING_TRANSFERASE_ARR	17	133	k141_117610_2	rifamycin	AF001493.1.orf0.gene.p01|FEATURES|ADP-ribosylating_transferase_arr|rifamycin|ADP-ribosylating_transferase_arr	0.999179639	58.1	117	149	4.58e-48	1	NA
Tub.15-k141_288673_2-1..136	Tub.15	Potential	ADP-RIBOSYLATING_TRANSFERASE_ARR	1	136	k141_288673_2	multidrug	undefined	0.332927005	72.1	140	198	3.23e-67	1	NA
Tub.15-k141_288673_2-1..136	Tub.15	Potential_loser	ADP-RIBOSYLATING_TRANSFERASE_ARR	1	136	k141_288673_2	peptide	undefined	0.216131483	72.1	140	198	3.23e-67	1	NA
Tub.83-k141_106829_16-25..1153	Tub.83	Probable	RPOB2	25	1153	k141_106829_16	multidrug	BAD59497.1|FEATURES|rpoB2|multidrug|rpoB2	0.977860486	53.8	1224	1193	0	1	NA
Tub.12-k141_99023_2-7..143	Tub.12	Probable	ADP-RIBOSYLATING_TRANSFERASE_ARR	7	143	k141_99023_2	rifamycin	AF001493.1.orf0.gene.p01|FEATURES|ADP-ribosylating_transferase_arr|rifamycin|ADP-ribosylating_transferase_arr	0.999657566	75.2	137	225	1.30e-77	1	NA
Tub.10-k141_521373_1-15..215	Tub.10	Probable	VATF	15	215	k141_521373_1	MLS	AAF63432|FEATURES|vatF|MLS|vatF	0.99999951	52.7	205	218	1.23e-72	1	NA
Tub.105-k141_164989_1-1..156	Tub.105	Probable	AAC(6')-I	1	156	k141_164989_1	aminoglycoside	AB116646.1.gene1.p01|FEATURES|aac(6')-I|aminoglycoside|aac(6')-I	0.991933843	54.3	164	161	7.60e-52	1	NA
Tub.1-k141_93477_2-1..310	Tub.1	Potential	OLEC	1	310	k141_93477_2	tetracycline	undefined	0.897617748	51.8	313	290	2.22e-97	1	NA
Tub.1-k141_93477_2-1..310	Tub.1	Potential_loser	OLEC	1	310	k141_93477_2	MLS	AAA26793|FEATURES|oleC|MLS|oleC	0.07015302	51.8	313	290	2.22e-97	1	NA
Tub.51-k141_150903_1-1..918	Tub.51	Potential	ACRB	1	918	k141_150903_1	multidrug	gi:491078681:ref:WP_004940301.1:|FEATURES|acrB|multidrug|acrB	0.653430428	51.8	928	866	5.45e-304	1	NA
Tub.51-k141_150903_1-1..918	Tub.51	Potential_loser	ACRB	1	918	k141_150903_1	aminoglycoside	undefined	0.192465025	51.8	928	866	5.45e-304	1	NA
Tub.107-k141_4279_1-3..118	Tub.107	Potential	TRUNCATED_PUTATIVE_RESPONSE_REGULATOR_ARLR	3	118	k141_4279_1	unclassified	NC_002745.1124086.p01|FEATURES|truncated_putative_response_regulator_ArlR|unclassified|truncated_putative_response_regulator_ArlR	0.339765162	51.3	117	120	1.94e-36	1	NA
Tub.107-k141_4279_1-3..118	Tub.107	Potential_loser	TRUNCATED_PUTATIVE_RESPONSE_REGULATOR_ARLR	3	118	k141_4279_1	aminoglycoside	undefined	0.290581849	51.3	117	120	1.94e-36	1	NA
Tub.105-k141_374991_3-4..151	Tub.105	Probable	AAC(2')-I	4	151	k141_374991_3	aminoglycoside	YP_001848841|FEATURES|aac(2')-I|aminoglycoside|aac(2')-I	0.974455387	54.1	148	147	2.74e-46	1	NA
Tub.11-k141_14226_2-7..228	Tub.11	Potential	MTRA	7	228	k141_14226_2	aminoglycoside	undefined	0.468057453	50.4	226	211	1.16e-69	1	NA
Tub.11-k141_14226_2-7..228	Tub.11	Potential_loser	MTRA	7	228	k141_14226_2	multidrug	CCP46065.1|FEATURES|mtrA|multidrug|mtrA	0.274953111	50.4	226	211	1.16e-69	1	NA
Tub.83-k141_40849_2-7..465	Tub.83	Probable	OPRM	7	465	k141_40849_2	multidrug	NC_008702.1.4606278.p01|FEATURES|oprM|multidrug|oprM	0.872087774	52.8	460	395	3.62e-134	1	NA
Tub.83-k141_40849_2-7..465	Tub.83	Potential_loser	OPRM	7	465	k141_40849_2	aminoglycoside	undefined	0.066908584	52.8	460	395	3.62e-134	1	NA
Tub.1-k141_119985_1-1..118	Tub.1	Probable	BRP(MBL)	1	118	k141_119985_1	glycopeptide	YP_007652797.1|FEATURES|BRP(MBL)|glycopeptide|BRP(MBL)	0.993726499	63.6	118	163	5.82e-54	1	NA
Tub.31-k141_435125_24-27..363	Tub.31	Potential	EMRA	27	363	k141_435125_24	multidrug	gi:491019306:ref:WP_004881012.1:|FEATURES|emrA|multidrug|emrA	0.388556409	50.4	337	281	1.98e-92	1	NA
Tub.31-k141_435125_24-27..363	Tub.31	Potential_loser	EMRA	27	363	k141_435125_24	peptide	undefined	0.156663426	50.4	337	281	1.98e-92	1	NA
Tub.85-k141_217883_58-3..224	Tub.85	Probable	TRANSCRIPTIONAL_REGULATORY_PROTEIN_CPXR_CPXR	3	224	k141_217883_58	unclassified	CP000675.2.gene1535.p01|FEATURES|transcriptional_regulatory_protein_CpxR_cpxR|unclassified|transcriptional_regulatory_protein_CpxR_cpxR	0.810923434	53.8	225	227	7.20e-76	1	NA
Tub.85-k141_217883_58-3..224	Tub.85	Potential_loser	TRANSCRIPTIONAL_REGULATORY_PROTEIN_CPXR_CPXR	3	224	k141_217883_58	aminoglycoside:aminocoumarin	undefined	0.056395463	53.8	225	227	7.20e-76	1	NA
Tub.70-k141_57364_1-1..101	Tub.70	Potential	RBPA	1	101	k141_57364_1	peptide	undefined	0.262488561	56.9	102	115	2.66e-35	1	NA
Tub.70-k141_57364_1-1..101	Tub.70	Potential_loser	RBPA	1	101	k141_57364_1	multidrug	undefined	0.228180259	56.9	102	115	2.66e-35	1	NA
Tub.82-k141_290971_1-1..107	Tub.82	Potential	RBPA	1	107	k141_290971_1	peptide	undefined	0.256724344	57.4	108	118	3.25e-36	1	NA
Tub.82-k141_290971_1-1..107	Tub.82	Potential_loser	RBPA	1	107	k141_290971_1	multidrug	undefined	0.225141159	57.4	108	118	3.25e-36	1	NA
Tub.88-k141_252562_1-9..297	Tub.88	Probable	PMRF	9	297	k141_252562_1	peptide	AAC75314.1|FEATURES|PmrF|peptide|PmrF	0.923324141	51.4	290	283	5.04e-95	1	NA
Tub.18-k141_222537_2-6..143	Tub.18	Probable	ADP-RIBOSYLATING_TRANSFERASE_ARR	6	143	k141_222537_2	rifamycin	AF001493.1.orf0.gene.p01|FEATURES|ADP-ribosylating_transferase_arr|rifamycin|ADP-ribosylating_transferase_arr	0.999714511	71	138	217	1.45e-74	1	NA
Tub.15-k141_2285_1-1..98	Tub.15	Potential	RBPA	1	98	k141_2285_1	peptide	undefined	0.259765365	61.6	99	130	5.57e-41	1	NA
Tub.15-k141_2285_1-1..98	Tub.15	Potential_loser	RBPA	1	98	k141_2285_1	multidrug	undefined	0.225956153	61.6	99	130	5.57e-41	1	NA
Tub.31-k141_409396_12-12..233	Tub.31	Probable	BAER	12	233	k141_409396_12	multidrug	YP_490321.1|FEATURES|baeR|multidrug|baeR	0.999939741	56.8	222	251	5.68e-85	1	NA
Tub.51-k141_118437_2-24..296	Tub.51	Potential	AIM-1	24	296	k141_118437_2	peptide	undefined	0.262953378	56	273	298	1.94e-101	1	NA
Tub.51-k141_118437_2-24..296	Tub.51	Potential_loser	AIM-1	24	296	k141_118437_2	aminoglycoside	undefined	0.226078247	56	273	298	1.94e-101	1	NA
Tub.59-k141_176112_9-9..385	Tub.59	Probable	TETA	9	385	k141_176112_9	tetracycline	BAC67144|FEATURES|tetA|tetracycline|tetA	0.999999099	50.1	377	382	7.93e-132	1	tetracycline antibiotic
Tub.34-k141_504830_1-2..143	Tub.34	Probable	ADP-RIBOSYLATING_TRANSFERASE_ARR	2	143	k141_504830_1	rifamycin	AF001493.1.orf0.gene.p01|FEATURES|ADP-ribosylating_transferase_arr|rifamycin|ADP-ribosylating_transferase_arr	0.999692106	57.7	142	172	9.82e-57	1	NA
Tub.82-k141_514022_9-8..242	Tub.82	Probable	OMPR	8	242	k141_514022_9	multidrug	NC_008702.1.4607594.p01|FEATURES|ompR|multidrug|ompR	0.989797666	50.6	235	216	8.06e-71	1	NA
Tub.12-k141_217899_2-6..143	Tub.12	Probable	ADP-RIBOSYLATING_TRANSFERASE_ARR	6	143	k141_217899_2	rifamycin	AF001493.1.orf0.gene.p01|FEATURES|ADP-ribosylating_transferase_arr|rifamycin|ADP-ribosylating_transferase_arr	0.999653814	73.9	138	221	6.41e-76	1	NA
Tub.11-k141_267990_1-8..80	Tub.11	Probable	TRUNCATED_PUTATIVE_RESPONSE_REGULATOR_ARLR	8	80	k141_267990_1	unclassified	NC_002745.3251084.p01|FEATURES|truncated_putative_response_regulator_ArlR|unclassified|truncated_putative_response_regulator_ArlR	0.90591378	57.5	73	83.2	5.31e-23	1	NA
Tub.104-k141_561646_3-3..317	Tub.104	Potential	OLEC	3	317	k141_561646_3	tetracycline	undefined	0.880896187	51.1	319	285	9.16e-96	1	NA
Tub.104-k141_561646_3-3..317	Tub.104	Potential_loser	OLEC	3	317	k141_561646_3	MLS	AAA26793|FEATURES|oleC|MLS|oleC	0.071658383	51.1	319	285	9.16e-96	1	NA
Tub.4-k141_444179_2-7..81	Tub.4	Probable	TRUNCATED_PUTATIVE_RESPONSE_REGULATOR_ARLR	7	81	k141_444179_2	unclassified	NC_002745.3251084.p01|FEATURES|truncated_putative_response_regulator_ArlR|unclassified|truncated_putative_response_regulator_ArlR	0.81629252	50	76	70.9	8.43e-17	1	NA
Tub.4-k141_444179_2-7..81	Tub.4	Potential_loser	TRUNCATED_PUTATIVE_RESPONSE_REGULATOR_ARLR	7	81	k141_444179_2	peptide	undefined	0.092076173	50	76	70.9	8.43e-17	1	NA
Tub.16-k141_638532_2-9..181	Tub.16	Probable	AAC(2')-I	9	181	k141_638532_2	aminoglycoside	YP_001848841|FEATURES|aac(2')-I|aminoglycoside|aac(2')-I	0.9999952	55.5	173	199	8.07e-66	1	NA
Tub.59-k141_132466_1-5..224	Tub.59	Probable	KDPE	5	224	k141_132466_1	aminoglycoside	NP_415222.1|FEATURES|kdpE|aminoglycoside|kdpE	0.978466191	52.7	220	246	2.18e-83	1	NA
Tub.82-k141_16773_2-1..133	Tub.82	Potential	FOSX	1	133	k141_16773_2	fosfomycin	gi:489826808:ref:WP_003730577.1:|FEATURES|fosX|fosfomycin|fosX	0.799678097	52.6	133	154	7.14e-50	1	NA
Tub.82-k141_16773_2-1..133	Tub.82	Potential_loser	FOSX	1	133	k141_16773_2	peptide	undefined	0.161100766	52.6	133	154	7.14e-50	1	NA
Tub.31-k141_581645_2-3..118	Tub.31	Probable	TRUNCATED_PUTATIVE_RESPONSE_REGULATOR_ARLR	3	118	k141_581645_2	unclassified	NC_002745.1124086.p01|FEATURES|truncated_putative_response_regulator_ArlR|unclassified|truncated_putative_response_regulator_ArlR	0.967652186	54.7	117	124	1.56e-36	1	NA
Tub.26-k141_277790_2-27..174	Tub.26	Probable	AAC(6')-I	27	174	k141_277790_2	aminoglycoside	AB164230.1.gene1.p01|FEATURES|aac(6')-I|aminoglycoside|aac(6')-I	0.999698013	53.8	156	164	8.58e-52	1	NA
Tub.85-k141_510733_12-28..1154	Tub.85	Probable	RPOB2	28	1154	k141_510733_12	multidrug	BAD59497.1|FEATURES|rpoB2|multidrug|rpoB2	0.995364685	57.9	1141	1258	0	1	NA
Tub.34-k141_253832_1-1..111	Tub.34	Potential	RBPA	1	111	k141_253832_1	peptide	undefined	0.26122522	60.7	112	134	2.89e-42	1	NA
Tub.34-k141_253832_1-1..111	Tub.34	Potential_loser	RBPA	1	111	k141_253832_1	multidrug	undefined	0.227288661	60.7	112	134	2.89e-42	1	NA
Tub.83-k141_359925_2-4..223	Tub.83	Potential	MTRA	4	223	k141_359925_2	aminoglycoside	undefined	0.513115216	50.2	223	222	1.02e-73	1	NA
Tub.83-k141_359925_2-4..223	Tub.83	Potential_loser	MTRA	4	223	k141_359925_2	multidrug	CCP46065.1|FEATURES|mtrA|multidrug|mtrA	0.271583105	50.2	223	222	1.02e-73	1	NA
Tub.10-k141_620855_2-4..227	Tub.10	Potential	MTRA	4	227	k141_620855_2	aminoglycoside	undefined	0.582223297	71.4	224	331	6.10e-117	1	NA
Tub.10-k141_620855_2-4..227	Tub.10	Potential_loser	MTRA	4	227	k141_620855_2	multidrug	CCP46065.1|FEATURES|mtrA|multidrug|mtrA	0.26287351	71.4	224	331	6.10e-117	1	NA
Tub.34-k141_316663_3-1..223	Tub.34	Probable	KDPE	1	223	k141_316663_3	aminoglycoside	NP_415222.1|FEATURES|kdpE|aminoglycoside|kdpE	0.988194436	51.8	224	223	3.75e-74	1	NA
Tub.105-k141_302326_1-1..111	Tub.105	Potential	RBPA	1	111	k141_302326_1	peptide	undefined	0.255341686	52.7	112	117	8.77e-36	1	NA
Tub.105-k141_302326_1-1..111	Tub.105	Potential_loser	RBPA	1	111	k141_302326_1	multidrug	undefined	0.224822413	52.7	112	117	8.77e-36	1	NA
Tub.105-k141_462727_3-3..317	Tub.105	Potential	OLEC	3	317	k141_462727_3	tetracycline	undefined	0.880896187	51.1	319	285	9.16e-96	1	NA
Tub.105-k141_462727_3-3..317	Tub.105	Potential_loser	OLEC	3	317	k141_462727_3	MLS	AAA26793|FEATURES|oleC|MLS|oleC	0.071658383	51.1	319	285	9.16e-96	1	NA
Tub.34-k141_154585_2-7..128	Tub.34	Probable	BLEOMYCIN_RESISTANCE_PROTEIN	7	128	k141_154585_2	glycopeptide	gi:452754543:emb:CCP89775.1:|FEATURES|bleomycin_resistance_protein|glycopeptide|bleomycin_resistance_protein	0.999979211	52	125	133	2.55e-41	1	NA
Tub.64-k141_95868_1-55..284	Tub.64	Potential	SUL4	55	284	k141_95868_1	multidrug	undefined	0.273209729	51.3	230	221	7.77e-73	1	NA
Tub.64-k141_95868_1-55..284	Tub.64	Potential_loser	SUL4	55	284	k141_95868_1	peptide	undefined	0.213302542	51.3	230	221	7.77e-73	1	NA
Tub.10-k141_542308_1-1..109	Tub.10	Potential	RBPA	1	109	k141_542308_1	peptide	undefined	0.262053551	62.7	110	147	1.08e-47	1	NA
Tub.10-k141_542308_1-1..109	Tub.10	Potential_loser	RBPA	1	109	k141_542308_1	multidrug	undefined	0.227936763	62.7	110	147	1.08e-47	1	NA
Tub.85-k141_377016_2-1..120	Tub.85	Potential	TRUNCATED_PUTATIVE_RESPONSE_REGULATOR_ARLR	1	120	k141_377016_2	aminoglycoside	undefined	0.305520398	50	122	111	1.39e-31	1	NA
Tub.85-k141_377016_2-1..120	Tub.85	Potential_loser	TRUNCATED_PUTATIVE_RESPONSE_REGULATOR_ARLR	1	120	k141_377016_2	unclassified	NC_002745.1124086.p01|FEATURES|truncated_putative_response_regulator_ArlR|unclassified|truncated_putative_response_regulator_ArlR	0.286391576	50	122	111	1.39e-31	1	NA
Tub.10-k141_15872_1-4..123	Tub.10	Potential	ADP-RIBOSYLATING_TRANSFERASE_ARR	4	123	k141_15872_1	rifamycin	AL939114.1.orf1.gene.p01|FEATURES|ADP-ribosylating_transferase_arr|rifamycin|ADP-ribosylating_transferase_arr	0.536791422	61.7	120	147	1.11e-46	1	NA
Tub.10-k141_15872_1-4..123	Tub.10	Potential_loser	ADP-RIBOSYLATING_TRANSFERASE_ARR	4	123	k141_15872_1	multidrug	undefined	0.150739968	61.7	120	147	1.11e-46	1	NA
Tub.15-k141_289535_1-2..143	Tub.15	Probable	ADP-RIBOSYLATING_TRANSFERASE_ARR	2	143	k141_289535_1	rifamycin	AF001493.1.orf0.gene.p01|FEATURES|ADP-ribosylating_transferase_arr|rifamycin|ADP-ribosylating_transferase_arr	0.999048019	74.6	142	228	1.16e-78	1	NA
Tub.31-k141_797509_5-36..288	Tub.31	Potential	CTX-M	36	288	k141_797509_5	beta-lactam	FJ214366.1.gene1.p1|FEATURES|CTX-M-83|beta-lactam|CTX-M	0.723698016	51.2	254	255	6.12e-85	1	NA
Tub.31-k141_797509_5-36..288	Tub.31	Potential_loser	CTX-M	36	288	k141_797509_5	glycopeptide	undefined	0.154982715	51.2	254	255	6.12e-85	1	NA
Tub.59-k141_346744_5-1..212	Tub.59	Probable	MEXL	1	212	k141_346744_5	multidrug	NP_252368.1|FEATURES|MexL|multidrug|MexL	0.994769086	50	212	201	5.44e-66	1	NA
Tub.1-k141_89037_2-9..261	Tub.1	Probable	KASUGAMYCIN_RESISTANCE_PROTEIN_KSGA	9	261	k141_89037_2	aminoglycoside	Q7N8V7|FEATURES|kasugamycin_resistance_protein_ksgA|aminoglycoside|kasugamycin_resistance_protein_ksgA	0.901277337	50.6	253	248	8.32e-83	1	NA
Tub.18-k141_331807_3-4..154	Tub.18	Probable	AAC(3)-I	4	154	k141_331807_3	aminoglycoside	AJ511268.1.gene3.p01|FEATURES|aac(3)-I|aminoglycoside|aac(3)-I	0.999988459	60.3	151	181	6.40e-60	1	NA
Tub.59-k141_174727_2-1..1035	Tub.59	Potential	MUXC	1	1035	k141_174727_2	multidrug	NP_251216.1|FEATURES|MuxC|multidrug|MuxC	0.526317634	58.6	1037	1108	0	1	NA
Tub.59-k141_174727_2-1..1035	Tub.59	Potential_loser	MUXC	1	1035	k141_174727_2	aminocoumarin	NP_251216.1|FEATURES|MuxC|multidrug|MuxC	0.4653924	58.6	1037	1108	0	1	NA
Tub.31-k141_636133_1-2..154	Tub.31	Potential	TETC	2	154	k141_636133_1	aminoglycoside	undefined	0.374314617	53.2	154	148	5.39e-46	1	NA
Tub.31-k141_636133_1-2..154	Tub.31	Potential_loser	TETC	2	154	k141_636133_1	tetracycline	AY171578.gene.p01|FEATURES|tetC|tetracycline|tetC	0.231229011	53.2	154	148	5.39e-46	1	NA
Tub.31-k141_101870_8-1..1014	Tub.31	Potential	MEXW	1	1014	k141_101870_8	multidrug	YP_001186705|FEATURES|mexW|multidrug|mexW	0.480344043	50.6	1016	926	0	1	NA
Tub.31-k141_101870_8-1..1014	Tub.31	Potential_loser	MEXW	1	1014	k141_101870_8	MLS	undefined	0.174563905	50.6	1016	926	0	1	NA
Tub.82-k141_328580_1-8..280	Tub.82	Potential	BACA	8	280	k141_328580_1	peptide	undefined	0.272726934	52.3	283	246	7.57e-82	1	NA
Tub.82-k141_328580_1-8..280	Tub.82	Potential_loser	BACA	8	280	k141_328580_1	multidrug	undefined	0.224988407	52.3	283	246	7.57e-82	1	NA
Tub.16-k141_530115_1-4..185	Tub.16	Probable	CAMP-REGULATORY_PROTEIN	4	185	k141_530115_1	unclassified	gi:446164906:ref:WP_000242761.1:|FEATURES|cAMP-regulatory_protein|unclassified|cAMP-regulatory_protein	0.995420394	51.9	187	199	2.32e-65	1	NA
Tub.34-k141_616891_2-1..217	Tub.34	Probable	VANR	1	217	k141_616891_2	glycopeptide	gi:943675889:ref:WP_055502070.1:|FEATURES|vanR|glycopeptide|vanR	0.999782659	52.5	217	224	1.07e-74	1	NA
Tub.31-k141_344630_1-19..349	Tub.31	Probable	ROSA	19	349	k141_344630_1	fosmidomycin	ZP_04621517|FEATURES|rosA|fosmidomycin|rosA	0.99775296	67.4	334	434	2.89e-152	1	NA
Tub.31-k141_1174_10-4..224	Tub.31	Probable	KDPE	4	224	k141_1174_10	aminoglycoside	NP_415222.1|FEATURES|kdpE|aminoglycoside|kdpE	0.969518602	51.6	223	228	3.65e-76	1	NA
Tub.83-k141_160679_3-3..119	Tub.83	Potential	TRUNCATED_PUTATIVE_RESPONSE_REGULATOR_ARLR	3	119	k141_160679_3	unclassified	NC_002745.1124086.p01|FEATURES|truncated_putative_response_regulator_ArlR|unclassified|truncated_putative_response_regulator_ArlR	0.330899751	52.5	118	124	7.58e-37	1	NA
Tub.83-k141_160679_3-3..119	Tub.83	Potential_loser	TRUNCATED_PUTATIVE_RESPONSE_REGULATOR_ARLR	3	119	k141_160679_3	aminoglycoside	undefined	0.293464659	52.5	118	124	7.58e-37	1	NA
Tub.83-k141_249726_6-8..224	Tub.83	Potential	MTRA	8	224	k141_249726_6	aminoglycoside	undefined	0.486601193	51.6	219	202	4.82e-66	1	NA
Tub.83-k141_249726_6-8..224	Tub.83	Potential_loser	MTRA	8	224	k141_249726_6	multidrug	CCP46065.1|FEATURES|mtrA|multidrug|mtrA	0.273737251	51.6	219	202	4.82e-66	1	NA
Tub.82-k141_453920_22-24..596	Tub.82	Probable	MULTIDRUG_ABC_TRANSPORTER	24	596	k141_453920_22	multidrug	gi:664556405:ref:WP_031071225.1:|FEATURES|multidrug_ABC_transporter|multidrug|multidrug_ABC_transporter	0.998405567	68.1	573	724	4.21e-260	1	NA
Tub.58-k141_230553_2-23..225	Tub.58	Potential	MTRA	23	225	k141_230553_2	aminoglycoside	undefined	0.51998871	63.1	203	256	1.83e-87	1	NA
Tub.58-k141_230553_2-23..225	Tub.58	Potential_loser	MTRA	23	225	k141_230553_2	multidrug	CCP46065.1|FEATURES|mtrA|multidrug|mtrA	0.270915102	63.1	203	256	1.83e-87	1	NA
Tub.58-k141_220326_2-3..130	Tub.58	Probable	GOLS	3	130	k141_220326_2	multidrug	NP_459349.1|FEATURES|golS|multidrug|golS	0.996396189	55.5	128	147	9.22e-47	1	NA
Tub.51-k141_311537_1-7..194	Tub.51	Potential	MTRA	7	194	k141_311537_1	aminoglycoside	undefined	0.434728189	50	188	184	2.21e-59	1	NA
Tub.51-k141_311537_1-7..194	Tub.51	Potential_loser	MTRA	7	194	k141_311537_1	multidrug	CCP46065.1|FEATURES|mtrA|multidrug|mtrA	0.275988016	50	188	184	2.21e-59	1	NA
Tub.12-k141_510465_1-25..230	Tub.12	Potential	TEM	25	230	k141_510465_1	multidrug	undefined	0.296363422	51.4	208	195	2.71e-62	1	NA
Tub.12-k141_510465_1-25..230	Tub.12	Potential_loser	TEM	25	230	k141_510465_1	aminoglycoside	undefined	0.234513988	51.4	208	195	2.71e-62	1	NA
Tub.51-k141_150956_7-11..261	Tub.51	Probable	KASUGAMYCIN_RESISTANCE_PROTEIN_KSGA	11	261	k141_150956_7	aminoglycoside	YP_001476958|FEATURES|kasugamycin_resistance_protein_ksgA|aminoglycoside|kasugamycin_resistance_protein_ksgA	0.999999331	52.8	252	230	1.46e-75	1	NA
Tub.4-k141_265320_9-3..150	Tub.4	Probable	AAC(3)-I	3	150	k141_265320_9	aminoglycoside	CAI46944|FEATURES|aac(3)-I|aminoglycoside|aac(3)-I	0.999991448	52	148	131	3.39e-40	1	NA
Tub.31-k141_505080_9-3..232	Tub.31	Potential	TRANSCRIPTIONAL_REGULATORY_PROTEIN_CPXR_CPXR	3	232	k141_505080_9	unclassified	CP000647.1.gene4257.p01|FEATURES|transcriptional_regulatory_protein_CpxR_cpxR|unclassified|transcriptional_regulatory_protein_CpxR_cpxR	0.396305982	50.2	233	212	1.29e-69	1	NA
Tub.31-k141_505080_9-3..232	Tub.31	Potential_loser	TRANSCRIPTIONAL_REGULATORY_PROTEIN_CPXR_CPXR	3	232	k141_505080_9	aminoglycoside	undefined	0.192812119	50.2	233	212	1.29e-69	1	NA
Tub.105-k141_358777_2-12..181	Tub.105	Probable	AAC(2')-I	12	181	k141_358777_2	aminoglycoside	AE000516.2.gene277.p01|FEATURES|aac(2')-I|aminoglycoside|aac(2')-I	0.999695595	53.5	170	184	4.06e-60	1	NA
Tub.83-k141_662345_15-5..81	Tub.83	Probable	TRUNCATED_PUTATIVE_RESPONSE_REGULATOR_ARLR	5	81	k141_662345_15	unclassified	NC_002745.3251084.p01|FEATURES|truncated_putative_response_regulator_ArlR|unclassified|truncated_putative_response_regulator_ArlR	0.907569824	50.6	77	86.3	1.93e-22	1	NA
Tub.58-k141_462910_2-1..110	Tub.58	Potential	QACH	1	110	k141_462910_2	aminoglycoside	AAZ42322.1|FEATURES|qacH|fluoroquinolone|qacH	0.428184793	62.7	110	137	7.12e-44	1	disinfecting agents and antiseptics
Tub.58-k141_462910_2-1..110	Tub.58	Potential_loser	QACH	1	110	k141_462910_2	peptide	undefined	0.128624859	62.7	110	137	7.12e-44	1	disinfecting agents and antiseptics
Tub.85-k141_746299_2-256..1121	Tub.85	Probable	RPOB2	256	1121	k141_746299_2	multidrug	BAD59497.1|FEATURES|rpoB2|multidrug|rpoB2	0.986363845	55.3	968	983	0	1	NA
Tub.104-k141_437316_10-38..1153	Tub.104	Probable	RPOB2	38	1153	k141_437316_10	multidrug	BAD59497.1|FEATURES|rpoB2|multidrug|rpoB2	0.990269735	67.1	1123	1459	0	1	NA
Tub.58-k141_428459_1-6..123	Tub.58	Probable	ADP-RIBOSYLATING_TRANSFERASE_ARR	6	123	k141_428459_1	rifamycin	AL939114.1.orf1.gene.p01|FEATURES|ADP-ribosylating_transferase_arr|rifamycin|ADP-ribosylating_transferase_arr	0.999237841	63.6	118	155	1.27e-49	1	NA
Tub.82-k141_467340_1-3..118	Tub.82	Potential	TRUNCATED_PUTATIVE_RESPONSE_REGULATOR_ARLR	3	118	k141_467340_1	unclassified	NC_002745.1124086.p01|FEATURES|truncated_putative_response_regulator_ArlR|unclassified|truncated_putative_response_regulator_ArlR	0.307723083	51.3	117	120	2.63e-35	1	NA
Tub.82-k141_467340_1-3..118	Tub.82	Potential_loser	TRUNCATED_PUTATIVE_RESPONSE_REGULATOR_ARLR	3	118	k141_467340_1	aminoglycoside	undefined	0.300363966	51.3	117	120	2.63e-35	1	NA
Tub.31-k141_505577_4-9..261	Tub.31	Probable	KASUGAMYCIN_RESISTANCE_PROTEIN_KSGA	9	261	k141_505577_4	aminoglycoside	YP_001476958|FEATURES|kasugamycin_resistance_protein_ksgA|aminoglycoside|kasugamycin_resistance_protein_ksgA	0.999999895	51.9	258	236	4.82e-78	1	NA
Tub.94-k141_17795_5-9..268	Tub.94	Potential	KASUGAMYCIN_RESISTANCE_PROTEIN_KSGA	9	268	k141_17795_5	aminoglycoside	YP_001439344|FEATURES|kasugamycin_resistance_protein_ksgA|aminoglycoside|kasugamycin_resistance_protein_ksgA	0.559123227	50.4	260	242	2.70e-80	1	NA
Tub.94-k141_17795_5-9..268	Tub.94	Potential_loser	KASUGAMYCIN_RESISTANCE_PROTEIN_KSGA	9	268	k141_17795_5	multidrug	undefined	0.232203288	50.4	260	242	2.70e-80	1	NA
Tub.82-k141_200715_19-1..1025	Tub.82	Potential	MUXB	1	1025	k141_200715_19	aminocoumarin	NP_251217.1|FEATURES|MuxB|multidrug|MuxB	0.756245587	73.4	1025	1405	0	1	NA
Tub.82-k141_200715_19-1..1025	Tub.82	Potential_loser	MUXB	1	1025	k141_200715_19	multidrug	NP_251217.1|FEATURES|MuxB|multidrug|MuxB	0.215609252	73.4	1025	1405	0	1	NA
Tub.58-k141_351977_2-3..134	Tub.58	Probable	GOLS	3	134	k141_351977_2	multidrug	NP_459349.1|FEATURES|golS|multidrug|golS	0.996923829	55.3	132	152	2.29e-48	1	NA
Tub.83-k141_390850_3-1..109	Tub.83	Potential	RBPA	1	109	k141_390850_3	peptide	undefined	0.262488561	56.4	110	128	4.39e-40	1	NA
Tub.83-k141_390850_3-1..109	Tub.83	Potential_loser	RBPA	1	109	k141_390850_3	multidrug	undefined	0.228180259	56.4	110	128	4.39e-40	1	NA
Tub.58-k141_582391_13-5..512	Tub.58	Potential	EMRB	5	512	k141_582391_13	tetracycline	undefined	0.345900782	55	509	535	2.33e-188	1	NA
Tub.58-k141_582391_13-5..512	Tub.58	Potential_loser	EMRB	5	512	k141_582391_13	antibacterial_free_fatty_acids	gi:757800118:ref:WP_043017320.1:|FEATURES|emrB|multidrug|emrB	0.142869119	55	509	535	2.33e-188	1	NA
Tub.58-k141_300610_1-7..246	Tub.58	Probable	IMP	7	246	k141_300610_1	beta-lactam	ABD85195|FEATURES|IMP|beta-lactam|IMP	0.999997451	73.8	240	368	8.68e-131	1	NA
Tub.104-k141_370097_4-1..277	Tub.104	Probable	CHRB	1	277	k141_370097_4	MLS	AAS79458.1|FEATURES|chrB|MLS|chrB	0.984954881	51.4	280	245	2.77e-81	1	NA
Tub.26-k141_366358_8-11..399	Tub.26	Potential	MUXA	11	399	k141_366358_8	multidrug	NP_251218.1|FEATURES|MuxA|multidrug|MuxA	0.279238487	50.5	398	363	2.69e-123	1	NA
Tub.26-k141_366358_8-11..399	Tub.26	Potential_loser	MUXA	11	399	k141_366358_8	aminoglycoside	undefined	0.215443095	50.5	398	363	2.69e-123	1	NA
Tub.58-k141_58062_1-16..373	Tub.58	Probable	SMED	16	373	k141_58062_1	multidrug	YP_002706076|FEATURES|smeD|multidrug|smeD	0.82138357	57.4	359	382	5.30e-132	1	NA
Tub.58-k141_58062_1-16..373	Tub.58	Potential_loser	SMED	16	373	k141_58062_1	fluoroquinolone	undefined	0.041913801	57.4	359	382	5.30e-132	1	NA
Tub.11-k141_225041_2-9..184	Tub.11	Probable	VATE	9	184	k141_225041_2	MLS	AF139725.gene.p01|FEATURES|vatE|MLS|vatE	0.999999979	52.5	177	192	4.30e-63	1	NA
Tub.85-k141_279136_2-3..324	Tub.85	Probable	TETA(48)	3	324	k141_279136_2	tetracycline	APB03214.1|FEATURES|tetA(48)|tetracycline|tetA(48)	0.997361023	52.4	328	301	7.65e-102	1	NA
Tub.58-k141_275092_7-1..109	Tub.58	Potential	RBPA	1	109	k141_275092_7	peptide	undefined	0.260624313	53.2	109	115	1.69e-34	1	NA
Tub.58-k141_275092_7-1..109	Tub.58	Potential_loser	RBPA	1	109	k141_275092_7	multidrug	undefined	0.226749766	53.2	109	115	1.69e-34	1	NA
Tub.26-k141_26728_4-10..154	Tub.26	Probable	AAC(3)-I	10	154	k141_26728_4	aminoglycoside	AJ511268.1.gene3.p01|FEATURES|aac(3)-I|aminoglycoside|aac(3)-I	0.999999973	62.1	145	181	5.71e-60	1	NA
Tub.31-k141_293287_2-6..211	Tub.31	Probable	VATF	6	211	k141_293287_2	MLS	AAF63432|FEATURES|vatF|MLS|vatF	1	69.4	206	311	1.54e-109	1	NA
Tub.16-k141_384834_1-24..170	Tub.16	Probable	AAC(3)-I	24	170	k141_384834_1	aminoglycoside	gi:695737392:ref:WP_032663836.1:|FEATURES|aac(3)-I|aminoglycoside|aac(3)-I	0.999999985	61.9	147	191	2.07e-63	1	NA
Tub.82-k141_220284_2-4..224	Tub.82	Potential	MTRA	4	224	k141_220284_2	aminoglycoside	undefined	0.448032964	51.1	223	206	2.09e-67	1	NA
Tub.82-k141_220284_2-4..224	Tub.82	Potential_loser	MTRA	4	224	k141_220284_2	multidrug	CCP46065.1|FEATURES|mtrA|multidrug|mtrA	0.275809644	51.1	223	206	2.09e-67	1	NA
Tub.85-k141_721641_2-8..217	Tub.85	Probable	VATF	8	217	k141_721641_2	MLS	AAF63432|FEATURES|vatF|MLS|vatF	0.999999999	53.3	210	245	8.32e-83	1	NA
Tub.83-k141_241009_1-2..224	Tub.83	Potential	MTRA	2	224	k141_241009_1	aminoglycoside	undefined	0.496131135	50.4	224	209	2.36e-68	1	NA
Tub.83-k141_241009_1-2..224	Tub.83	Potential_loser	MTRA	2	224	k141_241009_1	multidrug	CCP46065.1|FEATURES|mtrA|multidrug|mtrA	0.272995142	50.4	224	209	2.36e-68	1	NA
Tub.31-k141_15561_2-7..279	Tub.31	Potential	MEXA	7	279	k141_15561_2	multidrug	gi:552704089:gb:ERZ17546.1:|FEATURES|mexA|multidrug|mexA	0.459034614	50.5	287	249	1.68e-81	1	NA
Tub.31-k141_15561_2-7..279	Tub.31	Potential_loser	MEXA	7	279	k141_15561_2	aminoglycoside	undefined	0.15998704	50.5	287	249	1.68e-81	1	NA
Tub.85-k141_768080_3-1..151	Tub.85	Probable	AAC(3)-I	1	151	k141_768080_3	aminoglycoside	gi:746038505:ref:WP_039110078.1:|FEATURES|aac(3)-I|aminoglycoside|aac(3)-I	0.999999986	59.6	151	183	1.06e-60	1	NA
Tub.18-k141_522164_1-3..105	Tub.18	Potential	RBPA	3	105	k141_522164_1	peptide	undefined	0.251437803	57.7	104	112	1.60e-33	1	NA
Tub.18-k141_522164_1-3..105	Tub.18	Potential_loser	RBPA	3	105	k141_522164_1	multidrug	undefined	0.223639474	57.7	104	112	1.60e-33	1	NA
Tub.31-k141_365454_7-14..291	Tub.31	Probable	LRA	14	291	k141_365454_7	beta-lactam	EU408351.1.gene26.p01|FEATURES|LRA-12|beta-lactam|LRA	0.999978005	71.6	278	416	8.06e-148	1	NA
Tub.83-k141_349041_1-32..222	Tub.83	Probable	KDPE	32	222	k141_349041_1	aminoglycoside	NP_415222.1|FEATURES|kdpE|aminoglycoside|kdpE	0.985049452	54.5	191	215	1.46e-71	1	NA
Tub.31-k141_617135_2-4..226	Tub.31	Potential	MTRA	4	226	k141_617135_2	aminoglycoside	undefined	0.591164137	67.3	223	303	1.16e-105	1	NA
Tub.31-k141_617135_2-4..226	Tub.31	Potential_loser	MTRA	4	226	k141_617135_2	multidrug	CCP46065.1|FEATURES|mtrA|multidrug|mtrA	0.261294015	67.3	223	303	1.16e-105	1	NA
Tub.58-k141_195720_3-6..512	Tub.58	Probable	EMRB	6	512	k141_195720_3	multidrug	gi:757800118:ref:WP_043017320.1:|FEATURES|emrB|multidrug|emrB	0.998422936	52.2	513	514	9.40e-180	1	NA
Tub.85-k141_582111_1-6..288	Tub.85	Probable	LRA	6	288	k141_582111_1	beta-lactam	EU408346.1.gene6.p01|FEATURES|LRA-1|beta-lactam|LRA	0.849513126	60.6	284	330	2.91e-114	1	NA
Tub.85-k141_582111_1-6..288	Tub.85	Potential_loser	LRA	6	288	k141_582111_1	aminoglycoside	undefined	0.042043966	60.6	284	330	2.91e-114	1	NA
Tub.18-k141_458296_2-10..209	Tub.18	Probable	MEXL	10	209	k141_458296_2	multidrug	NP_252368.1|FEATURES|MexL|multidrug|MexL	0.994769086	50	200	190	1.08e-61	1	NA
Tub.31-k141_625164_1-9..178	Tub.31	Potential	CAMP-REGULATORY_PROTEIN	9	178	k141_625164_1	unclassified	gi:446164891:ref:WP_000242746.1:|FEATURES|cAMP-regulatory_protein|unclassified|cAMP-regulatory_protein	0.479076555	50	176	182	1.05e-58	1	NA
Tub.31-k141_625164_1-9..178	Tub.31	Potential_loser	CAMP-REGULATORY_PROTEIN	9	178	k141_625164_1	aminoglycoside	undefined	0.177896165	50	176	182	1.05e-58	1	NA
Tub.58-k141_329479_4-40..1109	Tub.58	Probable	RPOB2	40	1109	k141_329479_4	multidrug	BAD59497.1|FEATURES|rpoB2|multidrug|rpoB2	0.973727104	53.7	1082	1081	0	1	NA
Tub.12-k141_73726_1-38..223	Tub.12	Probable	KDPE	38	223	k141_73726_1	aminoglycoside	NP_415222.1|FEATURES|kdpE|aminoglycoside|kdpE	0.986576269	55.4	186	210	7.40e-70	1	NA
Tub.34-k141_410921_1-3..118	Tub.34	Potential	TRUNCATED_PUTATIVE_RESPONSE_REGULATOR_ARLR	3	118	k141_410921_1	unclassified	NC_002745.1124086.p01|FEATURES|truncated_putative_response_regulator_ArlR|unclassified|truncated_putative_response_regulator_ArlR	0.33360318	51.3	117	121	6.50e-37	1	NA
Tub.34-k141_410921_1-3..118	Tub.34	Potential_loser	TRUNCATED_PUTATIVE_RESPONSE_REGULATOR_ARLR	3	118	k141_410921_1	aminoglycoside	undefined	0.292638435	51.3	117	121	6.50e-37	1	NA
Tub.105-k141_316320_4-3..156	Tub.105	Probable	AAC(6')-I	3	156	k141_316320_4	aminoglycoside	AB116646.1.gene1.p01|FEATURES|aac(6')-I|aminoglycoside|aac(6')-I	0.988468029	51.5	167	149	4.10e-47	1	NA
Tub.58-k141_538825_2-3..131	Tub.58	Potential	TRUNCATED_PUTATIVE_RESPONSE_REGULATOR_ARLR	3	131	k141_538825_2	unclassified	NC_002745.1124086.p01|FEATURES|truncated_putative_response_regulator_ArlR|unclassified|truncated_putative_response_regulator_ArlR	0.342964907	50.4	131	124	1.07e-36	1	NA
Tub.58-k141_538825_2-3..131	Tub.58	Potential_loser	TRUNCATED_PUTATIVE_RESPONSE_REGULATOR_ARLR	3	131	k141_538825_2	aminoglycoside	undefined	0.289478615	50.4	131	124	1.07e-36	1	NA
Tub.83-k141_160597_1-247..1153	Tub.83	Probable	RPOB2	247	1153	k141_160597_1	multidrug	BAD59497.1|FEATURES|rpoB2|multidrug|rpoB2	0.961980728	58.2	979	1040	0	1	NA
Tub.31-k141_409647_2-1..225	Tub.31	Probable	KDPE	1	225	k141_409647_2	aminoglycoside	NP_415222.1|FEATURES|kdpE|aminoglycoside|kdpE	0.987834202	64.6	226	302	3.22e-105	1	NA
Tub.59-k141_697797_1-38..222	Tub.59	Probable	TRUNCATED_PUTATIVE_RESPONSE_REGULATOR_ARLR	38	222	k141_697797_1	unclassified	HE999704.1.gene1528.p01|FEATURES|truncated_putative_response_regulator_ArlR|unclassified|truncated_putative_response_regulator_ArlR	0.994830571	53	185	178	1.90e-57	1	NA
Tub.82-k141_254725_105-1..102	Tub.82	Potential	RBPA	1	102	k141_254725_105	peptide	undefined	0.256460901	60	105	117	6.03e-36	1	NA
Tub.82-k141_254725_105-1..102	Tub.82	Potential_loser	RBPA	1	102	k141_254725_105	multidrug	undefined	0.225107493	60	105	117	6.03e-36	1	NA
Tub.26-k141_12764_9-1..995	Tub.26	Probable	MEXB	1	995	k141_12764_9	multidrug	CAW25151|FEATURES|mexB|multidrug|mexB	0.847081684	57.5	997	1086	0	1	NA
Tub.26-k141_12764_9-1..995	Tub.26	Potential_loser	MEXB	1	995	k141_12764_9	aminoglycoside	undefined	0.099347554	57.5	997	1086	0	1	NA
Tub.11-k141_375153_1-7..134	Tub.11	Probable	ADP-RIBOSYLATING_TRANSFERASE_ARR	7	134	k141_375153_1	rifamycin	AF001493.1.orf0.gene.p01|FEATURES|ADP-ribosylating_transferase_arr|rifamycin|ADP-ribosylating_transferase_arr	0.997623663	55.7	131	152	5.36e-49	1	NA
Tub.82-k141_243851_10-12..233	Tub.82	Probable	BAER	12	233	k141_243851_10	multidrug	YP_490321.1|FEATURES|baeR|multidrug|baeR	0.999972277	50.9	222	229	2.01e-76	1	NA
Tub.94-k141_480327_1-7..472	Tub.94	Potential	OPMB	7	472	k141_480327_1	multidrug	NP_251215.1|FEATURES|OpmB|multidrug|OpmB	0.715456745	50.7	467	412	6.36e-141	1	NA
Tub.94-k141_480327_1-7..472	Tub.94	Potential_loser	OPMB	7	472	k141_480327_1	aminoglycoside	undefined	0.100618757	50.7	467	412	6.36e-141	1	NA
Tub.104-k141_18103_1-1..217	Tub.104	Probable	VANR	1	217	k141_18103_1	glycopeptide	gi:938897327:ref:WP_054681472.1:|FEATURES|vanR|glycopeptide|vanR	0.999987973	57.1	217	246	1.41e-83	1	NA
Tub.58-k141_281576_6-2..463	Tub.58	Potential	OPRM	2	463	k141_281576_6	multidrug	NC_008702.1.4607681.p01|FEATURES|oprM|multidrug|oprM	0.503168914	66	465	550	1.95e-195	1	NA
Tub.58-k141_281576_6-2..463	Tub.58	Potential_loser	OPRM	2	463	k141_281576_6	aminoglycoside	undefined	0.205765944	66	465	550	1.95e-195	1	NA
Tub.30-k141_731577_3-2..403	Tub.30	Probable	ROSA	2	403	k141_731577_3	fosmidomycin	YP_001477378|FEATURES|rosA|fosmidomycin|rosA	0.998438969	62.3	406	481	3.05e-170	1	NA
Tub.58-k141_579453_1-6..366	Tub.58	Potential	OPRM	6	366	k141_579453_1	multidrug	gi:573999612:gb:ETU76469.1:|FEATURES|oprM|multidrug|oprM	0.723886471	51.2	363	306	1.31e-102	1	NA
Tub.58-k141_579453_1-6..366	Tub.58	Potential_loser	OPRM	6	366	k141_579453_1	aminoglycoside	undefined	0.127311757	51.2	363	306	1.31e-102	1	NA
Tub.83-k141_805415_2-116..607	Tub.83	Probable	MULTIDRUG_ABC_TRANSPORTER	116	607	k141_805415_2	multidrug	gi:1033151784:ref:WP_064457526.1:|FEATURES|multidrug_ABC_transporter|multidrug|multidrug_ABC_transporter	0.853250949	60	493	498	9.90e-173	1	NA
Tub.83-k141_805415_2-116..607	Tub.83	Potential_loser	MULTIDRUG_ABC_TRANSPORTER	116	607	k141_805415_2	fluoroquinolone	undefined	0.035579103	60	493	498	9.90e-173	1	NA
Tub.59-k141_495604_2-3..155	Tub.59	Potential	LEN	3	155	k141_495604_2	aminoglycoside	undefined	0.2924901	50.3	157	132	1.18e-38	1	NA
Tub.59-k141_495604_2-3..155	Tub.59	Potential_loser	LEN	3	155	k141_495604_2	multidrug	undefined	0.253247976	50.3	157	132	1.18e-38	1	NA
Tub.58-k141_258728_2-2..505	Tub.58	Potential	FARB	2	505	k141_258728_2	fluoroquinolone	undefined	0.175983144	51.9	507	547	5.24e-193	1	NA
Tub.58-k141_258728_2-2..505	Tub.58	Potential_loser	FARB	2	505	k141_258728_2	peptide	undefined	0.172985472	51.9	507	547	5.24e-193	1	NA
Tub.94-k141_449853_5-1..1038	Tub.94	Probable	ACRB	1	1038	k141_449853_5	multidrug	YP_002932544|FEATURES|acrB|multidrug|acrB	0.822785499	51.3	1045	976	0	1	NA
Tub.94-k141_449853_5-1..1038	Tub.94	Potential_loser	ACRB	1	1038	k141_449853_5	aminoglycoside	undefined	0.104620913	51.3	1045	976	0	1	NA
Tub.58-k141_315481_1-19..107	Tub.58	Potential	ABES	19	107	k141_315481_1	fluoroquinolone	NC_010410.6003348.p01|FEATURES|abeS|multidrug|abeS	0.667215042	59.6	89	102	3.40e-30	1	NA
Tub.58-k141_315481_1-19..107	Tub.58	Potential_loser	ABES	19	107	k141_315481_1	multidrug	NC_010410.6003348.p01|FEATURES|abeS|multidrug|abeS	0.120708415	59.6	89	102	3.40e-30	1	NA
Tub.58-k141_455280_1-10..208	Tub.58	Probable	MEXL	10	208	k141_455280_1	multidrug	NP_252368.1|FEATURES|MexL|multidrug|MexL	0.994253505	62.3	199	243	2.30e-82	1	NA
Tub.82-k141_471609_1-5..118	Tub.82	Potential	TRUNCATED_PUTATIVE_RESPONSE_REGULATOR_ARLR	5	118	k141_471609_1	aminoglycoside	undefined	0.308405246	50.4	115	107	2.99e-30	1	NA
Tub.82-k141_471609_1-5..118	Tub.82	Potential_loser	TRUNCATED_PUTATIVE_RESPONSE_REGULATOR_ARLR	5	118	k141_471609_1	unclassified	NC_002745.1124086.p01|FEATURES|truncated_putative_response_regulator_ArlR|unclassified|truncated_putative_response_regulator_ArlR	0.270177408	50.4	115	107	2.99e-30	1	NA
Tub.34-k141_638827_1-3..120	Tub.34	Potential	TRUNCATED_PUTATIVE_RESPONSE_REGULATOR_ARLR	3	120	k141_638827_1	unclassified	NC_002745.1124086.p01|FEATURES|truncated_putative_response_regulator_ArlR|unclassified|truncated_putative_response_regulator_ArlR	0.321168113	50.4	119	117	1.02e-34	1	NA
Tub.34-k141_638827_1-3..120	Tub.34	Potential_loser	TRUNCATED_PUTATIVE_RESPONSE_REGULATOR_ARLR	3	120	k141_638827_1	aminoglycoside	undefined	0.296449023	50.4	119	117	1.02e-34	1	NA
Tub.1-k141_302088_2-2..224	Tub.1	Probable	KDPE	2	224	k141_302088_2	aminoglycoside	NP_415222.1|FEATURES|kdpE|aminoglycoside|kdpE	0.986832379	59.8	224	275	8.23e-95	1	NA
Tub.94-k141_72386_1-9..233	Tub.94	Probable	KASUGAMYCIN_RESISTANCE_PROTEIN_KSGA	9	233	k141_72386_1	aminoglycoside	YP_001476958|FEATURES|kasugamycin_resistance_protein_ksgA|aminoglycoside|kasugamycin_resistance_protein_ksgA	0.927777365	51.1	227	209	9.58e-68	1	NA
Tub.34-k141_695047_1-1..109	Tub.34	Potential	RBPA	1	109	k141_695047_1	peptide	undefined	0.2555324	54.1	109	110	5.00e-33	1	NA
Tub.34-k141_695047_1-1..109	Tub.34	Potential_loser	RBPA	1	109	k141_695047_1	multidrug	undefined	0.224885938	54.1	109	110	5.00e-33	1	NA
Tub.30-k141_197100_3-1..151	Tub.30	Probable	AAC(3)-I	1	151	k141_197100_3	aminoglycoside	gi:639206639:ref:WP_024544906.1:|FEATURES|aac(3)-I|aminoglycoside|aac(3)-I	0.999975632	66.2	151	197	2.31e-66	1	NA
Tub.34-k141_180204_1-15..245	Tub.34	Probable	TETB(48)	15	245	k141_180204_1	tetracycline	APB03215.1|FEATURES|tetB(48)|tetracycline|tetB(48)	0.996944743	51.1	235	235	5.54e-78	1	NA
Tub.85-k141_141810_1-3..119	Tub.85	Potential	TRUNCATED_PUTATIVE_RESPONSE_REGULATOR_ARLR	3	119	k141_141810_1	aminoglycoside	undefined	0.303562335	50	118	114	9.30e-34	1	NA
Tub.85-k141_141810_1-3..119	Tub.85	Potential_loser	TRUNCATED_PUTATIVE_RESPONSE_REGULATOR_ARLR	3	119	k141_141810_1	unclassified	NC_002745.1124086.p01|FEATURES|truncated_putative_response_regulator_ArlR|unclassified|truncated_putative_response_regulator_ArlR	0.295233897	50	118	114	9.30e-34	1	NA
Tub.104-k141_510706_2-22..596	Tub.104	Probable	MULTIDRUG_ABC_TRANSPORTER	22	596	k141_510706_2	multidrug	gi:921231571:ref:WP_053176464.1:|FEATURES|multidrug_ABC_transporter|multidrug|multidrug_ABC_transporter	0.998578895	51.6	601	550	7.78e-191	1	NA
Tub.82-k141_123069_27-19..402	Tub.82	Probable	ROSA	19	402	k141_123069_27	fosmidomycin	YP_001605796|FEATURES|rosA|fosmidomycin|rosA	0.999274644	67.3	385	503	5.40e-179	1	NA
Tub.4-k141_189091_2-1..119	Tub.4	Probable	BRP(MBL)	1	119	k141_189091_2	glycopeptide	YP_007652797.1|FEATURES|BRP(MBL)|glycopeptide|BRP(MBL)	0.992905547	66.4	119	169	2.30e-56	1	NA
Tub.1-k141_33042_1-4..98	Tub.1	Probable	EMRE	4	98	k141_33042_1	multidrug	NC_002695.1.913273.p01|FEATURES|emrE|multidrug|emrE	0.914755657	51	98	83.2	1.35e-22	1	NA
Tub.34-k141_68482_1-4..227	Tub.34	Potential	MTRA	4	227	k141_68482_1	aminoglycoside	undefined	0.591164137	76.3	224	348	9.86e-123	1	NA
Tub.34-k141_68482_1-4..227	Tub.34	Potential_loser	MTRA	4	227	k141_68482_1	multidrug	CCP46065.1|FEATURES|mtrA|multidrug|mtrA	0.261294015	76.3	224	348	9.86e-123	1	NA
Tub.10-k141_596950_5-5..312	Tub.10	Potential	OLEC	5	312	k141_596950_5	tetracycline	undefined	0.892170514	50.5	309	288	7.70e-97	1	NA
Tub.10-k141_596950_5-5..312	Tub.10	Potential_loser	OLEC	5	312	k141_596950_5	MLS	AAA26793|FEATURES|oleC|MLS|oleC	0.070772672	50.5	309	288	7.70e-97	1	NA
Tub.4-k141_621514_2-2..132	Tub.4	Probable	GOLS	2	132	k141_621514_2	multidrug	NP_459349.1|FEATURES|golS|multidrug|golS	0.996694073	54.2	131	135	4.53e-42	1	NA
Tub.82-k141_303626_1-21..407	Tub.82	Probable	EMRB-QACA_FAMILY_MAJOR_FACILITATOR_TRANSPORTER	21	407	k141_303626_1	multidrug	gi:573596310:gb:ETT90379.1:|FEATURES|EmrB-QacA_family_major_facilitator_transporter|multidrug|EmrB-QacA_family_major_facilitator_transporter	0.999728916	50.1	387	355	1.42e-119	1	NA
Tub.59-k141_286162_4-3..1034	Tub.59	Probable	ACRB	3	1034	k141_286162_4	multidrug	gi:446414955:ref:WP_000492810.1:|FEATURES|acrB|multidrug|acrB	0.849576748	60	1034	1134	0	1	NA
Tub.59-k141_286162_4-3..1034	Tub.59	Potential_loser	ACRB	3	1034	k141_286162_4	aminoglycoside	undefined	0.136602594	60	1034	1134	0	1	NA
Tub.58-k141_525901_2-5..224	Tub.58	Probable	KDPE	5	224	k141_525901_2	aminoglycoside	NP_415222.1|FEATURES|kdpE|aminoglycoside|kdpE	0.985033682	60.6	226	277	2.27e-95	1	NA
Tub.58-k141_529203_3-1..148	Tub.58	Probable	GOLS	1	148	k141_529203_3	multidrug	NP_459349.1|FEATURES|golS|multidrug|golS	0.996023832	50	148	144	7.79e-45	1	NA
Tub.59-k141_511398_1-4..184	Tub.59	Probable	KDPE	4	184	k141_511398_1	aminoglycoside	NP_415222.1|FEATURES|kdpE|aminoglycoside|kdpE	0.953542154	54.7	181	194	2.35e-63	1	NA
Tub.105-k141_353507_1-1..109	Tub.105	Potential	RBPA	1	109	k141_353507_1	peptide	undefined	0.259873931	60	110	136	1.90e-43	1	NA
Tub.105-k141_353507_1-1..109	Tub.105	Potential_loser	RBPA	1	109	k141_353507_1	multidrug	undefined	0.226043333	60	110	136	1.90e-43	1	NA
Tub.31-k141_23638_20-2..475	Tub.31	Potential	OPMB	2	475	k141_23638_20	multidrug	NP_251215.1|FEATURES|OpmB|multidrug|OpmB	0.715456745	50.2	474	408	3.83e-139	1	NA
Tub.31-k141_23638_20-2..475	Tub.31	Potential_loser	OPMB	2	475	k141_23638_20	aminoglycoside	undefined	0.100618757	50.2	474	408	3.83e-139	1	NA
Tub.23-k141_63090_1-8..214	Tub.23	Probable	VATF	8	214	k141_63090_1	MLS	AAF63432|FEATURES|vatF|MLS|vatF	1	70.5	207	327	9.17e-116	1	NA
Tub.31-k141_173597_5-5..502	Tub.31	Potential	EMRB	5	502	k141_173597_5	diaminopyrimidine	undefined	0.487534986	53.1	499	511	3.25e-179	1	NA
Tub.31-k141_173597_5-5..502	Tub.31	Potential_loser	EMRB	5	502	k141_173597_5	antibacterial_free_fatty_acids	undefined	0.247390728	53.1	499	511	3.25e-179	1	NA
Tub.82-k141_164861_4-18..401	Tub.82	Probable	ROSA	18	401	k141_164861_4	fosmidomycin	YP_001401993|FEATURES|rosA|fosmidomycin|rosA	0.999150252	66.3	386	486	1.83e-172	1	NA
Tub.105-k141_101008_2-3..78	Tub.105	Probable	TRUNCATED_PUTATIVE_RESPONSE_REGULATOR_ARLR	3	78	k141_101008_2	unclassified	NC_002745.3251084.p01|FEATURES|truncated_putative_response_regulator_ArlR|unclassified|truncated_putative_response_regulator_ArlR	0.866185447	50	76	67.4	3.22e-15	1	NA
Tub.105-k141_101008_2-3..78	Tub.105	Potential_loser	TRUNCATED_PUTATIVE_RESPONSE_REGULATOR_ARLR	3	78	k141_101008_2	peptide	undefined	0.06876576	50	76	67.4	3.22e-15	1	NA
Tub.16-k141_679811_1-6..128	Tub.16	Probable	ARR-7	6	128	k141_679811_1	rifamycin	CAZ48628.1|FEATURES|arr-7|rifamycin|arr-7	0.99674423	56.9	123	163	8.52e-53	1	NA
Tub.10-k141_629536_2-1..471	Tub.10	Probable	RIFAMPIN_MONOOXYGENASE	1	471	k141_629536_2	rifamycin	gi:769934495:ref:WP_045068423.1:|FEATURES|rifampin_monooxygenase|rifamycin|rifampin_monooxygenase	0.999973576	67.5	471	649	2.98e-234	1	rifamycin antibiotic
Tub.16-k141_248_1-7..139	Tub.16	Potential	DFRA22	7	139	k141_248_1	peptide	undefined	0.326074843	54.1	133	137	1.71e-42	1	NA
Tub.16-k141_248_1-7..139	Tub.16	Potential_loser	DFRA22	7	139	k141_248_1	diaminopyrimidine	CAX16467|FEATURES|dfrA22|diaminopyrimidine|dfrA22	0.308185416	54.1	133	137	1.71e-42	1	NA
Tub.18-k141_629733_1-1..109	Tub.18	Potential	RBPA	1	109	k141_629733_1	peptide	undefined	0.250484028	52.3	109	107	1.93e-31	1	NA
Tub.18-k141_629733_1-1..109	Tub.18	Potential_loser	RBPA	1	109	k141_629733_1	multidrug	undefined	0.223384772	52.3	109	107	1.93e-31	1	NA
Tub.16-k141_882369_9-1..263	Tub.16	Probable	BACA	1	263	k141_882369_9	bacitracin	YP_002890644|FEATURES|bacA|bacitracin|bacA	0.976294181	54.8	263	282	4.29e-96	1	NA
Tub.58-k141_46040_1-20..330	Tub.58	Probable	MEXC	20	330	k141_46040_1	multidrug	NP_521874|FEATURES|mexC|multidrug|mexC	0.99005249	58.3	314	312	1.88e-105	1	NA
Tub.11-k141_65993_110-3..219	Tub.11	Probable	TRUNCATED_PUTATIVE_RESPONSE_REGULATOR_ARLR	3	219	k141_65993_110	unclassified	AE015929.1.gene1106.p01|FEATURES|truncated_putative_response_regulator_ArlR|unclassified|truncated_putative_response_regulator_ArlR	0.97699047	50	218	206	7.84e-68	1	NA
Tub.58-k141_421620_8-3..118	Tub.58	Potential	TRUNCATED_PUTATIVE_RESPONSE_REGULATOR_ARLR	3	118	k141_421620_8	unclassified	NC_002745.1124086.p01|FEATURES|truncated_putative_response_regulator_ArlR|unclassified|truncated_putative_response_regulator_ArlR	0.324323324	50.8	118	118	2.95e-34	1	NA
Tub.58-k141_421620_8-3..118	Tub.58	Potential_loser	TRUNCATED_PUTATIVE_RESPONSE_REGULATOR_ARLR	3	118	k141_421620_8	aminoglycoside	undefined	0.295456454	50.8	118	118	2.95e-34	1	NA
Tub.59-k141_665001_4-1..146	Tub.59	Probable	GOLS	1	146	k141_665001_4	multidrug	NP_459349.1|FEATURES|golS|multidrug|golS	0.995908747	50.7	146	137	2.10e-42	1	NA
Tub.85-k141_478974_2-1..130	Tub.85	Probable	GOLS	1	130	k141_478974_2	multidrug	NP_459349.1|FEATURES|golS|multidrug|golS	0.99429434	53.1	130	127	5.32e-39	1	NA
Tub.83-k141_83522_1-2..172	Tub.83	Potential	TRANSCRIPTIONAL_REGULATORY_PROTEIN_CPXR_CPXR	2	172	k141_83522_1	unclassified	CP001918.1.gene5135.p01|FEATURES|transcriptional_regulatory_protein_CpxR_cpxR|unclassified|transcriptional_regulatory_protein_CpxR_cpxR	0.448878377	50.6	172	163	9.66e-52	1	NA
Tub.83-k141_83522_1-2..172	Tub.83	Potential_loser	TRANSCRIPTIONAL_REGULATORY_PROTEIN_CPXR_CPXR	2	172	k141_83522_1	peptide	undefined	0.208339403	50.6	172	163	9.66e-52	1	NA
Tub.83-k141_411957_2-46..232	Tub.83	Potential	TRANSCRIPTIONAL_REGULATORY_PROTEIN_CPXR_CPXR	46	232	k141_411957_2	unclassified	CP000034.1.gene3834.p01|FEATURES|transcriptional_regulatory_protein_CpxR_cpxR|unclassified|transcriptional_regulatory_protein_CpxR_cpxR	0.44642306	50.3	187	173	2.62e-55	1	NA
Tub.83-k141_411957_2-46..232	Tub.83	Potential_loser	TRANSCRIPTIONAL_REGULATORY_PROTEIN_CPXR_CPXR	46	232	k141_411957_2	aminoglycoside	undefined	0.238660118	50.3	187	173	2.62e-55	1	NA
Tub.104-k141_407708_1-30..175	Tub.104	Probable	AAC(6')-I	30	175	k141_407708_1	aminoglycoside	AB164230.1.gene1.p01|FEATURES|aac(6')-I|aminoglycoside|aac(6')-I	0.999421132	51.6	157	151	7.38e-48	1	NA
Tub.31-k141_361509_19-1..282	Tub.31	Potential	BACA	1	282	k141_361509_19	peptide	undefined	0.27264386	53.4	283	259	4.33e-87	1	NA
Tub.31-k141_361509_19-1..282	Tub.31	Potential_loser	BACA	1	282	k141_361509_19	multidrug	undefined	0.224913277	53.4	283	259	4.33e-87	1	NA
Tub.105-k141_71116_2-12..181	Tub.105	Probable	AAC(2')-I	12	181	k141_71116_2	aminoglycoside	YP_001848841|FEATURES|aac(2')-I|aminoglycoside|aac(2')-I	0.999992396	54.1	170	195	1.36e-64	1	NA
Tub.11-k141_66362_1-1..388	Tub.11	Probable	UGD	1	388	k141_66362_1	peptide	AAC75089.1|FEATURES|ugd|peptide|ugd	0.915861636	61.9	388	476	8.47e-169	1	NA
Tub.105-k141_175486_11-1..663	Tub.105	Potential	OTRA	1	663	k141_175486_11	multidrug	undefined	0.353057426	51.7	677	608	2.54e-212	1	tetracycline antibiotic
Tub.105-k141_175486_11-1..663	Tub.105	Potential_loser	OTRA	1	663	k141_175486_11	aminoglycoside	undefined	0.200021203	51.7	677	608	2.54e-212	1	tetracycline antibiotic
Tub.11-k141_339549_1-1..143	Tub.11	Potential	DFRA3	1	143	k141_339549_1	peptide	undefined	0.299608396	50.3	143	145	1.01e-45	1	NA
Tub.11-k141_339549_1-1..143	Tub.11	Potential_loser	DFRA3	1	143	k141_339549_1	aminoglycoside	undefined	0.19051726	50.3	143	145	1.01e-45	1	NA
Tub.34-k141_177470_3-1..111	Tub.34	Potential	RBPA	1	111	k141_177470_3	peptide	undefined	0.256258094	52.2	113	113	7.24e-34	1	NA
Tub.34-k141_177470_3-1..111	Tub.34	Potential_loser	RBPA	1	111	k141_177470_3	multidrug	undefined	0.22508299	52.2	113	113	7.24e-34	1	NA
Tub.58-k141_112541_3-1..110	Tub.58	Potential	QACH	1	110	k141_112541_3	aminoglycoside	AAZ42322.1|FEATURES|qacH|fluoroquinolone|qacH	0.364174798	63.6	110	145	3.18e-47	1	disinfecting agents and antiseptics
Tub.58-k141_112541_3-1..110	Tub.58	Potential_loser	QACH	1	110	k141_112541_3	peptide	undefined	0.173958365	63.6	110	145	3.18e-47	1	disinfecting agents and antiseptics
Tub.18-k141_517164_2-1..106	Tub.18	Potential	RBPA	1	106	k141_517164_2	peptide	undefined	0.251641821	53.7	108	113	6.98e-34	1	NA
Tub.18-k141_517164_2-1..106	Tub.18	Potential_loser	RBPA	1	106	k141_517164_2	multidrug	undefined	0.22368361	53.7	108	113	6.98e-34	1	NA
Tub.30-k141_538221_3-2..151	Tub.30	Potential	TETC	2	151	k141_538221_3	aminoglycoside	undefined	0.374314617	52.3	151	143	3.13e-41	1	NA
Tub.30-k141_538221_3-2..151	Tub.30	Potential_loser	TETC	2	151	k141_538221_3	tetracycline	AY171578.gene.p01|FEATURES|tetC|tetracycline|tetC	0.231229011	52.3	151	143	3.13e-41	1	NA
Tub.26-k141_40217_2-5..228	Tub.26	Potential	MTRA	5	228	k141_40217_2	aminoglycoside	undefined	0.541890756	61.6	224	281	3.24e-97	1	NA
Tub.26-k141_40217_2-5..228	Tub.26	Potential_loser	MTRA	5	228	k141_40217_2	multidrug	CCP46065.1|FEATURES|mtrA|multidrug|mtrA	0.268445582	61.6	224	281	3.24e-97	1	NA
Tub.99-k141_225788_1-3..131	Tub.99	Probable	BLEO	3	131	k141_225788_1	glycopeptide	NC_002758.1119995.p01|FEATURES|bleO|glycopeptide|bleO	0.999992747	53	132	142	7.02e-45	1	NA
Tub.26-k141_57023_1-20..136	Tub.26	Potential	ADP-RIBOSYLATING_TRANSFERASE_ARR	20	136	k141_57023_1	multidrug	undefined	0.335500282	76.9	117	187	2.37e-63	1	NA
Tub.26-k141_57023_1-20..136	Tub.26	Potential_loser	ADP-RIBOSYLATING_TRANSFERASE_ARR	20	136	k141_57023_1	peptide	undefined	0.214461022	76.9	117	187	2.37e-63	1	NA
Tub.58-k141_358986_6-1..881	Tub.58	Potential	MUXB	1	881	k141_358986_6	multidrug	NP_251217.1|FEATURES|MuxB|multidrug|MuxB	0.718116144	58.3	885	915	0	1	NA
Tub.58-k141_358986_6-1..881	Tub.58	Potential_loser	MUXB	1	881	k141_358986_6	aminocoumarin	NP_251217.1|FEATURES|MuxB|multidrug|MuxB	0.27392606	58.3	885	915	0	1	NA
Tub.85-k141_137827_2-1..547	Tub.85	Probable	ROSB	1	547	k141_137827_2	fosmidomycin	gi:1001786599:ref:WP_061324791.1:|FEATURES|rosB|fosmidomycin|rosB	0.999884117	52.1	547	516	3.46e-179	1	NA
Tub.15-k141_286361_1-7..228	Tub.15	Potential	MTRA	7	228	k141_286361_1	aminoglycoside	undefined	0.571803866	78.4	222	349	3.78e-124	1	NA
Tub.15-k141_286361_1-7..228	Tub.15	Potential_loser	MTRA	7	228	k141_286361_1	multidrug	CCP46065.1|FEATURES|mtrA|multidrug|mtrA	0.264462779	78.4	222	349	3.78e-124	1	NA
Tub.51-k141_145978_2-16..329	Tub.51	Probable	TETA(48)	16	329	k141_145978_2	tetracycline	APB03214.1|FEATURES|tetA(48)|tetracycline|tetA(48)	0.996552145	51.4	315	295	1.56e-99	1	NA
Tub.4-k141_625232_2-1..118	Tub.4	Potential	TRUNCATED_PUTATIVE_RESPONSE_REGULATOR_ARLR	1	118	k141_625232_2	aminoglycoside	undefined	0.304253794	50.4	119	113	2.80e-33	1	NA
Tub.4-k141_625232_2-1..118	Tub.4	Potential_loser	TRUNCATED_PUTATIVE_RESPONSE_REGULATOR_ARLR	1	118	k141_625232_2	unclassified	NC_002745.1124086.p01|FEATURES|truncated_putative_response_regulator_ArlR|unclassified|truncated_putative_response_regulator_ArlR	0.292272926	50.4	119	113	2.80e-33	1	NA
Tub.10-k141_443124_2-6..78	Tub.10	Probable	TRUNCATED_PUTATIVE_RESPONSE_REGULATOR_ARLR	6	78	k141_443124_2	unclassified	NC_002745.3251084.p01|FEATURES|truncated_putative_response_regulator_ArlR|unclassified|truncated_putative_response_regulator_ArlR	0.868230741	52.1	73	71.6	9.11e-18	1	NA
Tub.10-k141_443124_2-6..78	Tub.10	Potential_loser	TRUNCATED_PUTATIVE_RESPONSE_REGULATOR_ARLR	6	78	k141_443124_2	peptide	undefined	0.067782205	52.1	73	71.6	9.11e-18	1	NA
Tub.31-k141_247816_1-1..162	Tub.31	Potential	DFRA3	1	162	k141_247816_1	peptide	undefined	0.300650896	52.5	162	167	4.53e-54	1	NA
Tub.31-k141_247816_1-1..162	Tub.31	Potential_loser	DFRA3	1	162	k141_247816_1	aminoglycoside	undefined	0.18938683	52.5	162	167	4.53e-54	1	NA
Tub.4-k141_809078_2-10..202	Tub.4	Probable	SMER	10	202	k141_809078_2	multidrug	AAD51348.1|FEATURES|smeR|multidrug|smeR	0.997590583	59.8	194	216	5.74e-72	1	NA
Tub.30-k141_740867_2-23..402	Tub.30	Probable	ROSA	23	402	k141_740867_2	fosmidomycin	YP_001477378|FEATURES|rosA|fosmidomycin|rosA	0.998547059	67.1	380	486	3.24e-172	1	NA
Tub.83-k141_922852_1-4..268	Tub.83	Potential	OLEC	4	268	k141_922852_1	tetracycline	undefined	0.873900447	53.7	270	269	1.88e-89	1	NA
Tub.83-k141_922852_1-4..268	Tub.83	Potential_loser	OLEC	4	268	k141_922852_1	MLS	AAA26793|FEATURES|oleC|MLS|oleC	0.071986886	53.7	270	269	1.88e-89	1	NA
Tub.10-k141_150321_2-5..308	Tub.10	Potential	OLEC	5	308	k141_150321_2	tetracycline	undefined	0.87226634	51.5	307	261	2.49e-86	1	NA
Tub.10-k141_150321_2-5..308	Tub.10	Potential_loser	OLEC	5	308	k141_150321_2	MLS	AAA26793|FEATURES|oleC|MLS|oleC	0.072059921	51.5	307	261	2.49e-86	1	NA
Tub.4-k141_1009701_2-1..146	Tub.4	Potential	DFRA3	1	146	k141_1009701_2	peptide	undefined	0.296674629	52.3	149	159	5.47e-51	1	NA
Tub.4-k141_1009701_2-1..146	Tub.4	Potential_loser	DFRA3	1	146	k141_1009701_2	aminoglycoside	undefined	0.19297167	52.3	149	159	5.47e-51	1	NA
Tub.34-k141_467144_1-23..315	Tub.34	Potential	OLEC	23	315	k141_467144_1	tetracycline	undefined	0.857311668	50.2	293	262	3.96e-87	1	NA
Tub.34-k141_467144_1-23..315	Tub.34	Potential_loser	OLEC	23	315	k141_467144_1	MLS	AAA26793|FEATURES|oleC|MLS|oleC	0.072436383	50.2	293	262	3.96e-87	1	NA
Tub.83-k141_127425_2-26..1153	Tub.83	Probable	RPOB2	26	1153	k141_127425_2	multidrug	BAD59497.1|FEATURES|rpoB2|multidrug|rpoB2	0.995364685	76.3	1137	1711	0	1	NA
Tub.104-k141_240621_2-47..341	Tub.104	Probable	TETA(48)	47	341	k141_240621_2	tetracycline	APB03214.1|FEATURES|tetA(48)|tetracycline|tetA(48)	0.831899009	52	298	272	9.10e-91	1	NA
Tub.104-k141_240621_2-47..341	Tub.104	Potential_loser	TETA(48)	47	341	k141_240621_2	aminoglycoside	undefined	0.126641655	52	298	272	9.10e-91	1	NA
Tub.99-k141_240684_1-4..109	Tub.99	Potential	RBPA	4	109	k141_240684_1	peptide	undefined	0.261372896	51.9	108	103	3.55e-30	1	NA
Tub.99-k141_240684_1-4..109	Tub.99	Potential_loser	RBPA	4	109	k141_240684_1	multidrug	undefined	0.22741791	51.9	108	103	3.55e-30	1	NA
Tub.82-k141_200715_20-7..1022	Tub.82	Potential	MDTC	7	1022	k141_200715_20	multidrug	NC_002695.1.916586.p01|FEATURES|mdtC|multidrug|mdtC	0.526600562	63.7	1021	1243	0	1	NA
Tub.82-k141_200715_20-7..1022	Tub.82	Potential_loser	MDTC	7	1022	k141_200715_20	aminocoumarin	NC_002695.1.916586.p01|FEATURES|mdtC|multidrug|mdtC	0.466834693	63.7	1021	1243	0	1	NA
Tub.4-k141_767707_1-4..583	Tub.4	Potential	OTRA	4	583	k141_767707_1	multidrug	undefined	0.353057426	51	596	517	7.69e-178	1	tetracycline antibiotic
Tub.4-k141_767707_1-4..583	Tub.4	Potential_loser	OTRA	4	583	k141_767707_1	aminoglycoside	undefined	0.200021203	51	596	517	7.69e-178	1	tetracycline antibiotic
Tub.82-k141_446917_3-3..118	Tub.82	Potential	TRUNCATED_PUTATIVE_RESPONSE_REGULATOR_ARLR	3	118	k141_446917_3	aminoglycoside	undefined	0.301946318	50.4	117	118	4.78e-35	1	NA
Tub.82-k141_446917_3-3..118	Tub.82	Potential_loser	TRUNCATED_PUTATIVE_RESPONSE_REGULATOR_ARLR	3	118	k141_446917_3	unclassified	NC_002745.1124086.p01|FEATURES|truncated_putative_response_regulator_ArlR|unclassified|truncated_putative_response_regulator_ArlR	0.301813414	50.4	117	118	4.78e-35	1	NA
Tub.82-k141_44300_4-28..1150	Tub.82	Probable	RPOB2	28	1150	k141_44300_4	multidrug	BAD59497.1|FEATURES|rpoB2|multidrug|rpoB2	0.982126129	58.4	1164	1260	0	1	NA
Tub.105-k141_424112_1-6..111	Tub.105	Potential	RBPA	6	111	k141_424112_1	peptide	undefined	0.25281374	50.5	107	106	3.61e-31	1	NA
Tub.105-k141_424112_1-6..111	Tub.105	Potential_loser	RBPA	6	111	k141_424112_1	multidrug	undefined	0.224010849	50.5	107	106	3.61e-31	1	NA
Tub.88-k141_390924_1-1..126	Tub.88	Probable	GOLS	1	126	k141_390924_1	multidrug	NP_459349.1|FEATURES|golS|multidrug|golS	0.995742992	54	126	135	3.58e-42	1	NA
Tub.64-k141_36551_10-3..1025	Tub.64	Probable	ACRB	3	1025	k141_36551_10	multidrug	gi:446414955:ref:WP_000492810.1:|FEATURES|acrB|multidrug|acrB	0.887695232	59.5	1035	1106	0	1	NA
Tub.64-k141_36551_10-3..1025	Tub.64	Potential_loser	ACRB	3	1025	k141_36551_10	aminoglycoside	undefined	0.079800528	59.5	1035	1106	0	1	NA
Tub.105-k141_193144_2-7..224	Tub.105	Potential	MTRA	7	224	k141_193144_2	aminoglycoside	undefined	0.448081181	51.1	223	209	1.34e-68	1	NA
Tub.105-k141_193144_2-7..224	Tub.105	Potential_loser	MTRA	7	224	k141_193144_2	multidrug	CCP46065.1|FEATURES|mtrA|multidrug|mtrA	0.275808562	51.1	223	209	1.34e-68	1	NA
Tub.85-k141_142853_2-1..912	Tub.85	Potential	ACRB	1	912	k141_142853_2	multidrug	ZP_02346647|FEATURES|acrB|multidrug|acrB	0.462779274	50.1	925	837	7.04e-293	1	NA
Tub.85-k141_142853_2-1..912	Tub.85	Potential_loser	ACRB	1	912	k141_142853_2	fluoroquinolone	undefined	0.11929272	50.1	925	837	7.04e-293	1	NA
Tub.83-k141_466295_1-1..160	Tub.83	Potential	DFRA3	1	160	k141_466295_1	peptide	undefined	0.298248617	50	160	167	4.77e-54	1	NA
Tub.83-k141_466295_1-1..160	Tub.83	Potential_loser	DFRA3	1	160	k141_466295_1	aminoglycoside	undefined	0.191764603	50	160	167	4.77e-54	1	NA
Tub.64-k141_348299_1-3..119	Tub.64	Probable	BRP(MBL)	3	119	k141_348299_1	glycopeptide	YP_007652797.1|FEATURES|BRP(MBL)|glycopeptide|BRP(MBL)	0.993726499	56.4	117	134	1.92e-42	1	NA
Tub.105-k141_160478_4-1..224	Tub.105	Potential	MTRA	1	224	k141_160478_4	aminoglycoside	undefined	0.450478589	50.2	229	211	2.90e-69	1	NA
Tub.105-k141_160478_4-1..224	Tub.105	Potential_loser	MTRA	1	224	k141_160478_4	multidrug	CCP46065.1|FEATURES|mtrA|multidrug|mtrA	0.275748001	50.2	229	211	2.90e-69	1	NA
Tub.58-k141_56615_2-4..226	Tub.58	Potential	MTRA	4	226	k141_56615_2	aminoglycoside	undefined	0.561371369	65.5	223	297	2.22e-103	1	NA
Tub.58-k141_56615_2-4..226	Tub.58	Potential_loser	MTRA	4	226	k141_56615_2	multidrug	CCP46065.1|FEATURES|mtrA|multidrug|mtrA	0.265866287	65.5	223	297	2.22e-103	1	NA
Tub.4-k141_427394_1-7..181	Tub.4	Probable	AAC(2')-I	7	181	k141_427394_1	aminoglycoside	YP_001848841|FEATURES|aac(2')-I|aminoglycoside|aac(2')-I	0.999967907	52.6	175	187	1.04e-61	1	NA
Tub.85-k141_777287_1-2..130	Tub.85	Probable	ADP-RIBOSYLATING_TRANSFERASE_ARR	2	130	k141_777287_1	rifamycin	AF001493.1.orf0.gene.p01|FEATURES|ADP-ribosylating_transferase_arr|rifamycin|ADP-ribosylating_transferase_arr	0.964763431	57.3	131	155	4.13e-50	1	NA
Tub.82-k141_363439_40-11..228	Tub.82	Probable	SMER	11	228	k141_363439_40	multidrug	AAD51348.1|FEATURES|smeR|multidrug|smeR	0.998582168	52	221	213	2.67e-70	1	NA
Tub.59-k141_603571_3-12..206	Tub.59	Probable	CAMP-REGULATORY_PROTEIN	12	206	k141_603571_3	unclassified	gi:490367208:ref:WP_004246872.1:|FEATURES|cAMP-regulatory_protein|unclassified|cAMP-regulatory_protein	0.994827562	55	200	225	3.28e-75	1	NA
Tub.104-k141_141547_1-19..219	Tub.104	Probable	VANR	19	219	k141_141547_1	glycopeptide	gi:944468330:ref:WP_055698749.1:|FEATURES|vanR|glycopeptide|vanR	0.999953525	53.2	201	207	1.94e-68	1	NA
Tub.13-k141_369128_5-4..182	Tub.13	Probable	KDPE	4	182	k141_369128_5	aminoglycoside	NP_415222.1|FEATURES|kdpE|aminoglycoside|kdpE	0.983656573	51.6	182	184	1.38e-59	1	NA
Tub.12-k141_356675_1-7..258	Tub.12	Probable	SUL2	7	258	k141_356675_1	sulfonamide	gi:916164813:ref:WP_050960181.1:|FEATURES|sul2|sulfonamide|sul2	0.980654298	60.5	253	288	8.94e-99	1	NA
Tub.18-k141_671027_13-4..223	Tub.18	Probable	KDPE	4	223	k141_671027_13	aminoglycoside	NP_415222.1|FEATURES|kdpE|aminoglycoside|kdpE	0.988194436	59.2	223	260	1.02e-88	1	NA
Tub.10-k141_271913_1-8..212	Tub.10	Potential	MTRA	8	212	k141_271913_1	aminoglycoside	undefined	0.564861604	74.6	209	310	5.40e-109	1	NA
Tub.10-k141_271913_1-8..212	Tub.10	Potential_loser	MTRA	8	212	k141_271913_1	multidrug	CCP46065.1|FEATURES|mtrA|multidrug|mtrA	0.265385332	74.6	209	310	5.40e-109	1	NA
Tub.18-k141_359446_4-4..226	Tub.18	Potential	MTRA	4	226	k141_359446_4	aminoglycoside	undefined	0.586913824	72.6	223	318	6.19e-112	1	NA
Tub.18-k141_359446_4-4..226	Tub.18	Potential_loser	MTRA	4	226	k141_359446_4	multidrug	CCP46065.1|FEATURES|mtrA|multidrug|mtrA	0.262040629	72.6	223	318	6.19e-112	1	NA
Tub.16-k141_929122_1-5..134	Tub.16	Probable	ARR-4	5	134	k141_929122_1	rifamycin	ABV26705.1|FEATURES|arr-4|rifamycin|arr-4	0.999756522	63.1	130	184	1.42e-61	1	NA
Tub.104-k141_388405_1-1..131	Tub.104	Probable	FOSX	1	131	k141_388405_1	fosfomycin	gi:1000358689:ref:WP_061106234.1:|FEATURES|fosX|fosfomycin|fosX	0.909873418	66.4	131	188	3.11e-63	1	NA
Tub.85-k141_63907_2-26..311	Tub.85	Potential	TLA-1	26	311	k141_63907_2	beta-lactam	AAD37403.1|FEATURES|TLA-1|beta-lactam|TLA-1	0.467969351	51.4	286	286	5.83e-97	1	NA
Tub.85-k141_63907_2-26..311	Tub.85	Potential_loser	TLA-1	26	311	k141_63907_2	aminoglycoside	undefined	0.237341265	51.4	286	286	5.83e-97	1	NA
Tub.58-k141_129893_2-6..118	Tub.58	Probable	EMRE	6	118	k141_129893_2	multidrug	NC_008702.1.4608023.p01|FEATURES|emrE|multidrug|emrE	0.994710134	77.9	113	168	4.72e-56	1	NA
Tub.51-k141_11354_1-14..317	Tub.51	Potential	ROSA	14	317	k141_11354_1	peptide	undefined	0.330359203	61.5	304	362	2.19e-125	1	NA
Tub.51-k141_11354_1-14..317	Tub.51	Potential_loser	ROSA	14	317	k141_11354_1	multidrug	undefined	0.187286588	61.5	304	362	2.19e-125	1	NA
Tub.31-k141_433937_5-33..300	Tub.31	Potential	THIN-B	33	300	k141_433937_5	aminoglycoside	undefined	0.231077387	50.2	269	259	1.15e-85	1	NA
Tub.31-k141_433937_5-33..300	Tub.31	Potential_loser	THIN-B	33	300	k141_433937_5	peptide	undefined	0.220786568	50.2	269	259	1.15e-85	1	NA
Tub.83-k141_483718_2-9..308	Tub.83	Probable	PMRF	9	308	k141_483718_2	peptide	AAC75314.1|FEATURES|PmrF|peptide|PmrF	0.923324141	51.3	300	307	1.71e-104	1	NA
Tub.94-k141_362184_3-1..310	Tub.94	Probable	TETA(48)	1	310	k141_362184_3	tetracycline	APB03214.1|FEATURES|tetA(48)|tetracycline|tetA(48)	0.996415533	53.7	315	311	5.69e-106	1	NA
Tub.59-k141_628023_3-23..405	Tub.59	Probable	ROSA	23	405	k141_628023_3	fosmidomycin	YP_001477378|FEATURES|rosA|fosmidomycin|rosA	0.998953508	62.6	385	468	1.94e-165	1	NA
Tub.85-k141_271547_4-3..118	Tub.85	Potential	TRUNCATED_PUTATIVE_RESPONSE_REGULATOR_ARLR	3	118	k141_271547_4	unclassified	NC_002745.1124086.p01|FEATURES|truncated_putative_response_regulator_ArlR|unclassified|truncated_putative_response_regulator_ArlR	0.310188653	50.4	117	119	9.32e-35	1	NA
Tub.85-k141_271547_4-3..118	Tub.85	Potential_loser	TRUNCATED_PUTATIVE_RESPONSE_REGULATOR_ARLR	3	118	k141_271547_4	aminoglycoside	undefined	0.299676302	50.4	117	119	9.32e-35	1	NA
Tub.51-k141_333568_2-19..357	Tub.51	Potential	EMRA	19	357	k141_333568_2	multidrug	gi:838616135:gb:KLW00339.1:|FEATURES|emrA|multidrug|emrA	0.328026131	50.1	339	283	2.58e-93	1	NA
Tub.51-k141_333568_2-19..357	Tub.51	Potential_loser	EMRA	19	357	k141_333568_2	peptide	undefined	0.172444025	50.1	339	283	2.58e-93	1	NA
Tub.59-k141_33315_2-5..226	Tub.59	Potential	TRANSCRIPTIONAL_REGULATORY_PROTEIN_CPXR_CPXR	5	226	k141_33315_2	unclassified	CP000675.2.gene1535.p01|FEATURES|transcriptional_regulatory_protein_CpxR_cpxR|unclassified|transcriptional_regulatory_protein_CpxR_cpxR	0.591232863	53.6	222	223	2.28e-74	1	NA
Tub.59-k141_33315_2-5..226	Tub.59	Potential_loser	TRANSCRIPTIONAL_REGULATORY_PROTEIN_CPXR_CPXR	5	226	k141_33315_2	peptide	undefined	0.099972662	53.6	222	223	2.28e-74	1	NA
Tub.105-k141_69301_1-6..139	Tub.105	Probable	ADP-RIBOSYLATING_TRANSFERASE_ARR	6	139	k141_69301_1	rifamycin	AF001493.1.orf0.gene.p01|FEATURES|ADP-ribosylating_transferase_arr|rifamycin|ADP-ribosylating_transferase_arr	0.999594068	76.9	134	221	3.14e-76	1	NA
Tub.31-k141_681018_3-3..120	Tub.31	Potential	TRUNCATED_PUTATIVE_RESPONSE_REGULATOR_ARLR	3	120	k141_681018_3	aminoglycoside	undefined	0.307999702	50.4	119	112	3.30e-32	1	NA
Tub.31-k141_681018_3-3..120	Tub.31	Potential_loser	TRUNCATED_PUTATIVE_RESPONSE_REGULATOR_ARLR	3	120	k141_681018_3	unclassified	NC_002745.1124086.p01|FEATURES|truncated_putative_response_regulator_ArlR|unclassified|truncated_putative_response_regulator_ArlR	0.272751001	50.4	119	112	3.30e-32	1	NA
Tub.85-k141_649813_5-1..275	Tub.85	Probable	BACA	1	275	k141_649813_5	bacitracin	YP_981592|FEATURES|bacA|bacitracin|bacA	0.995105905	88	275	472	4.99e-171	1	NA
Tub.64-k141_152370_2-5..81	Tub.64	Probable	TRUNCATED_PUTATIVE_RESPONSE_REGULATOR_ARLR	5	81	k141_152370_2	unclassified	NC_002745.3251084.p01|FEATURES|truncated_putative_response_regulator_ArlR|unclassified|truncated_putative_response_regulator_ArlR	0.907569824	54.5	77	82.8	1.82e-21	1	NA
Tub.34-k141_413165_1-5..222	Tub.34	Probable	KDPE	5	222	k141_413165_1	aminoglycoside	NP_415222.1|FEATURES|kdpE|aminoglycoside|kdpE	0.987866422	51.8	218	221	3.27e-73	1	NA
Tub.104-k141_153609_1-27..174	Tub.104	Probable	AAC(6')-I	27	174	k141_153609_1	aminoglycoside	AB164230.1.gene1.p01|FEATURES|aac(6')-I|aminoglycoside|aac(6')-I	0.999666995	54.8	155	171	9.22e-56	1	NA
Tub.59-k141_737488_1-4..105	Tub.59	Potential	MEPA	4	105	k141_737488_1	multidrug	HE999704.1.gene1125.p01|FEATURES|mepA|multidrug|mepA	0.605451427	51.4	107	99.8	4.25e-27	1	NA
Tub.59-k141_737488_1-4..105	Tub.59	Potential_loser	MEPA	4	105	k141_737488_1	aminoglycoside	undefined	0.167827124	51.4	107	99.8	4.25e-27	1	NA
Tub.83-k141_255985_2-3..119	Tub.83	Potential	TRUNCATED_PUTATIVE_RESPONSE_REGULATOR_ARLR	3	119	k141_255985_2	unclassified	NC_002745.1124086.p01|FEATURES|truncated_putative_response_regulator_ArlR|unclassified|truncated_putative_response_regulator_ArlR	0.330899751	51.7	118	124	1.17e-36	1	NA
Tub.83-k141_255985_2-3..119	Tub.83	Potential_loser	TRUNCATED_PUTATIVE_RESPONSE_REGULATOR_ARLR	3	119	k141_255985_2	aminoglycoside	undefined	0.293464659	51.7	118	124	1.17e-36	1	NA
Tub.10-k141_494482_1-9..181	Tub.10	Probable	AAC(2')-I	9	181	k141_494482_1	aminoglycoside	YP_001848841|FEATURES|aac(2')-I|aminoglycoside|aac(2')-I	0.999998364	54.3	173	198	1.21e-65	1	NA
Tub.11-k141_256608_2-7..78	Tub.11	Probable	TRUNCATED_PUTATIVE_RESPONSE_REGULATOR_ARLR	7	78	k141_256608_2	unclassified	NC_002745.3251084.p01|FEATURES|truncated_putative_response_regulator_ArlR|unclassified|truncated_putative_response_regulator_ArlR	0.861684952	50.7	73	74.7	3.37e-19	1	NA
Tub.11-k141_256608_2-7..78	Tub.11	Potential_loser	TRUNCATED_PUTATIVE_RESPONSE_REGULATOR_ARLR	7	78	k141_256608_2	peptide	undefined	0.070923664	50.7	73	74.7	3.37e-19	1	NA
Tub.104-k141_587265_3-1..109	Tub.104	Potential	RBPA	1	109	k141_587265_3	peptide	undefined	0.25866783	60.9	110	133	3.13e-42	1	NA
Tub.104-k141_587265_3-1..109	Tub.104	Potential_loser	RBPA	1	109	k141_587265_3	multidrug	undefined	0.225451975	60.9	110	133	3.13e-42	1	NA
Tub.105-k141_195391_2-7..224	Tub.105	Potential	MTRA	7	224	k141_195391_2	aminoglycoside	undefined	0.450478589	50.7	223	211	3.59e-69	1	NA
Tub.105-k141_195391_2-7..224	Tub.105	Potential_loser	MTRA	7	224	k141_195391_2	multidrug	CCP46065.1|FEATURES|mtrA|multidrug|mtrA	0.275748001	50.7	223	211	3.59e-69	1	NA
Tub.16-k141_614149_8-1..263	Tub.16	Potential	BACA	1	263	k141_614149_8	bacitracin	YP_932216|FEATURES|bacA|bacitracin|bacA	0.707402206	55.5	263	273	1.67e-92	1	NA
Tub.16-k141_614149_8-1..263	Tub.16	Potential_loser	BACA	1	263	k141_614149_8	multidrug	undefined	0.148061692	55.5	263	273	1.67e-92	1	NA
Tub.105-k141_51783_7-8..181	Tub.105	Probable	AAC(2')-I	8	181	k141_51783_7	aminoglycoside	YP_001848841|FEATURES|aac(2')-I|aminoglycoside|aac(2')-I	0.999949415	55.2	174	196	6.75e-65	1	NA
Tub.51-k141_339316_3-26..286	Tub.51	Potential	OXY	26	286	k141_339316_3	multidrug	undefined	0.362922882	50.4	262	257	2.41e-85	1	NA
Tub.51-k141_339316_3-26..286	Tub.51	Potential_loser	OXY	26	286	k141_339316_3	beta-lactam	FJ785625.1.gene1.p01|FEATURES|OXY-2|beta-lactam|OXY	0.327954203	50.4	262	257	2.41e-85	1	NA
Tub.58-k141_483924_2-10..261	Tub.58	Potential	BACA	10	261	k141_483924_2	multidrug	undefined	0.262788668	50.2	255	222	1.79e-72	1	NA
Tub.58-k141_483924_2-10..261	Tub.58	Potential_loser	BACA	10	261	k141_483924_2	aminoglycoside	undefined	0.231720876	50.2	255	222	1.79e-72	1	NA
Tub.85-k141_109355_1-4..118	Tub.85	Potential	TRUNCATED_PUTATIVE_RESPONSE_REGULATOR_ARLR	4	118	k141_109355_1	aminoglycoside	undefined	0.302107694	51.3	119	116	4.01e-33	1	NA
Tub.85-k141_109355_1-4..118	Tub.85	Potential_loser	TRUNCATED_PUTATIVE_RESPONSE_REGULATOR_ARLR	4	118	k141_109355_1	unclassified	NC_002745.1124086.p01|FEATURES|truncated_putative_response_regulator_ArlR|unclassified|truncated_putative_response_regulator_ArlR	0.30117772	51.3	119	116	4.01e-33	1	NA
Tub.58-k141_28955_1-35..158	Tub.58	Potential	DFRA3	35	158	k141_28955_1	peptide	undefined	0.285350016	50	130	117	7.33e-35	1	NA
Tub.58-k141_28955_1-35..158	Tub.58	Potential_loser	DFRA3	35	158	k141_28955_1	aminoglycoside	undefined	0.199865544	50	130	117	7.33e-35	1	NA
Tub.85-k141_54899_3-15..404	Tub.85	Probable	ROSA	15	404	k141_54899_3	fosmidomycin	ZP_04621517|FEATURES|rosA|fosmidomycin|rosA	0.99866528	58.9	392	454	7.96e-160	1	NA
Tub.104-k141_168496_1-4..187	Tub.104	Potential	MTRA	4	187	k141_168496_1	aminoglycoside	undefined	0.498589083	72.3	184	273	1.64e-94	1	NA
Tub.104-k141_168496_1-4..187	Tub.104	Potential_loser	MTRA	4	187	k141_168496_1	multidrug	CCP46065.1|FEATURES|mtrA|multidrug|mtrA	0.272802492	72.3	184	273	1.64e-94	1	NA
Tub.1-k141_148758_2-1..126	Tub.1	Probable	GOLS	1	126	k141_148758_2	multidrug	NP_459349.1|FEATURES|golS|multidrug|golS	0.99514824	55.6	126	139	3.54e-43	1	NA
Tub.23-k141_46053_5-20..401	Tub.23	Probable	ROSA	20	401	k141_46053_5	fosmidomycin	YP_001605796|FEATURES|rosA|fosmidomycin|rosA	0.99922615	66.1	384	481	3.61e-170	1	NA
Tub.94-k141_18976_3-27..292	Tub.94	Potential	AIM-1	27	292	k141_18976_3	peptide	undefined	0.262953378	53	266	299	2.72e-102	1	NA
Tub.94-k141_18976_3-27..292	Tub.94	Potential_loser	AIM-1	27	292	k141_18976_3	aminoglycoside	undefined	0.226078247	53	266	299	2.72e-102	1	NA
Tub.31-k141_95787_1-1..117	Tub.31	Potential	TRUNCATED_PUTATIVE_RESPONSE_REGULATOR_ARLR	1	117	k141_95787_1	aminoglycoside	undefined	0.304933075	50.4	117	118	5.86e-36	1	NA
Tub.31-k141_95787_1-1..117	Tub.31	Potential_loser	TRUNCATED_PUTATIVE_RESPONSE_REGULATOR_ARLR	1	117	k141_95787_1	unclassified	NC_002745.1124086.p01|FEATURES|truncated_putative_response_regulator_ArlR|unclassified|truncated_putative_response_regulator_ArlR	0.289229712	50.4	117	118	5.86e-36	1	NA
Tub.51-k141_337939_1-3..836	Tub.51	Potential	SMEE	3	836	k141_337939_1	peptide	undefined	0.448999423	51.4	837	770	9.75e-268	1	NA
Tub.51-k141_337939_1-3..836	Tub.51	Potential_loser	SMEE	3	836	k141_337939_1	aminoglycoside	undefined	0.190905279	51.4	837	770	9.75e-268	1	NA
Tub.31-k141_83562_1-1..233	Tub.31	Potential	BACA	1	233	k141_83562_1	peptide	undefined	0.267960885	50.6	235	204	2.41e-66	1	NA
Tub.31-k141_83562_1-1..233	Tub.31	Potential_loser	BACA	1	233	k141_83562_1	multidrug	undefined	0.223467871	50.6	235	204	2.41e-66	1	NA
Tub.16-k141_461660_1-2..118	Tub.16	Potential	TRUNCATED_PUTATIVE_RESPONSE_REGULATOR_ARLR	2	118	k141_461660_1	unclassified	NC_002745.1124086.p01|FEATURES|truncated_putative_response_regulator_ArlR|unclassified|truncated_putative_response_regulator_ArlR	0.312242586	50.8	118	116	1.37e-34	1	NA
Tub.16-k141_461660_1-2..118	Tub.16	Potential_loser	TRUNCATED_PUTATIVE_RESPONSE_REGULATOR_ARLR	2	118	k141_461660_1	aminoglycoside	undefined	0.299095153	50.8	118	116	1.37e-34	1	NA
Tub.4-k141_620348_2-9..142	Tub.4	Probable	AAC(6')-I	9	142	k141_620348_2	aminoglycoside	X55353.1.gene1.p01|FEATURES|aac(6')-I|aminoglycoside|aac(6')-I	0.988971004	51.5	134	147	7.88e-47	1	NA
Tub.85-k141_80009_2-2..228	Tub.85	Probable	TRANSCRIPTIONAL_REGULATORY_PROTEIN_CPXR_CPXR	2	228	k141_80009_2	unclassified	CP000034.1.gene3834.p01|FEATURES|transcriptional_regulatory_protein_CpxR_cpxR|unclassified|transcriptional_regulatory_protein_CpxR_cpxR	0.844348342	50	230	210	6.60e-69	1	NA
Tub.85-k141_80009_2-2..228	Tub.85	Potential_loser	TRANSCRIPTIONAL_REGULATORY_PROTEIN_CPXR_CPXR	2	228	k141_80009_2	peptide	undefined	0.044515098	50	230	210	6.60e-69	1	NA
Tub.26-k141_218398_6-1..124	Tub.26	Potential	MVAT	1	124	k141_218398_6	peptide	undefined	0.333774996	77	126	181	8.65e-61	1	NA
Tub.26-k141_218398_6-1..124	Tub.26	Potential_loser	MVAT	1	124	k141_218398_6	multidrug	NP_253005.1|FEATURES|MvaT|multidrug|MvaT	0.117036381	77	126	181	8.65e-61	1	NA
Tub.51-k141_309145_2-1..1040	Tub.51	Potential	MUXB	1	1040	k141_309145_2	multidrug	NP_251217.1|FEATURES|MuxB|multidrug|MuxB	0.540808229	69.1	1040	1311	0	1	NA
Tub.51-k141_309145_2-1..1040	Tub.51	Potential_loser	MUXB	1	1040	k141_309145_2	aminocoumarin	undefined	0.453543677	69.1	1040	1311	0	1	NA
Tub.105-k141_356138_2-36..181	Tub.105	Probable	AAC(2')-I	36	181	k141_356138_2	aminoglycoside	YP_001848841|FEATURES|aac(2')-I|aminoglycoside|aac(2')-I	0.997762086	54.4	147	166	1.50e-53	1	NA
Tub.34-k141_166312_2-18..196	Tub.34	Potential	COB(I)ALAMIN_ADENOLSYLTRANSFERASE	18	196	k141_166312_2	peptide	undefined	0.226768262	50.3	181	169	6.99e-54	1	NA
Tub.34-k141_166312_2-18..196	Tub.34	Potential_loser	COB(I)ALAMIN_ADENOLSYLTRANSFERASE	18	196	k141_166312_2	multidrug	undefined	0.178302512	50.3	181	169	6.99e-54	1	NA
Tub.105-k141_324945_3-26..1153	Tub.105	Probable	RPOB2	26	1153	k141_324945_3	multidrug	BAD59497.1|FEATURES|rpoB2|multidrug|rpoB2	0.99500014	74.7	1137	1680	0	1	NA
Tub.99-k141_210458_1-3..122	Tub.99	Potential	TRUNCATED_PUTATIVE_RESPONSE_REGULATOR_ARLR	3	122	k141_210458_1	unclassified	NC_002745.1124086.p01|FEATURES|truncated_putative_response_regulator_ArlR|unclassified|truncated_putative_response_regulator_ArlR	0.342964907	51.2	121	132	4.89e-40	1	NA
Tub.99-k141_210458_1-3..122	Tub.99	Potential_loser	TRUNCATED_PUTATIVE_RESPONSE_REGULATOR_ARLR	3	122	k141_210458_1	aminoglycoside	undefined	0.289478615	51.2	121	132	4.89e-40	1	NA
Tub.15-k141_76556_1-5..78	Tub.15	Probable	TRUNCATED_PUTATIVE_RESPONSE_REGULATOR_ARLR	5	78	k141_76556_1	unclassified	NC_002745.3251084.p01|FEATURES|truncated_putative_response_regulator_ArlR|unclassified|truncated_putative_response_regulator_ArlR	0.875607228	51.4	74	76.3	6.22e-20	1	NA
Tub.15-k141_76556_1-5..78	Tub.15	Potential_loser	TRUNCATED_PUTATIVE_RESPONSE_REGULATOR_ARLR	5	78	k141_76556_1	peptide	undefined	0.064213459	51.4	74	76.3	6.22e-20	1	NA
Tub.16-k141_995383_1-3..123	Tub.16	Potential	TRUNCATED_PUTATIVE_RESPONSE_REGULATOR_ARLR	3	123	k141_995383_1	unclassified	NC_002745.1124086.p01|FEATURES|truncated_putative_response_regulator_ArlR|unclassified|truncated_putative_response_regulator_ArlR	0.318440064	51.6	122	118	1.40e-35	1	NA
Tub.16-k141_995383_1-3..123	Tub.16	Potential_loser	TRUNCATED_PUTATIVE_RESPONSE_REGULATOR_ARLR	3	123	k141_995383_1	aminoglycoside	undefined	0.297283003	51.6	122	118	1.40e-35	1	NA
Tub.12-k141_537061_3-1..126	Tub.12	Probable	GOLS	1	126	k141_537061_3	multidrug	NP_459349.1|FEATURES|golS|multidrug|golS	0.997070755	56.3	126	147	3.63e-46	1	NA
Tub.58-k141_374473_2-15..404	Tub.58	Probable	ROSA	15	404	k141_374473_2	fosmidomycin	ZP_04621517|FEATURES|rosA|fosmidomycin|rosA	0.998199013	59.2	392	460	4.21e-162	1	NA
Tub.82-k141_252233_5-8..245	Tub.82	Probable	OMPR	8	245	k141_252233_5	multidrug	gi:909830386:gb:AKU13184.1:|FEATURES|ompR|multidrug|ompR	0.996517979	66	238	305	8.36e-106	1	NA
Tub.31-k141_581971_2-18..342	Tub.31	Probable	ROSA	18	342	k141_581971_2	fosmidomycin	YP_001605796|FEATURES|rosA|fosmidomycin|rosA	0.995842167	62.4	327	377	2.57e-130	1	NA
Tub.82-k141_258225_1-3..115	Tub.82	Probable	BRP(MBL)	3	115	k141_258225_1	glycopeptide	YP_007652797.1|FEATURES|BRP(MBL)|glycopeptide|BRP(MBL)	0.993726499	60.2	113	144	2.90e-46	1	NA
Tub.58-k141_268071_2-1..98	Tub.58	Potential	RBPA	1	98	k141_268071_2	peptide	undefined	0.257722307	54.1	98	104	6.06e-31	1	NA
Tub.58-k141_268071_2-1..98	Tub.58	Potential_loser	RBPA	1	98	k141_268071_2	multidrug	undefined	0.225308195	54.1	98	104	6.06e-31	1	NA
Tub.82-k141_254122_5-1..217	Tub.82	Probable	VANR	1	217	k141_254122_5	glycopeptide	gi:944468330:ref:WP_055698749.1:|FEATURES|vanR|glycopeptide|vanR	0.999977315	54.4	217	224	1.11e-74	1	NA
Tub.104-k141_493554_2-5..228	Tub.104	Potential	MTRA	5	228	k141_493554_2	aminoglycoside	undefined	0.544926638	71.9	224	322	4.39e-113	1	NA
Tub.104-k141_493554_2-5..228	Tub.104	Potential_loser	MTRA	5	228	k141_493554_2	multidrug	CCP46065.1|FEATURES|mtrA|multidrug|mtrA	0.268063175	71.9	224	322	4.39e-113	1	NA
Tub.105-k141_254765_7-22..176	Tub.105	Probable	AAC(6')-I	22	176	k141_254765_7	aminoglycoside	AB164230.1.gene1.p01|FEATURES|aac(6')-I|aminoglycoside|aac(6')-I	0.98456807	51.5	167	160	6.63e-51	1	NA
Tub.1-k141_11223_1-1..98	Tub.1	Potential	ABES	1	98	k141_11223_1	aminoglycoside	NC_010410.6003348.p01|FEATURES|abeS|multidrug|abeS	0.384515291	55.1	98	99.4	9.76e-29	1	NA
Tub.1-k141_11223_1-1..98	Tub.1	Potential_loser	ABES	1	98	k141_11223_1	peptide	undefined	0.284413719	55.1	98	99.4	9.76e-29	1	NA
Tub.58-k141_206713_1-52..338	Tub.58	Probable	ACRA	52	338	k141_206713_1	multidrug	gi:500615129:gb:EOQ55695.1:|FEATURES|acrA|multidrug|acrA	0.831179974	50.5	289	253	1.29e-82	1	NA
Tub.58-k141_206713_1-52..338	Tub.58	Potential_loser	ACRA	52	338	k141_206713_1	aminoglycoside	undefined	0.102527713	50.5	289	253	1.29e-82	1	NA
Tub.59-k141_509982_1-10..378	Tub.59	Probable	ROSA	10	378	k141_509982_1	fosmidomycin	YP_001477378|FEATURES|rosA|fosmidomycin|rosA	0.999030227	69.4	369	479	1.09e-169	1	NA
Tub.11-k141_334468_2-10..403	Tub.11	Probable	ROSA	10	403	k141_334468_2	fosmidomycin	YP_001477378|FEATURES|rosA|fosmidomycin|rosA	0.999271129	63.7	397	477	2.28e-168	1	NA
Tub.82-k141_372287_1-15..215	Tub.82	Probable	VATF	15	215	k141_372287_1	MLS	AAF63432|FEATURES|vatF|MLS|vatF	0.999999485	51	202	213	1.15e-70	1	NA
Tub.31-k141_584134_384-9..210	Tub.31	Probable	CAMP-REGULATORY_PROTEIN	9	210	k141_584134_384	unclassified	gi:912988429:ref:WP_050336136.1:|FEATURES|cAMP-regulatory_protein|unclassified|cAMP-regulatory_protein	0.994062975	51.4	208	219	7.56e-73	1	NA
Tub.18-k141_478208_2-22..320	Tub.18	Probable	TETA(48)	22	320	k141_478208_2	tetracycline	APB03214.1|FEATURES|tetA(48)|tetracycline|tetA(48)	0.880571075	51.7	302	281	3.68e-94	1	NA
Tub.18-k141_478208_2-22..320	Tub.18	Potential_loser	TETA(48)	22	320	k141_478208_2	aminoglycoside	undefined	0.092651552	51.7	302	281	3.68e-94	1	NA
Tub.18-k141_741167_2-8..174	Tub.18	Probable	AAC(6')-31	8	174	k141_741167_2	aminoglycoside	gi:950181216:ref:WP_057228652.1:|FEATURES|aac(6')-31|aminoglycoside|aac(6')-31	0.999997895	52.1	167	194	5.98e-64	1	NA
Tub.18-k141_392761_2-15..520	Tub.18	Probable	EMRB-QACA_FAMILY_MAJOR_FACILITATOR_TRANSPORTER	15	520	k141_392761_2	multidrug	EU408347.1.gene6.p01|FEATURES|EmrB-QacA_family_major_facilitator_transporter|multidrug|EmrB-QacA_family_major_facilitator_transporter	0.994298115	59.7	506	619	8.66e-221	1	NA
Tub.18-k141_665869_2-28..322	Tub.18	Probable	TETA(48)	28	322	k141_665869_2	tetracycline	APB03214.1|FEATURES|tetA(48)|tetracycline|tetA(48)	0.996641262	53.4	298	295	1.60e-99	1	NA
Tub.59-k141_222065_4-13..463	Tub.59	Potential	OPRM	13	463	k141_222065_4	multidrug	NC_008702.1.4607681.p01|FEATURES|oprM|multidrug|oprM	0.503168914	50.7	456	356	3.78e-119	1	NA
Tub.59-k141_222065_4-13..463	Tub.59	Potential_loser	OPRM	13	463	k141_222065_4	aminoglycoside	undefined	0.205765944	50.7	456	356	3.78e-119	1	NA
Tub.99-k141_186332_1-5..226	Tub.99	Potential	MTRA	5	226	k141_186332_1	aminoglycoside	undefined	0.591164137	72.1	222	323	3.33e-113	1	NA
Tub.99-k141_186332_1-5..226	Tub.99	Potential_loser	MTRA	5	226	k141_186332_1	multidrug	CCP46065.1|FEATURES|mtrA|multidrug|mtrA	0.261294015	72.1	222	323	3.33e-113	1	NA
Tub.12-k141_506750_3-11..501	Tub.12	Potential	EMRB	11	501	k141_506750_3	peptide	undefined	0.343793451	50.8	492	485	1.13e-168	1	NA
Tub.12-k141_506750_3-11..501	Tub.12	Potential_loser	EMRB	11	501	k141_506750_3	diaminopyrimidine	undefined	0.275207142	50.8	492	485	1.13e-168	1	NA